2026-08-28 05:35:36.421 Uvicorn server started on 127.0.0.1:8501

  You can now view your Streamlit app in your browser.

  URL: http://127.0.0.1:8501

2026-08-28 05:36:01.630 Rejecting WebSocket connection with disallowed Origin or Host header: origin=https://8501-gpu-t4-s-kkb-usw1b1-1a03ljxsekluj-b.us-west1-1.prod.colab.dev, host=gpu-t4-s-kkb-usw1b1-1a03ljxsekluj.us-west1-b.c.codatalab-user-runtimes.internal:8007
2026-08-28 05:36:02.844 Rejecting WebSocket connection with disallowed Origin or Host header: origin=https://8501-gpu-t4-s-kkb-usw1b1-1a03ljxsekluj-b.us-west1-1.prod.colab.dev, host=gpu-t4-s-kkb-usw1b1-1a03ljxsekluj.us-west1-b.c.codatalab-user-runtimes.internal:8007
2026-08-28 05:36:04.851 Rejecting WebSocket connection with disallowed Origin or Host header: origin=https://8501-gpu-t4-s-kkb-usw1b1-1a03ljxsekluj-b.us-west1-1.prod.colab.dev, host=gpu-t4-s-kkb-usw1b1-1a03ljxsekluj.us-west1-b.c.codatalab-user-runtimes.internal:8007
2026-08-28 05:36:06.806 Rejecting WebSocket connection with disallowed Origin or Host header: origin=https://8501-gpu-t4-s-kkb-usw1b1-1a03ljxsekluj-b.us-west1-1.prod.colab.dev, host=gpu-t4-s-kkb-usw1b1-1a03ljxsekluj.us-west1-b.c.codatalab-user-runtimes.internal:8007
2026-08-28 05:36:09.879 Rejecting WebSocket connection with disallowed Origin or Host header: origin=https://8501-gpu-t4-s-kkb-usw1b1-1a03ljxsekluj-b.us-west1-1.prod.colab.dev, host=gpu-t4-s-kkb-usw1b1-1a03ljxsekluj.us-west1-b.c.codatalab-user-runtimes.internal:8007
2026-08-28 05:36:13.879 Rejecting WebSocket connection with disallowed Origin or Host header: origin=https://8501-gpu-t4-s-kkb-usw1b1-1a03ljxsekluj-b.us-west1-1.prod.colab.dev, host=gpu-t4-s-kkb-usw1b1-1a03ljxsekluj.us-west1-b.c.codatalab-user-runtimes.internal:8007
2026-08-28 05:36:24.990 Rejecting WebSocket connection with disallowed Origin or Host header: origin=https://8501-gpu-t4-s-kkb-usw1b1-1a03ljxsekluj-b.us-west1-1.prod.colab.dev, host=gpu-t4-s-kkb-usw1b1-1a03ljxsekluj.us-west1-b.c.codatalab-user-runtimes.internal:8007
2026-08-28 05:36:30.019 Rejecting WebSocket connection with disallowed Origin or Host header: origin=https://8501-gpu-t4-s-kkb-usw1b1-1a03ljxsekluj-b.us-west1-1.prod.colab.dev, host=gpu-t4-s-kkb-usw1b1-1a03ljxsekluj.us-west1-b.c.codatalab-user-runtimes.internal:8007
2026-08-28 05:36:33.882 Rejecting WebSocket connection with disallowed Origin or Host header: origin=https://8501-gpu-t4-s-kkb-usw1b1-1a03ljxsekluj-b.us-west1-1.prod.colab.dev, host=gpu-t4-s-kkb-usw1b1-1a03ljxsekluj.us-west1-b.c.codatalab-user-runtimes.internal:8007
2026-08-28 05:36:38.376 Rejecting WebSocket connection with disallowed Origin or Host header: origin=https://8501-gpu-t4-s-kkb-usw1b1-1a03ljxsekluj-b.us-west1-1.prod.colab.dev, host=gpu-t4-s-kkb-usw1b1-1a03ljxsekluj.us-west1-b.c.codatalab-user-runtimes.internal:8007
2026-08-28 05:36:42.327 Rejecting WebSocket connection with disallowed Origin or Host header: origin=https://8501-gpu-t4-s-kkb-usw1b1-1a03ljxsekluj-b.us-west1-1.prod.colab.dev, host=gpu-t4-s-kkb-usw1b1-1a03ljxsekluj.us-west1-b.c.codatalab-user-runtimes.internal:8007
2026-08-28 05:36:47.146 Rejecting WebSocket connection with disallowed Origin or Host header: origin=https://8501-gpu-t4-s-kkb-usw1b1-1a03ljxsekluj-b.us-west1-1.prod.colab.dev, host=gpu-t4-s-kkb-usw1b1-1a03ljxsekluj.us-west1-b.c.codatalab-user-runtimes.internal:8007
2026-08-28 05:36:51.800 Rejecting WebSocket connection with disallowed Origin or Host header: origin=https://8501-gpu-t4-s-kkb-usw1b1-1a03ljxsekluj-b.us-west1-1.prod.colab.dev, host=gpu-t4-s-kkb-usw1b1-1a03ljxsekluj.us-west1-b.c.codatalab-user-runtimes.internal:8007
2026-08-28 05:36:54.842 Rejecting WebSocket connection with disallowed Origin or Host header: origin=https://8501-gpu-t4-s-kkb-usw1b1-1a03ljxsekluj-b.us-west1-1.prod.colab.dev, host=gpu-t4-s-kkb-usw1b1-1a03ljxsekluj.us-west1-b.c.codatalab-user-runtimes.internal:8007
2026-08-28 05:36:57.835 Rejecting WebSocket connection with disallowed Origin or Host header: origin=https://8501-gpu-t4-s-kkb-usw1b1-1a03ljxsekluj-b.us-west1-1.prod.colab.dev, host=gpu-t4-s-kkb-usw1b1-1a03ljxsekluj.us-west1-b.c.codatalab-user-runtimes.internal:8007
2026-08-28 05:37:03.344 Rejecting WebSocket connection with disallowed Origin or Host header: origin=https://8501-gpu-t4-s-kkb-usw1b1-1a03ljxsekluj-b.us-west1-1.prod.colab.dev, host=gpu-t4-s-kkb-usw1b1-1a03ljxsekluj.us-west1-b.c.codatalab-user-runtimes.internal:8007
2026-08-28 05:37:07.846 Rejecting WebSocket connection with disallowed Origin or Host header: origin=https://8501-gpu-t4-s-kkb-usw1b1-1a03ljxsekluj-b.us-west1-1.prod.colab.dev, host=gpu-t4-s-kkb-usw1b1-1a03ljxsekluj.us-west1-b.c.codatalab-user-runtimes.internal:8007
2026-08-28 05:37:13.271 Rejecting WebSocket connection with disallowed Origin or Host header: origin=https://8501-gpu-t4-s-kkb-usw1b1-1a03ljxsekluj-b.us-west1-1.prod.colab.dev, host=gpu-t4-s-kkb-usw1b1-1a03ljxsekluj.us-west1-b.c.codatalab-user-runtimes.internal:8007
2026-08-28 05:37:18.275 Rejecting WebSocket connection with disallowed Origin or Host header: origin=https://8501-gpu-t4-s-kkb-usw1b1-1a03ljxsekluj-b.us-west1-1.prod.colab.dev, host=gpu-t4-s-kkb-usw1b1-1a03ljxsekluj.us-west1-b.c.codatalab-user-runtimes.internal:8007
2026-08-28 05:37:22.894 Rejecting WebSocket connection with disallowed Origin or Host header: origin=https://8501-gpu-t4-s-kkb-usw1b1-1a03ljxsekluj-b.us-west1-1.prod.colab.dev, host=gpu-t4-s-kkb-usw1b1-1a03ljxsekluj.us-west1-b.c.codatalab-user-runtimes.internal:8007
2026-08-28 05:37:28.322 Rejecting WebSocket connection with disallowed Origin or Host header: origin=https://8501-gpu-t4-s-kkb-usw1b1-1a03ljxsekluj-b.us-west1-1.prod.colab.dev, host=gpu-t4-s-kkb-usw1b1-1a03ljxsekluj.us-west1-b.c.codatalab-user-runtimes.internal:8007
2026-08-28 05:37:31.852 Rejecting WebSocket connection with disallowed Origin or Host header: origin=https://8501-gpu-t4-s-kkb-usw1b1-1a03ljxsekluj-b.us-west1-1.prod.colab.dev, host=gpu-t4-s-kkb-usw1b1-1a03ljxsekluj.us-west1-b.c.codatalab-user-runtimes.internal:8007
2026-08-28 05:37:35.878 Rejecting WebSocket connection with disallowed Origin or Host header: origin=https://8501-gpu-t4-s-kkb-usw1b1-1a03ljxsekluj-b.us-west1-1.prod.colab.dev, host=gpu-t4-s-kkb-usw1b1-1a03ljxsekluj.us-west1-b.c.codatalab-user-runtimes.internal:8007
2026-08-28 05:37:40.008 Rejecting WebSocket connection with disallowed Origin or Host header: origin=https://8501-gpu-t4-s-kkb-usw1b1-1a03ljxsekluj-b.us-west1-1.prod.colab.dev, host=gpu-t4-s-kkb-usw1b1-1a03ljxsekluj.us-west1-b.c.codatalab-user-runtimes.internal:8007
2026-08-28 05:37:43.240 Rejecting WebSocket connection with disallowed Origin or Host header: origin=https://8501-gpu-t4-s-kkb-usw1b1-1a03ljxsekluj-b.us-west1-1.prod.colab.dev, host=gpu-t4-s-kkb-usw1b1-1a03ljxsekluj.us-west1-b.c.codatalab-user-runtimes.internal:8007
2026-08-28 05:37:47.978 Rejecting WebSocket connection with disallowed Origin or Host header: origin=https://8501-gpu-t4-s-kkb-usw1b1-1a03ljxsekluj-b.us-west1-1.prod.colab.dev, host=gpu-t4-s-kkb-usw1b1-1a03ljxsekluj.us-west1-b.c.codatalab-user-runtimes.internal:8007
2026-08-28 05:37:54.286 Rejecting WebSocket connection with disallowed Origin or Host header: origin=https://8501-gpu-t4-s-kkb-usw1b1-1a03ljxsekluj-b.us-west1-1.prod.colab.dev, host=gpu-t4-s-kkb-usw1b1-1a03ljxsekluj.us-west1-b.c.codatalab-user-runtimes.internal:8007
2026-08-28 05:38:00.954 Rejecting WebSocket connection with disallowed Origin or Host header: origin=https://8501-gpu-t4-s-kkb-usw1b1-1a03ljxsekluj-b.us-west1-1.prod.colab.dev, host=gpu-t4-s-kkb-usw1b1-1a03ljxsekluj.us-west1-b.c.codatalab-user-runtimes.internal:8007
2026-08-28 05:38:08.964 Rejecting WebSocket connection with disallowed Origin or Host header: origin=https://8501-gpu-t4-s-kkb-usw1b1-1a03ljxsekluj-b.us-west1-1.prod.colab.dev, host=gpu-t4-s-kkb-usw1b1-1a03ljxsekluj.us-west1-b.c.codatalab-user-runtimes.internal:8007
2026-08-28 05:38:13.681 Rejecting WebSocket connection with disallowed Origin or Host header: origin=https://8501-gpu-t4-s-kkb-usw1b1-1a03ljxsekluj-b.us-west1-1.prod.colab.dev, host=gpu-t4-s-kkb-usw1b1-1a03ljxsekluj.us-west1-b.c.codatalab-user-runtimes.internal:8007
2026-08-28 05:38:19.491 Rejecting WebSocket connection with disallowed Origin or Host header: origin=https://8501-gpu-t4-s-kkb-usw1b1-1a03ljxsekluj-b.us-west1-1.prod.colab.dev, host=gpu-t4-s-kkb-usw1b1-1a03ljxsekluj.us-west1-b.c.codatalab-user-runtimes.internal:8007
2026-08-28 05:38:28.727 Rejecting WebSocket connection with disallowed Origin or Host header: origin=https://8501-gpu-t4-s-kkb-usw1b1-1a03ljxsekluj-b.us-west1-1.prod.colab.dev, host=gpu-t4-s-kkb-usw1b1-1a03ljxsekluj.us-west1-b.c.codatalab-user-runtimes.internal:8007
2026-08-28 05:38:34.634 Rejecting WebSocket connection with disallowed Origin or Host header: origin=https://8501-gpu-t4-s-kkb-usw1b1-1a03ljxsekluj-b.us-west1-1.prod.colab.dev, host=gpu-t4-s-kkb-usw1b1-1a03ljxsekluj.us-west1-b.c.codatalab-user-runtimes.internal:8007
2026-08-28 05:38:44.726 Rejecting WebSocket connection with disallowed Origin or Host header: origin=https://8501-gpu-t4-s-kkb-usw1b1-1a03ljxsekluj-b.us-west1-1.prod.colab.dev, host=gpu-t4-s-kkb-usw1b1-1a03ljxsekluj.us-west1-b.c.codatalab-user-runtimes.internal:8007
2026-08-28 05:38:54.977 Rejecting WebSocket connection with disallowed Origin or Host header: origin=https://8501-gpu-t4-s-kkb-usw1b1-1a03ljxsekluj-b.us-west1-1.prod.colab.dev, host=gpu-t4-s-kkb-usw1b1-1a03ljxsekluj.us-west1-b.c.codatalab-user-runtimes.internal:8007
2026-08-28 05:39:01.897 Rejecting WebSocket connection with disallowed Origin or Host header: origin=https://8501-gpu-t4-s-kkb-usw1b1-1a03ljxsekluj-b.us-west1-1.prod.colab.dev, host=gpu-t4-s-kkb-usw1b1-1a03ljxsekluj.us-west1-b.c.codatalab-user-runtimes.internal:8007
2026-08-28 05:39:11.155 Rejecting WebSocket connection with disallowed Origin or Host header: origin=https://8501-gpu-t4-s-kkb-usw1b1-1a03ljxsekluj-b.us-west1-1.prod.colab.dev, host=gpu-t4-s-kkb-usw1b1-1a03ljxsekluj.us-west1-b.c.codatalab-user-runtimes.internal:8007
2026-08-28 05:39:19.641 Rejecting WebSocket connection with disallowed Origin or Host header: origin=https://8501-gpu-t4-s-kkb-usw1b1-1a03ljxsekluj-b.us-west1-1.prod.colab.dev, host=gpu-t4-s-kkb-usw1b1-1a03ljxsekluj.us-west1-b.c.codatalab-user-runtimes.internal:8007
2026-08-28 05:39:24.385 Rejecting WebSocket connection with disallowed Origin or Host header: origin=https://8501-gpu-t4-s-kkb-usw1b1-1a03ljxsekluj-b.us-west1-1.prod.colab.dev, host=gpu-t4-s-kkb-usw1b1-1a03ljxsekluj.us-west1-b.c.codatalab-user-runtimes.internal:8007
2026-08-28 05:39:30.211 Rejecting WebSocket connection with disallowed Origin or Host header: origin=https://8501-gpu-t4-s-kkb-usw1b1-1a03ljxsekluj-b.us-west1-1.prod.colab.dev, host=gpu-t4-s-kkb-usw1b1-1a03ljxsekluj.us-west1-b.c.codatalab-user-runtimes.internal:8007
2026-08-28 05:39:38.368 Rejecting WebSocket connection with disallowed Origin or Host header: origin=https://8501-gpu-t4-s-kkb-usw1b1-1a03ljxsekluj-b.us-west1-1.prod.colab.dev, host=gpu-t4-s-kkb-usw1b1-1a03ljxsekluj.us-west1-b.c.codatalab-user-runtimes.internal:8007
2026-08-28 05:39:45.051 Rejecting WebSocket connection with disallowed Origin or Host header: origin=https://8501-gpu-t4-s-kkb-usw1b1-1a03ljxsekluj-b.us-west1-1.prod.colab.dev, host=gpu-t4-s-kkb-usw1b1-1a03ljxsekluj.us-west1-b.c.codatalab-user-runtimes.internal:8007
2026-08-28 05:39:54.797 Rejecting WebSocket connection with disallowed Origin or Host header: origin=https://8501-gpu-t4-s-kkb-usw1b1-1a03ljxsekluj-b.us-west1-1.prod.colab.dev, host=gpu-t4-s-kkb-usw1b1-1a03ljxsekluj.us-west1-b.c.codatalab-user-runtimes.internal:8007
2026-08-28 05:40:09.506 Rejecting WebSocket connection with disallowed Origin or Host header: origin=https://8501-gpu-t4-s-kkb-usw1b1-1a03ljxsekluj-b.us-west1-1.prod.colab.dev, host=gpu-t4-s-kkb-usw1b1-1a03ljxsekluj.us-west1-b.c.codatalab-user-runtimes.internal:8007
2026-08-28 05:40:19.089 Rejecting WebSocket connection with disallowed Origin or Host header: origin=https://8501-gpu-t4-s-kkb-usw1b1-1a03ljxsekluj-b.us-west1-1.prod.colab.dev, host=gpu-t4-s-kkb-usw1b1-1a03ljxsekluj.us-west1-b.c.codatalab-user-runtimes.internal:8007
2026-08-28 05:40:25.640 Rejecting WebSocket connection with disallowed Origin or Host header: origin=https://8501-gpu-t4-s-kkb-usw1b1-1a03ljxsekluj-b.us-west1-1.prod.colab.dev, host=gpu-t4-s-kkb-usw1b1-1a03ljxsekluj.us-west1-b.c.codatalab-user-runtimes.internal:8007
2026-08-28 05:40:33.542 Rejecting WebSocket connection with disallowed Origin or Host header: origin=https://8501-gpu-t4-s-kkb-usw1b1-1a03ljxsekluj-b.us-west1-1.prod.colab.dev, host=gpu-t4-s-kkb-usw1b1-1a03ljxsekluj.us-west1-b.c.codatalab-user-runtimes.internal:8007
2026-08-28 05:40:42.250 Rejecting WebSocket connection with disallowed Origin or Host header: origin=https://8501-gpu-t4-s-kkb-usw1b1-1a03ljxsekluj-b.us-west1-1.prod.colab.dev, host=gpu-t4-s-kkb-usw1b1-1a03ljxsekluj.us-west1-b.c.codatalab-user-runtimes.internal:8007
2026-08-28 05:40:48.310 Rejecting WebSocket connection with disallowed Origin or Host header: origin=https://8501-gpu-t4-s-kkb-usw1b1-1a03ljxsekluj-b.us-west1-1.prod.colab.dev, host=gpu-t4-s-kkb-usw1b1-1a03ljxsekluj.us-west1-b.c.codatalab-user-runtimes.internal:8007
2026-08-28 05:40:53.093 Rejecting WebSocket connection with disallowed Origin or Host header: origin=https://8501-gpu-t4-s-kkb-usw1b1-1a03ljxsekluj-b.us-west1-1.prod.colab.dev, host=gpu-t4-s-kkb-usw1b1-1a03ljxsekluj.us-west1-b.c.codatalab-user-runtimes.internal:8007
2026-08-28 05:40:58.000 Rejecting WebSocket connection with disallowed Origin or Host header: origin=https://8501-gpu-t4-s-kkb-usw1b1-1a03ljxsekluj-b.us-west1-1.prod.colab.dev, host=gpu-t4-s-kkb-usw1b1-1a03ljxsekluj.us-west1-b.c.codatalab-user-runtimes.internal:8007
2026-08-28 05:41:03.430 Rejecting WebSocket connection with disallowed Origin or Host header: origin=https://8501-gpu-t4-s-kkb-usw1b1-1a03ljxsekluj-b.us-west1-1.prod.colab.dev, host=gpu-t4-s-kkb-usw1b1-1a03ljxsekluj.us-west1-b.c.codatalab-user-runtimes.internal:8007
2026-08-28 05:41:07.287 Rejecting WebSocket connection with disallowed Origin or Host header: origin=https://8501-gpu-t4-s-kkb-usw1b1-1a03ljxsekluj-b.us-west1-1.prod.colab.dev, host=gpu-t4-s-kkb-usw1b1-1a03ljxsekluj.us-west1-b.c.codatalab-user-runtimes.internal:8007
2026-08-28 05:41:12.578 Rejecting WebSocket connection with disallowed Origin or Host header: origin=https://8501-gpu-t4-s-kkb-usw1b1-1a03ljxsekluj-b.us-west1-1.prod.colab.dev, host=gpu-t4-s-kkb-usw1b1-1a03ljxsekluj.us-west1-b.c.codatalab-user-runtimes.internal:8007
2026-08-28 05:41:16.944 Rejecting WebSocket connection with disallowed Origin or Host header: origin=https://8501-gpu-t4-s-kkb-usw1b1-1a03ljxsekluj-b.us-west1-1.prod.colab.dev, host=gpu-t4-s-kkb-usw1b1-1a03ljxsekluj.us-west1-b.c.codatalab-user-runtimes.internal:8007
2026-08-28 05:41:19.895 Rejecting WebSocket connection with disallowed Origin or Host header: origin=https://8501-gpu-t4-s-kkb-usw1b1-1a03ljxsekluj-b.us-west1-1.prod.colab.dev, host=gpu-t4-s-kkb-usw1b1-1a03ljxsekluj.us-west1-b.c.codatalab-user-runtimes.internal:8007
2026-08-28 05:41:24.256 Rejecting WebSocket connection with disallowed Origin or Host header: origin=https://8501-gpu-t4-s-kkb-usw1b1-1a03ljxsekluj-b.us-west1-1.prod.colab.dev, host=gpu-t4-s-kkb-usw1b1-1a03ljxsekluj.us-west1-b.c.codatalab-user-runtimes.internal:8007
2026-08-28 05:41:27.836 Rejecting WebSocket connection with disallowed Origin or Host header: origin=https://8501-gpu-t4-s-kkb-usw1b1-1a03ljxsekluj-b.us-west1-1.prod.colab.dev, host=gpu-t4-s-kkb-usw1b1-1a03ljxsekluj.us-west1-b.c.codatalab-user-runtimes.internal:8007
2026-08-28 05:41:33.426 Rejecting WebSocket connection with disallowed Origin or Host header: origin=https://8501-gpu-t4-s-kkb-usw1b1-1a03ljxsekluj-b.us-west1-1.prod.colab.dev, host=gpu-t4-s-kkb-usw1b1-1a03ljxsekluj.us-west1-b.c.codatalab-user-runtimes.internal:8007
2026-08-28 05:41:36.857 Rejecting WebSocket connection with disallowed Origin or Host header: origin=https://8501-gpu-t4-s-kkb-usw1b1-1a03ljxsekluj-b.us-west1-1.prod.colab.dev, host=gpu-t4-s-kkb-usw1b1-1a03ljxsekluj.us-west1-b.c.codatalab-user-runtimes.internal:8007
2026-08-28 05:41:40.900 Rejecting WebSocket connection with disallowed Origin or Host header: origin=https://8501-gpu-t4-s-kkb-usw1b1-1a03ljxsekluj-b.us-west1-1.prod.colab.dev, host=gpu-t4-s-kkb-usw1b1-1a03ljxsekluj.us-west1-b.c.codatalab-user-runtimes.internal:8007
2026-08-28 05:41:45.334 Rejecting WebSocket connection with disallowed Origin or Host header: origin=https://8501-gpu-t4-s-kkb-usw1b1-1a03ljxsekluj-b.us-west1-1.prod.colab.dev, host=gpu-t4-s-kkb-usw1b1-1a03ljxsekluj.us-west1-b.c.codatalab-user-runtimes.internal:8007
2026-08-28 05:41:49.439 Rejecting WebSocket connection with disallowed Origin or Host header: origin=https://8501-gpu-t4-s-kkb-usw1b1-1a03ljxsekluj-b.us-west1-1.prod.colab.dev, host=gpu-t4-s-kkb-usw1b1-1a03ljxsekluj.us-west1-b.c.codatalab-user-runtimes.internal:8007
2026-08-28 05:41:54.573 Rejecting WebSocket connection with disallowed Origin or Host header: origin=https://8501-gpu-t4-s-kkb-usw1b1-1a03ljxsekluj-b.us-west1-1.prod.colab.dev, host=gpu-t4-s-kkb-usw1b1-1a03ljxsekluj.us-west1-b.c.codatalab-user-runtimes.internal:8007
2026-08-28 05:42:00.456 Rejecting WebSocket connection with disallowed Origin or Host header: origin=https://8501-gpu-t4-s-kkb-usw1b1-1a03ljxsekluj-b.us-west1-1.prod.colab.dev, host=gpu-t4-s-kkb-usw1b1-1a03ljxsekluj.us-west1-b.c.codatalab-user-runtimes.internal:8007
2026-08-28 05:42:09.565 Rejecting WebSocket connection with disallowed Origin or Host header: origin=https://8501-gpu-t4-s-kkb-usw1b1-1a03ljxsekluj-b.us-west1-1.prod.colab.dev, host=gpu-t4-s-kkb-usw1b1-1a03ljxsekluj.us-west1-b.c.codatalab-user-runtimes.internal:8007
2026-08-28 05:42:15.627 Rejecting WebSocket connection with disallowed Origin or Host header: origin=https://8501-gpu-t4-s-kkb-usw1b1-1a03ljxsekluj-b.us-west1-1.prod.colab.dev, host=gpu-t4-s-kkb-usw1b1-1a03ljxsekluj.us-west1-b.c.codatalab-user-runtimes.internal:8007
2026-08-28 05:42:21.534 Rejecting WebSocket connection with disallowed Origin or Host header: origin=https://8501-gpu-t4-s-kkb-usw1b1-1a03ljxsekluj-b.us-west1-1.prod.colab.dev, host=gpu-t4-s-kkb-usw1b1-1a03ljxsekluj.us-west1-b.c.codatalab-user-runtimes.internal:8007
2026-08-28 05:42:27.699 Rejecting WebSocket connection with disallowed Origin or Host header: origin=https://8501-gpu-t4-s-kkb-usw1b1-1a03ljxsekluj-b.us-west1-1.prod.colab.dev, host=gpu-t4-s-kkb-usw1b1-1a03ljxsekluj.us-west1-b.c.codatalab-user-runtimes.internal:8007
2026-08-28 05:42:36.468 Rejecting WebSocket connection with disallowed Origin or Host header: origin=https://8501-gpu-t4-s-kkb-usw1b1-1a03ljxsekluj-b.us-west1-1.prod.colab.dev, host=gpu-t4-s-kkb-usw1b1-1a03ljxsekluj.us-west1-b.c.codatalab-user-runtimes.internal:8007
2026-08-28 05:42:45.321 Rejecting WebSocket connection with disallowed Origin or Host header: origin=https://8501-gpu-t4-s-kkb-usw1b1-1a03ljxsekluj-b.us-west1-1.prod.colab.dev, host=gpu-t4-s-kkb-usw1b1-1a03ljxsekluj.us-west1-b.c.codatalab-user-runtimes.internal:8007
2026-08-28 05:42:52.637 Rejecting WebSocket connection with disallowed Origin or Host header: origin=https://8501-gpu-t4-s-kkb-usw1b1-1a03ljxsekluj-b.us-west1-1.prod.colab.dev, host=gpu-t4-s-kkb-usw1b1-1a03ljxsekluj.us-west1-b.c.codatalab-user-runtimes.internal:8007
2026-08-28 05:43:00.149 Rejecting WebSocket connection with disallowed Origin or Host header: origin=https://8501-gpu-t4-s-kkb-usw1b1-1a03ljxsekluj-b.us-west1-1.prod.colab.dev, host=gpu-t4-s-kkb-usw1b1-1a03ljxsekluj.us-west1-b.c.codatalab-user-runtimes.internal:8007
2026-08-28 05:43:10.516 Rejecting WebSocket connection with disallowed Origin or Host header: origin=https://8501-gpu-t4-s-kkb-usw1b1-1a03ljxsekluj-b.us-west1-1.prod.colab.dev, host=gpu-t4-s-kkb-usw1b1-1a03ljxsekluj.us-west1-b.c.codatalab-user-runtimes.internal:8007
2026-08-28 05:43:18.576 Rejecting WebSocket connection with disallowed Origin or Host header: origin=https://8501-gpu-t4-s-kkb-usw1b1-1a03ljxsekluj-b.us-west1-1.prod.colab.dev, host=gpu-t4-s-kkb-usw1b1-1a03ljxsekluj.us-west1-b.c.codatalab-user-runtimes.internal:8007
2026-08-28 05:43:28.481 Rejecting WebSocket connection with disallowed Origin or Host header: origin=https://8501-gpu-t4-s-kkb-usw1b1-1a03ljxsekluj-b.us-west1-1.prod.colab.dev, host=gpu-t4-s-kkb-usw1b1-1a03ljxsekluj.us-west1-b.c.codatalab-user-runtimes.internal:8007
2026-08-28 05:43:45.457 Rejecting WebSocket connection with disallowed Origin or Host header: origin=https://8501-gpu-t4-s-kkb-usw1b1-1a03ljxsekluj-b.us-west1-1.prod.colab.dev, host=gpu-t4-s-kkb-usw1b1-1a03ljxsekluj.us-west1-b.c.codatalab-user-runtimes.internal:8007
2026-08-28 05:43:53.099 Rejecting WebSocket connection with disallowed Origin or Host header: origin=https://8501-gpu-t4-s-kkb-usw1b1-1a03ljxsekluj-b.us-west1-1.prod.colab.dev, host=gpu-t4-s-kkb-usw1b1-1a03ljxsekluj.us-west1-b.c.codatalab-user-runtimes.internal:8007
2026-08-28 05:44:01.308 Rejecting WebSocket connection with disallowed Origin or Host header: origin=https://8501-gpu-t4-s-kkb-usw1b1-1a03ljxsekluj-b.us-west1-1.prod.colab.dev, host=gpu-t4-s-kkb-usw1b1-1a03ljxsekluj.us-west1-b.c.codatalab-user-runtimes.internal:8007
2026-08-28 05:44:07.575 Rejecting WebSocket connection with disallowed Origin or Host header: origin=https://8501-gpu-t4-s-kkb-usw1b1-1a03ljxsekluj-b.us-west1-1.prod.colab.dev, host=gpu-t4-s-kkb-usw1b1-1a03ljxsekluj.us-west1-b.c.codatalab-user-runtimes.internal:8007
2026-08-28 05:44:14.528 Rejecting WebSocket connection with disallowed Origin or Host header: origin=https://8501-gpu-t4-s-kkb-usw1b1-1a03ljxsekluj-b.us-west1-1.prod.colab.dev, host=gpu-t4-s-kkb-usw1b1-1a03ljxsekluj.us-west1-b.c.codatalab-user-runtimes.internal:8007
2026-08-28 05:44:22.448 Rejecting WebSocket connection with disallowed Origin or Host header: origin=https://8501-gpu-t4-s-kkb-usw1b1-1a03ljxsekluj-b.us-west1-1.prod.colab.dev, host=gpu-t4-s-kkb-usw1b1-1a03ljxsekluj.us-west1-b.c.codatalab-user-runtimes.internal:8007
2026-08-28 05:44:29.776 Rejecting WebSocket connection with disallowed Origin or Host header: origin=https://8501-gpu-t4-s-kkb-usw1b1-1a03ljxsekluj-b.us-west1-1.prod.colab.dev, host=gpu-t4-s-kkb-usw1b1-1a03ljxsekluj.us-west1-b.c.codatalab-user-runtimes.internal:8007
2026-08-28 05:44:36.318 Rejecting WebSocket connection with disallowed Origin or Host header: origin=https://8501-gpu-t4-s-kkb-usw1b1-1a03ljxsekluj-b.us-west1-1.prod.colab.dev, host=gpu-t4-s-kkb-usw1b1-1a03ljxsekluj.us-west1-b.c.codatalab-user-runtimes.internal:8007
2026-08-28 05:44:45.693 Rejecting WebSocket connection with disallowed Origin or Host header: origin=https://8501-gpu-t4-s-kkb-usw1b1-1a03ljxsekluj-b.us-west1-1.prod.colab.dev, host=gpu-t4-s-kkb-usw1b1-1a03ljxsekluj.us-west1-b.c.codatalab-user-runtimes.internal:8007
2026-08-28 05:44:53.290 Rejecting WebSocket connection with disallowed Origin or Host header: origin=https://8501-gpu-t4-s-kkb-usw1b1-1a03ljxsekluj-b.us-west1-1.prod.colab.dev, host=gpu-t4-s-kkb-usw1b1-1a03ljxsekluj.us-west1-b.c.codatalab-user-runtimes.internal:8007
2026-08-28 05:44:59.707 Rejecting WebSocket connection with disallowed Origin or Host header: origin=https://8501-gpu-t4-s-kkb-usw1b1-1a03ljxsekluj-b.us-west1-1.prod.colab.dev, host=gpu-t4-s-kkb-usw1b1-1a03ljxsekluj.us-west1-b.c.codatalab-user-runtimes.internal:8007
2026-08-28 05:45:04.077 Rejecting WebSocket connection with disallowed Origin or Host header: origin=https://8501-gpu-t4-s-kkb-usw1b1-1a03ljxsekluj-b.us-west1-1.prod.colab.dev, host=gpu-t4-s-kkb-usw1b1-1a03ljxsekluj.us-west1-b.c.codatalab-user-runtimes.internal:8007
2026-08-28 05:45:11.832 Rejecting WebSocket connection with disallowed Origin or Host header: origin=https://8501-gpu-t4-s-kkb-usw1b1-1a03ljxsekluj-b.us-west1-1.prod.colab.dev, host=gpu-t4-s-kkb-usw1b1-1a03ljxsekluj.us-west1-b.c.codatalab-user-runtimes.internal:8007
2026-08-28 05:45:18.121 Rejecting WebSocket connection with disallowed Origin or Host header: origin=https://8501-gpu-t4-s-kkb-usw1b1-1a03ljxsekluj-b.us-west1-1.prod.colab.dev, host=gpu-t4-s-kkb-usw1b1-1a03ljxsekluj.us-west1-b.c.codatalab-user-runtimes.internal:8007
2026-08-28 05:45:26.634 Rejecting WebSocket connection with disallowed Origin or Host header: origin=https://8501-gpu-t4-s-kkb-usw1b1-1a03ljxsekluj-b.us-west1-1.prod.colab.dev, host=gpu-t4-s-kkb-usw1b1-1a03ljxsekluj.us-west1-b.c.codatalab-user-runtimes.internal:8007
2026-08-28 05:45:34.226 Rejecting WebSocket connection with disallowed Origin or Host header: origin=https://8501-gpu-t4-s-kkb-usw1b1-1a03ljxsekluj-b.us-west1-1.prod.colab.dev, host=gpu-t4-s-kkb-usw1b1-1a03ljxsekluj.us-west1-b.c.codatalab-user-runtimes.internal:8007
2026-08-28 05:45:42.876 Rejecting WebSocket connection with disallowed Origin or Host header: origin=https://8501-gpu-t4-s-kkb-usw1b1-1a03ljxsekluj-b.us-west1-1.prod.colab.dev, host=gpu-t4-s-kkb-usw1b1-1a03ljxsekluj.us-west1-b.c.codatalab-user-runtimes.internal:8007
2026-08-28 05:45:49.416 Rejecting WebSocket connection with disallowed Origin or Host header: origin=https://8501-gpu-t4-s-kkb-usw1b1-1a03ljxsekluj-b.us-west1-1.prod.colab.dev, host=gpu-t4-s-kkb-usw1b1-1a03ljxsekluj.us-west1-b.c.codatalab-user-runtimes.internal:8007
2026-08-28 05:45:55.182 Rejecting WebSocket connection with disallowed Origin or Host header: origin=https://8501-gpu-t4-s-kkb-usw1b1-1a03ljxsekluj-b.us-west1-1.prod.colab.dev, host=gpu-t4-s-kkb-usw1b1-1a03ljxsekluj.us-west1-b.c.codatalab-user-runtimes.internal:8007
2026-08-28 05:46:03.848 Rejecting WebSocket connection with disallowed Origin or Host header: origin=https://8501-gpu-t4-s-kkb-usw1b1-1a03ljxsekluj-b.us-west1-1.prod.colab.dev, host=gpu-t4-s-kkb-usw1b1-1a03ljxsekluj.us-west1-b.c.codatalab-user-runtimes.internal:8007
2026-08-28 05:46:18.508 Rejecting WebSocket connection with disallowed Origin or Host header: origin=https://8501-gpu-t4-s-kkb-usw1b1-1a03ljxsekluj-b.us-west1-1.prod.colab.dev, host=gpu-t4-s-kkb-usw1b1-1a03ljxsekluj.us-west1-b.c.codatalab-user-runtimes.internal:8007
2026-08-28 05:46:24.688 Rejecting WebSocket connection with disallowed Origin or Host header: origin=https://8501-gpu-t4-s-kkb-usw1b1-1a03ljxsekluj-b.us-west1-1.prod.colab.dev, host=gpu-t4-s-kkb-usw1b1-1a03ljxsekluj.us-west1-b.c.codatalab-user-runtimes.internal:8007
2026-08-28 05:46:34.754 Rejecting WebSocket connection with disallowed Origin or Host header: origin=https://8501-gpu-t4-s-kkb-usw1b1-1a03ljxsekluj-b.us-west1-1.prod.colab.dev, host=gpu-t4-s-kkb-usw1b1-1a03ljxsekluj.us-west1-b.c.codatalab-user-runtimes.internal:8007
2026-08-28 05:46:39.928 Rejecting WebSocket connection with disallowed Origin or Host header: origin=https://8501-gpu-t4-s-kkb-usw1b1-1a03ljxsekluj-b.us-west1-1.prod.colab.dev, host=gpu-t4-s-kkb-usw1b1-1a03ljxsekluj.us-west1-b.c.codatalab-user-runtimes.internal:8007
2026-08-28 05:46:47.636 Rejecting WebSocket connection with disallowed Origin or Host header: origin=https://8501-gpu-t4-s-kkb-usw1b1-1a03ljxsekluj-b.us-west1-1.prod.colab.dev, host=gpu-t4-s-kkb-usw1b1-1a03ljxsekluj.us-west1-b.c.codatalab-user-runtimes.internal:8007
2026-08-28 05:47:01.663 Rejecting WebSocket connection with disallowed Origin or Host header: origin=https://8501-gpu-t4-s-kkb-usw1b1-1a03ljxsekluj-b.us-west1-1.prod.colab.dev, host=gpu-t4-s-kkb-usw1b1-1a03ljxsekluj.us-west1-b.c.codatalab-user-runtimes.internal:8007
2026-08-28 05:47:06.813 Rejecting WebSocket connection with disallowed Origin or Host header: origin=https://8501-gpu-t4-s-kkb-usw1b1-1a03ljxsekluj-b.us-west1-1.prod.colab.dev, host=gpu-t4-s-kkb-usw1b1-1a03ljxsekluj.us-west1-b.c.codatalab-user-runtimes.internal:8007
2026-08-28 05:47:15.061 Rejecting WebSocket connection with disallowed Origin or Host header: origin=https://8501-gpu-t4-s-kkb-usw1b1-1a03ljxsekluj-b.us-west1-1.prod.colab.dev, host=gpu-t4-s-kkb-usw1b1-1a03ljxsekluj.us-west1-b.c.codatalab-user-runtimes.internal:8007
2026-08-28 05:47:22.487 Rejecting WebSocket connection with disallowed Origin or Host header: origin=https://8501-gpu-t4-s-kkb-usw1b1-1a03ljxsekluj-b.us-west1-1.prod.colab.dev, host=gpu-t4-s-kkb-usw1b1-1a03ljxsekluj.us-west1-b.c.codatalab-user-runtimes.internal:8007
2026-08-28 05:47:29.662 Rejecting WebSocket connection with disallowed Origin or Host header: origin=https://8501-gpu-t4-s-kkb-usw1b1-1a03ljxsekluj-b.us-west1-1.prod.colab.dev, host=gpu-t4-s-kkb-usw1b1-1a03ljxsekluj.us-west1-b.c.codatalab-user-runtimes.internal:8007
2026-08-28 05:47:34.398 Rejecting WebSocket connection with disallowed Origin or Host header: origin=https://8501-gpu-t4-s-kkb-usw1b1-1a03ljxsekluj-b.us-west1-1.prod.colab.dev, host=gpu-t4-s-kkb-usw1b1-1a03ljxsekluj.us-west1-b.c.codatalab-user-runtimes.internal:8007
2026-08-28 05:47:42.179 Rejecting WebSocket connection with disallowed Origin or Host header: origin=https://8501-gpu-t4-s-kkb-usw1b1-1a03ljxsekluj-b.us-west1-1.prod.colab.dev, host=gpu-t4-s-kkb-usw1b1-1a03ljxsekluj.us-west1-b.c.codatalab-user-runtimes.internal:8007
2026-08-28 05:47:51.819 Rejecting WebSocket connection with disallowed Origin or Host header: origin=https://8501-gpu-t4-s-kkb-usw1b1-1a03ljxsekluj-b.us-west1-1.prod.colab.dev, host=gpu-t4-s-kkb-usw1b1-1a03ljxsekluj.us-west1-b.c.codatalab-user-runtimes.internal:8007
2026-08-28 05:48:00.217 Rejecting WebSocket connection with disallowed Origin or Host header: origin=https://8501-gpu-t4-s-kkb-usw1b1-1a03ljxsekluj-b.us-west1-1.prod.colab.dev, host=gpu-t4-s-kkb-usw1b1-1a03ljxsekluj.us-west1-b.c.codatalab-user-runtimes.internal:8007
2026-08-28 05:48:06.881 Rejecting WebSocket connection with disallowed Origin or Host header: origin=https://8501-gpu-t4-s-kkb-usw1b1-1a03ljxsekluj-b.us-west1-1.prod.colab.dev, host=gpu-t4-s-kkb-usw1b1-1a03ljxsekluj.us-west1-b.c.codatalab-user-runtimes.internal:8007
2026-08-28 05:48:17.007 Rejecting WebSocket connection with disallowed Origin or Host header: origin=https://8501-gpu-t4-s-kkb-usw1b1-1a03ljxsekluj-b.us-west1-1.prod.colab.dev, host=gpu-t4-s-kkb-usw1b1-1a03ljxsekluj.us-west1-b.c.codatalab-user-runtimes.internal:8007
2026-08-28 05:48:24.308 Rejecting WebSocket connection with disallowed Origin or Host header: origin=https://8501-gpu-t4-s-kkb-usw1b1-1a03ljxsekluj-b.us-west1-1.prod.colab.dev, host=gpu-t4-s-kkb-usw1b1-1a03ljxsekluj.us-west1-b.c.codatalab-user-runtimes.internal:8007
2026-08-28 05:48:32.149 Rejecting WebSocket connection with disallowed Origin or Host header: origin=https://8501-gpu-t4-s-kkb-usw1b1-1a03ljxsekluj-b.us-west1-1.prod.colab.dev, host=gpu-t4-s-kkb-usw1b1-1a03ljxsekluj.us-west1-b.c.codatalab-user-runtimes.internal:8007
2026-08-28 05:48:41.265 Rejecting WebSocket connection with disallowed Origin or Host header: origin=https://8501-gpu-t4-s-kkb-usw1b1-1a03ljxsekluj-b.us-west1-1.prod.colab.dev, host=gpu-t4-s-kkb-usw1b1-1a03ljxsekluj.us-west1-b.c.codatalab-user-runtimes.internal:8007
2026-08-28 05:48:49.747 Rejecting WebSocket connection with disallowed Origin or Host header: origin=https://8501-gpu-t4-s-kkb-usw1b1-1a03ljxsekluj-b.us-west1-1.prod.colab.dev, host=gpu-t4-s-kkb-usw1b1-1a03ljxsekluj.us-west1-b.c.codatalab-user-runtimes.internal:8007
2026-08-28 05:48:53.824 Rejecting WebSocket connection with disallowed Origin or Host header: origin=https://8501-gpu-t4-s-kkb-usw1b1-1a03ljxsekluj-b.us-west1-1.prod.colab.dev, host=gpu-t4-s-kkb-usw1b1-1a03ljxsekluj.us-west1-b.c.codatalab-user-runtimes.internal:8007
2026-08-28 05:48:59.236 Rejecting WebSocket connection with disallowed Origin or Host header: origin=https://8501-gpu-t4-s-kkb-usw1b1-1a03ljxsekluj-b.us-west1-1.prod.colab.dev, host=gpu-t4-s-kkb-usw1b1-1a03ljxsekluj.us-west1-b.c.codatalab-user-runtimes.internal:8007
2026-08-28 05:49:04.492 Rejecting WebSocket connection with disallowed Origin or Host header: origin=https://8501-gpu-t4-s-kkb-usw1b1-1a03ljxsekluj-b.us-west1-1.prod.colab.dev, host=gpu-t4-s-kkb-usw1b1-1a03ljxsekluj.us-west1-b.c.codatalab-user-runtimes.internal:8007
2026-08-28 05:49:08.836 Rejecting WebSocket connection with disallowed Origin or Host header: origin=https://8501-gpu-t4-s-kkb-usw1b1-1a03ljxsekluj-b.us-west1-1.prod.colab.dev, host=gpu-t4-s-kkb-usw1b1-1a03ljxsekluj.us-west1-b.c.codatalab-user-runtimes.internal:8007
2026-08-28 05:49:12.859 Rejecting WebSocket connection with disallowed Origin or Host header: origin=https://8501-gpu-t4-s-kkb-usw1b1-1a03ljxsekluj-b.us-west1-1.prod.colab.dev, host=gpu-t4-s-kkb-usw1b1-1a03ljxsekluj.us-west1-b.c.codatalab-user-runtimes.internal:8007
2026-08-28 05:49:16.880 Rejecting WebSocket connection with disallowed Origin or Host header: origin=https://8501-gpu-t4-s-kkb-usw1b1-1a03ljxsekluj-b.us-west1-1.prod.colab.dev, host=gpu-t4-s-kkb-usw1b1-1a03ljxsekluj.us-west1-b.c.codatalab-user-runtimes.internal:8007
2026-08-28 05:49:21.230 Rejecting WebSocket connection with disallowed Origin or Host header: origin=https://8501-gpu-t4-s-kkb-usw1b1-1a03ljxsekluj-b.us-west1-1.prod.colab.dev, host=gpu-t4-s-kkb-usw1b1-1a03ljxsekluj.us-west1-b.c.codatalab-user-runtimes.internal:8007
2026-08-28 05:49:25.256 Rejecting WebSocket connection with disallowed Origin or Host header: origin=https://8501-gpu-t4-s-kkb-usw1b1-1a03ljxsekluj-b.us-west1-1.prod.colab.dev, host=gpu-t4-s-kkb-usw1b1-1a03ljxsekluj.us-west1-b.c.codatalab-user-runtimes.internal:8007
2026-08-28 05:49:28.888 Rejecting WebSocket connection with disallowed Origin or Host header: origin=https://8501-gpu-t4-s-kkb-usw1b1-1a03ljxsekluj-b.us-west1-1.prod.colab.dev, host=gpu-t4-s-kkb-usw1b1-1a03ljxsekluj.us-west1-b.c.codatalab-user-runtimes.internal:8007
2026-08-28 05:49:32.264 Rejecting WebSocket connection with disallowed Origin or Host header: origin=https://8501-gpu-t4-s-kkb-usw1b1-1a03ljxsekluj-b.us-west1-1.prod.colab.dev, host=gpu-t4-s-kkb-usw1b1-1a03ljxsekluj.us-west1-b.c.codatalab-user-runtimes.internal:8007
2026-08-28 05:49:42.457 Rejecting WebSocket connection with disallowed Origin or Host header: origin=https://8501-gpu-t4-s-kkb-usw1b1-1a03ljxsekluj-b.us-west1-1.prod.colab.dev, host=gpu-t4-s-kkb-usw1b1-1a03ljxsekluj.us-west1-b.c.codatalab-user-runtimes.internal:8007
2026-08-28 05:49:47.008 Rejecting WebSocket connection with disallowed Origin or Host header: origin=https://8501-gpu-t4-s-kkb-usw1b1-1a03ljxsekluj-b.us-west1-1.prod.colab.dev, host=gpu-t4-s-kkb-usw1b1-1a03ljxsekluj.us-west1-b.c.codatalab-user-runtimes.internal:8007
2026-08-28 05:49:51.033 Rejecting WebSocket connection with disallowed Origin or Host header: origin=https://8501-gpu-t4-s-kkb-usw1b1-1a03ljxsekluj-b.us-west1-1.prod.colab.dev, host=gpu-t4-s-kkb-usw1b1-1a03ljxsekluj.us-west1-b.c.codatalab-user-runtimes.internal:8007
2026-08-28 05:49:55.209 Rejecting WebSocket connection with disallowed Origin or Host header: origin=https://8501-gpu-t4-s-kkb-usw1b1-1a03ljxsekluj-b.us-west1-1.prod.colab.dev, host=gpu-t4-s-kkb-usw1b1-1a03ljxsekluj.us-west1-b.c.codatalab-user-runtimes.internal:8007
2026-08-28 05:49:59.883 Rejecting WebSocket connection with disallowed Origin or Host header: origin=https://8501-gpu-t4-s-kkb-usw1b1-1a03ljxsekluj-b.us-west1-1.prod.colab.dev, host=gpu-t4-s-kkb-usw1b1-1a03ljxsekluj.us-west1-b.c.codatalab-user-runtimes.internal:8007
2026-08-28 05:50:12.816 Rejecting WebSocket connection with disallowed Origin or Host header: origin=https://8501-gpu-t4-s-kkb-usw1b1-1a03ljxsekluj-b.us-west1-1.prod.colab.dev, host=gpu-t4-s-kkb-usw1b1-1a03ljxsekluj.us-west1-b.c.codatalab-user-runtimes.internal:8007
2026-08-28 05:50:20.940 Rejecting WebSocket connection with disallowed Origin or Host header: origin=https://8501-gpu-t4-s-kkb-usw1b1-1a03ljxsekluj-b.us-west1-1.prod.colab.dev, host=gpu-t4-s-kkb-usw1b1-1a03ljxsekluj.us-west1-b.c.codatalab-user-runtimes.internal:8007
2026-08-28 05:50:29.694 Rejecting WebSocket connection with disallowed Origin or Host header: origin=https://8501-gpu-t4-s-kkb-usw1b1-1a03ljxsekluj-b.us-west1-1.prod.colab.dev, host=gpu-t4-s-kkb-usw1b1-1a03ljxsekluj.us-west1-b.c.codatalab-user-runtimes.internal:8007
2026-08-28 05:50:38.536 Rejecting WebSocket connection with disallowed Origin or Host header: origin=https://8501-gpu-t4-s-kkb-usw1b1-1a03ljxsekluj-b.us-west1-1.prod.colab.dev, host=gpu-t4-s-kkb-usw1b1-1a03ljxsekluj.us-west1-b.c.codatalab-user-runtimes.internal:8007
2026-08-28 05:50:46.238 Rejecting WebSocket connection with disallowed Origin or Host header: origin=https://8501-gpu-t4-s-kkb-usw1b1-1a03ljxsekluj-b.us-west1-1.prod.colab.dev, host=gpu-t4-s-kkb-usw1b1-1a03ljxsekluj.us-west1-b.c.codatalab-user-runtimes.internal:8007
2026-08-28 05:50:54.826 Rejecting WebSocket connection with disallowed Origin or Host header: origin=https://8501-gpu-t4-s-kkb-usw1b1-1a03ljxsekluj-b.us-west1-1.prod.colab.dev, host=gpu-t4-s-kkb-usw1b1-1a03ljxsekluj.us-west1-b.c.codatalab-user-runtimes.internal:8007
2026-08-28 05:50:59.645 Rejecting WebSocket connection with disallowed Origin or Host header: origin=https://8501-gpu-t4-s-kkb-usw1b1-1a03ljxsekluj-b.us-west1-1.prod.colab.dev, host=gpu-t4-s-kkb-usw1b1-1a03ljxsekluj.us-west1-b.c.codatalab-user-runtimes.internal:8007
2026-08-28 05:51:02.892 Rejecting WebSocket connection with disallowed Origin or Host header: origin=https://8501-gpu-t4-s-kkb-usw1b1-1a03ljxsekluj-b.us-west1-1.prod.colab.dev, host=gpu-t4-s-kkb-usw1b1-1a03ljxsekluj.us-west1-b.c.codatalab-user-runtimes.internal:8007
2026-08-28 05:51:07.837 Rejecting WebSocket connection with disallowed Origin or Host header: origin=https://8501-gpu-t4-s-kkb-usw1b1-1a03ljxsekluj-b.us-west1-1.prod.colab.dev, host=gpu-t4-s-kkb-usw1b1-1a03ljxsekluj.us-west1-b.c.codatalab-user-runtimes.internal:8007
2026-08-28 05:51:12.247 Rejecting WebSocket connection with disallowed Origin or Host header: origin=https://8501-gpu-t4-s-kkb-usw1b1-1a03ljxsekluj-b.us-west1-1.prod.colab.dev, host=gpu-t4-s-kkb-usw1b1-1a03ljxsekluj.us-west1-b.c.codatalab-user-runtimes.internal:8007
2026-08-28 05:51:16.847 Rejecting WebSocket connection with disallowed Origin or Host header: origin=https://8501-gpu-t4-s-kkb-usw1b1-1a03ljxsekluj-b.us-west1-1.prod.colab.dev, host=gpu-t4-s-kkb-usw1b1-1a03ljxsekluj.us-west1-b.c.codatalab-user-runtimes.internal:8007
2026-08-28 05:51:21.843 Rejecting WebSocket connection with disallowed Origin or Host header: origin=https://8501-gpu-t4-s-kkb-usw1b1-1a03ljxsekluj-b.us-west1-1.prod.colab.dev, host=gpu-t4-s-kkb-usw1b1-1a03ljxsekluj.us-west1-b.c.codatalab-user-runtimes.internal:8007
2026-08-28 05:51:25.900 Rejecting WebSocket connection with disallowed Origin or Host header: origin=https://8501-gpu-t4-s-kkb-usw1b1-1a03ljxsekluj-b.us-west1-1.prod.colab.dev, host=gpu-t4-s-kkb-usw1b1-1a03ljxsekluj.us-west1-b.c.codatalab-user-runtimes.internal:8007
2026-08-28 05:51:30.433 Rejecting WebSocket connection with disallowed Origin or Host header: origin=https://8501-gpu-t4-s-kkb-usw1b1-1a03ljxsekluj-b.us-west1-1.prod.colab.dev, host=gpu-t4-s-kkb-usw1b1-1a03ljxsekluj.us-west1-b.c.codatalab-user-runtimes.internal:8007
2026-08-28 05:51:35.071 Rejecting WebSocket connection with disallowed Origin or Host header: origin=https://8501-gpu-t4-s-kkb-usw1b1-1a03ljxsekluj-b.us-west1-1.prod.colab.dev, host=gpu-t4-s-kkb-usw1b1-1a03ljxsekluj.us-west1-b.c.codatalab-user-runtimes.internal:8007
2026-08-28 05:51:39.906 Rejecting WebSocket connection with disallowed Origin or Host header: origin=https://8501-gpu-t4-s-kkb-usw1b1-1a03ljxsekluj-b.us-west1-1.prod.colab.dev, host=gpu-t4-s-kkb-usw1b1-1a03ljxsekluj.us-west1-b.c.codatalab-user-runtimes.internal:8007
2026-08-28 05:51:45.550 Rejecting WebSocket connection with disallowed Origin or Host header: origin=https://8501-gpu-t4-s-kkb-usw1b1-1a03ljxsekluj-b.us-west1-1.prod.colab.dev, host=gpu-t4-s-kkb-usw1b1-1a03ljxsekluj.us-west1-b.c.codatalab-user-runtimes.internal:8007
2026-08-28 05:51:49.024 Rejecting WebSocket connection with disallowed Origin or Host header: origin=https://8501-gpu-t4-s-kkb-usw1b1-1a03ljxsekluj-b.us-west1-1.prod.colab.dev, host=gpu-t4-s-kkb-usw1b1-1a03ljxsekluj.us-west1-b.c.codatalab-user-runtimes.internal:8007
2026-08-28 05:51:54.905 Rejecting WebSocket connection with disallowed Origin or Host header: origin=https://8501-gpu-t4-s-kkb-usw1b1-1a03ljxsekluj-b.us-west1-1.prod.colab.dev, host=gpu-t4-s-kkb-usw1b1-1a03ljxsekluj.us-west1-b.c.codatalab-user-runtimes.internal:8007
2026-08-28 05:52:01.507 Rejecting WebSocket connection with disallowed Origin or Host header: origin=https://8501-gpu-t4-s-kkb-usw1b1-1a03ljxsekluj-b.us-west1-1.prod.colab.dev, host=gpu-t4-s-kkb-usw1b1-1a03ljxsekluj.us-west1-b.c.codatalab-user-runtimes.internal:8007
2026-08-28 05:52:08.220 Rejecting WebSocket connection with disallowed Origin or Host header: origin=https://8501-gpu-t4-s-kkb-usw1b1-1a03ljxsekluj-b.us-west1-1.prod.colab.dev, host=gpu-t4-s-kkb-usw1b1-1a03ljxsekluj.us-west1-b.c.codatalab-user-runtimes.internal:8007
2026-08-28 05:52:15.880 Rejecting WebSocket connection with disallowed Origin or Host header: origin=https://8501-gpu-t4-s-kkb-usw1b1-1a03ljxsekluj-b.us-west1-1.prod.colab.dev, host=gpu-t4-s-kkb-usw1b1-1a03ljxsekluj.us-west1-b.c.codatalab-user-runtimes.internal:8007
2026-08-28 05:52:23.939 Rejecting WebSocket connection with disallowed Origin or Host header: origin=https://8501-gpu-t4-s-kkb-usw1b1-1a03ljxsekluj-b.us-west1-1.prod.colab.dev, host=gpu-t4-s-kkb-usw1b1-1a03ljxsekluj.us-west1-b.c.codatalab-user-runtimes.internal:8007
2026-08-28 05:52:31.523 Rejecting WebSocket connection with disallowed Origin or Host header: origin=https://8501-gpu-t4-s-kkb-usw1b1-1a03ljxsekluj-b.us-west1-1.prod.colab.dev, host=gpu-t4-s-kkb-usw1b1-1a03ljxsekluj.us-west1-b.c.codatalab-user-runtimes.internal:8007
2026-08-28 05:52:38.946 Rejecting WebSocket connection with disallowed Origin or Host header: origin=https://8501-gpu-t4-s-kkb-usw1b1-1a03ljxsekluj-b.us-west1-1.prod.colab.dev, host=gpu-t4-s-kkb-usw1b1-1a03ljxsekluj.us-west1-b.c.codatalab-user-runtimes.internal:8007
2026-08-28 05:52:46.316 Rejecting WebSocket connection with disallowed Origin or Host header: origin=https://8501-gpu-t4-s-kkb-usw1b1-1a03ljxsekluj-b.us-west1-1.prod.colab.dev, host=gpu-t4-s-kkb-usw1b1-1a03ljxsekluj.us-west1-b.c.codatalab-user-runtimes.internal:8007
2026-08-28 05:52:58.191 Rejecting WebSocket connection with disallowed Origin or Host header: origin=https://8501-gpu-t4-s-kkb-usw1b1-1a03ljxsekluj-b.us-west1-1.prod.colab.dev, host=gpu-t4-s-kkb-usw1b1-1a03ljxsekluj.us-west1-b.c.codatalab-user-runtimes.internal:8007
2026-08-28 05:53:02.411 Rejecting WebSocket connection with disallowed Origin or Host header: origin=https://8501-gpu-t4-s-kkb-usw1b1-1a03ljxsekluj-b.us-west1-1.prod.colab.dev, host=gpu-t4-s-kkb-usw1b1-1a03ljxsekluj.us-west1-b.c.codatalab-user-runtimes.internal:8007
2026-08-28 05:53:06.627 Rejecting WebSocket connection with disallowed Origin or Host header: origin=https://8501-gpu-t4-s-kkb-usw1b1-1a03ljxsekluj-b.us-west1-1.prod.colab.dev, host=gpu-t4-s-kkb-usw1b1-1a03ljxsekluj.us-west1-b.c.codatalab-user-runtimes.internal:8007
2026-08-28 05:53:09.848 Rejecting WebSocket connection with disallowed Origin or Host header: origin=https://8501-gpu-t4-s-kkb-usw1b1-1a03ljxsekluj-b.us-west1-1.prod.colab.dev, host=gpu-t4-s-kkb-usw1b1-1a03ljxsekluj.us-west1-b.c.codatalab-user-runtimes.internal:8007
2026-08-28 05:53:14.846 Rejecting WebSocket connection with disallowed Origin or Host header: origin=https://8501-gpu-t4-s-kkb-usw1b1-1a03ljxsekluj-b.us-west1-1.prod.colab.dev, host=gpu-t4-s-kkb-usw1b1-1a03ljxsekluj.us-west1-b.c.codatalab-user-runtimes.internal:8007
2026-08-28 05:53:17.853 Rejecting WebSocket connection with disallowed Origin or Host header: origin=https://8501-gpu-t4-s-kkb-usw1b1-1a03ljxsekluj-b.us-west1-1.prod.colab.dev, host=gpu-t4-s-kkb-usw1b1-1a03ljxsekluj.us-west1-b.c.codatalab-user-runtimes.internal:8007
2026-08-28 05:53:21.866 Rejecting WebSocket connection with disallowed Origin or Host header: origin=https://8501-gpu-t4-s-kkb-usw1b1-1a03ljxsekluj-b.us-west1-1.prod.colab.dev, host=gpu-t4-s-kkb-usw1b1-1a03ljxsekluj.us-west1-b.c.codatalab-user-runtimes.internal:8007
2026-08-28 05:53:26.858 Rejecting WebSocket connection with disallowed Origin or Host header: origin=https://8501-gpu-t4-s-kkb-usw1b1-1a03ljxsekluj-b.us-west1-1.prod.colab.dev, host=gpu-t4-s-kkb-usw1b1-1a03ljxsekluj.us-west1-b.c.codatalab-user-runtimes.internal:8007
2026-08-28 05:53:36.453 Rejecting WebSocket connection with disallowed Origin or Host header: origin=https://8501-gpu-t4-s-kkb-usw1b1-1a03ljxsekluj-b.us-west1-1.prod.colab.dev, host=gpu-t4-s-kkb-usw1b1-1a03ljxsekluj.us-west1-b.c.codatalab-user-runtimes.internal:8007
2026-08-28 05:53:40.888 Rejecting WebSocket connection with disallowed Origin or Host header: origin=https://8501-gpu-t4-s-kkb-usw1b1-1a03ljxsekluj-b.us-west1-1.prod.colab.dev, host=gpu-t4-s-kkb-usw1b1-1a03ljxsekluj.us-west1-b.c.codatalab-user-runtimes.internal:8007
2026-08-28 05:53:44.570 Rejecting WebSocket connection with disallowed Origin or Host header: origin=https://8501-gpu-t4-s-kkb-usw1b1-1a03ljxsekluj-b.us-west1-1.prod.colab.dev, host=gpu-t4-s-kkb-usw1b1-1a03ljxsekluj.us-west1-b.c.codatalab-user-runtimes.internal:8007
2026-08-28 05:53:48.917 Rejecting WebSocket connection with disallowed Origin or Host header: origin=https://8501-gpu-t4-s-kkb-usw1b1-1a03ljxsekluj-b.us-west1-1.prod.colab.dev, host=gpu-t4-s-kkb-usw1b1-1a03ljxsekluj.us-west1-b.c.codatalab-user-runtimes.internal:8007
2026-08-28 05:53:54.465 Rejecting WebSocket connection with disallowed Origin or Host header: origin=https://8501-gpu-t4-s-kkb-usw1b1-1a03ljxsekluj-b.us-west1-1.prod.colab.dev, host=gpu-t4-s-kkb-usw1b1-1a03ljxsekluj.us-west1-b.c.codatalab-user-runtimes.internal:8007
2026-08-28 05:53:58.245 Rejecting WebSocket connection with disallowed Origin or Host header: origin=https://8501-gpu-t4-s-kkb-usw1b1-1a03ljxsekluj-b.us-west1-1.prod.colab.dev, host=gpu-t4-s-kkb-usw1b1-1a03ljxsekluj.us-west1-b.c.codatalab-user-runtimes.internal:8007
2026-08-28 05:54:02.903 Rejecting WebSocket connection with disallowed Origin or Host header: origin=https://8501-gpu-t4-s-kkb-usw1b1-1a03ljxsekluj-b.us-west1-1.prod.colab.dev, host=gpu-t4-s-kkb-usw1b1-1a03ljxsekluj.us-west1-b.c.codatalab-user-runtimes.internal:8007
2026-08-28 05:54:07.947 Rejecting WebSocket connection with disallowed Origin or Host header: origin=https://8501-gpu-t4-s-kkb-usw1b1-1a03ljxsekluj-b.us-west1-1.prod.colab.dev, host=gpu-t4-s-kkb-usw1b1-1a03ljxsekluj.us-west1-b.c.codatalab-user-runtimes.internal:8007
2026-08-28 05:54:16.523 Rejecting WebSocket connection with disallowed Origin or Host header: origin=https://8501-gpu-t4-s-kkb-usw1b1-1a03ljxsekluj-b.us-west1-1.prod.colab.dev, host=gpu-t4-s-kkb-usw1b1-1a03ljxsekluj.us-west1-b.c.codatalab-user-runtimes.internal:8007
2026-08-28 05:54:23.853 Rejecting WebSocket connection with disallowed Origin or Host header: origin=https://8501-gpu-t4-s-kkb-usw1b1-1a03ljxsekluj-b.us-west1-1.prod.colab.dev, host=gpu-t4-s-kkb-usw1b1-1a03ljxsekluj.us-west1-b.c.codatalab-user-runtimes.internal:8007
2026-08-28 05:54:29.734 Rejecting WebSocket connection with disallowed Origin or Host header: origin=https://8501-gpu-t4-s-kkb-usw1b1-1a03ljxsekluj-b.us-west1-1.prod.colab.dev, host=gpu-t4-s-kkb-usw1b1-1a03ljxsekluj.us-west1-b.c.codatalab-user-runtimes.internal:8007
2026-08-28 05:54:34.025 Rejecting WebSocket connection with disallowed Origin or Host header: origin=https://8501-gpu-t4-s-kkb-usw1b1-1a03ljxsekluj-b.us-west1-1.prod.colab.dev, host=gpu-t4-s-kkb-usw1b1-1a03ljxsekluj.us-west1-b.c.codatalab-user-runtimes.internal:8007
2026-08-28 05:54:41.924 Rejecting WebSocket connection with disallowed Origin or Host header: origin=https://8501-gpu-t4-s-kkb-usw1b1-1a03ljxsekluj-b.us-west1-1.prod.colab.dev, host=gpu-t4-s-kkb-usw1b1-1a03ljxsekluj.us-west1-b.c.codatalab-user-runtimes.internal:8007
2026-08-28 05:54:49.501 Rejecting WebSocket connection with disallowed Origin or Host header: origin=https://8501-gpu-t4-s-kkb-usw1b1-1a03ljxsekluj-b.us-west1-1.prod.colab.dev, host=gpu-t4-s-kkb-usw1b1-1a03ljxsekluj.us-west1-b.c.codatalab-user-runtimes.internal:8007
2026-08-28 05:54:56.860 Rejecting WebSocket connection with disallowed Origin or Host header: origin=https://8501-gpu-t4-s-kkb-usw1b1-1a03ljxsekluj-b.us-west1-1.prod.colab.dev, host=gpu-t4-s-kkb-usw1b1-1a03ljxsekluj.us-west1-b.c.codatalab-user-runtimes.internal:8007
2026-08-28 05:55:00.469 Rejecting WebSocket connection with disallowed Origin or Host header: origin=https://8501-gpu-t4-s-kkb-usw1b1-1a03ljxsekluj-b.us-west1-1.prod.colab.dev, host=gpu-t4-s-kkb-usw1b1-1a03ljxsekluj.us-west1-b.c.codatalab-user-runtimes.internal:8007
2026-08-28 05:55:04.347 Rejecting WebSocket connection with disallowed Origin or Host header: origin=https://8501-gpu-t4-s-kkb-usw1b1-1a03ljxsekluj-b.us-west1-1.prod.colab.dev, host=gpu-t4-s-kkb-usw1b1-1a03ljxsekluj.us-west1-b.c.codatalab-user-runtimes.internal:8007
2026-08-28 05:55:08.852 Rejecting WebSocket connection with disallowed Origin or Host header: origin=https://8501-gpu-t4-s-kkb-usw1b1-1a03ljxsekluj-b.us-west1-1.prod.colab.dev, host=gpu-t4-s-kkb-usw1b1-1a03ljxsekluj.us-west1-b.c.codatalab-user-runtimes.internal:8007
2026-08-28 05:55:13.259 Rejecting WebSocket connection with disallowed Origin or Host header: origin=https://8501-gpu-t4-s-kkb-usw1b1-1a03ljxsekluj-b.us-west1-1.prod.colab.dev, host=gpu-t4-s-kkb-usw1b1-1a03ljxsekluj.us-west1-b.c.codatalab-user-runtimes.internal:8007
2026-08-28 05:55:17.870 Rejecting WebSocket connection with disallowed Origin or Host header: origin=https://8501-gpu-t4-s-kkb-usw1b1-1a03ljxsekluj-b.us-west1-1.prod.colab.dev, host=gpu-t4-s-kkb-usw1b1-1a03ljxsekluj.us-west1-b.c.codatalab-user-runtimes.internal:8007
2026-08-28 05:55:22.244 Rejecting WebSocket connection with disallowed Origin or Host header: origin=https://8501-gpu-t4-s-kkb-usw1b1-1a03ljxsekluj-b.us-west1-1.prod.colab.dev, host=gpu-t4-s-kkb-usw1b1-1a03ljxsekluj.us-west1-b.c.codatalab-user-runtimes.internal:8007
2026-08-28 05:55:25.828 Rejecting WebSocket connection with disallowed Origin or Host header: origin=https://8501-gpu-t4-s-kkb-usw1b1-1a03ljxsekluj-b.us-west1-1.prod.colab.dev, host=gpu-t4-s-kkb-usw1b1-1a03ljxsekluj.us-west1-b.c.codatalab-user-runtimes.internal:8007
2026-08-28 05:55:29.921 Rejecting WebSocket connection with disallowed Origin or Host header: origin=https://8501-gpu-t4-s-kkb-usw1b1-1a03ljxsekluj-b.us-west1-1.prod.colab.dev, host=gpu-t4-s-kkb-usw1b1-1a03ljxsekluj.us-west1-b.c.codatalab-user-runtimes.internal:8007
2026-08-28 05:55:33.924 Rejecting WebSocket connection with disallowed Origin or Host header: origin=https://8501-gpu-t4-s-kkb-usw1b1-1a03ljxsekluj-b.us-west1-1.prod.colab.dev, host=gpu-t4-s-kkb-usw1b1-1a03ljxsekluj.us-west1-b.c.codatalab-user-runtimes.internal:8007
2026-08-28 05:55:38.318 Rejecting WebSocket connection with disallowed Origin or Host header: origin=https://8501-gpu-t4-s-kkb-usw1b1-1a03ljxsekluj-b.us-west1-1.prod.colab.dev, host=gpu-t4-s-kkb-usw1b1-1a03ljxsekluj.us-west1-b.c.codatalab-user-runtimes.internal:8007
2026-08-28 05:55:41.938 Rejecting WebSocket connection with disallowed Origin or Host header: origin=https://8501-gpu-t4-s-kkb-usw1b1-1a03ljxsekluj-b.us-west1-1.prod.colab.dev, host=gpu-t4-s-kkb-usw1b1-1a03ljxsekluj.us-west1-b.c.codatalab-user-runtimes.internal:8007
2026-08-28 05:55:46.084 Rejecting WebSocket connection with disallowed Origin or Host header: origin=https://8501-gpu-t4-s-kkb-usw1b1-1a03ljxsekluj-b.us-west1-1.prod.colab.dev, host=gpu-t4-s-kkb-usw1b1-1a03ljxsekluj.us-west1-b.c.codatalab-user-runtimes.internal:8007
2026-08-28 05:55:51.111 Rejecting WebSocket connection with disallowed Origin or Host header: origin=https://8501-gpu-t4-s-kkb-usw1b1-1a03ljxsekluj-b.us-west1-1.prod.colab.dev, host=gpu-t4-s-kkb-usw1b1-1a03ljxsekluj.us-west1-b.c.codatalab-user-runtimes.internal:8007
2026-08-28 05:55:55.174 Rejecting WebSocket connection with disallowed Origin or Host header: origin=https://8501-gpu-t4-s-kkb-usw1b1-1a03ljxsekluj-b.us-west1-1.prod.colab.dev, host=gpu-t4-s-kkb-usw1b1-1a03ljxsekluj.us-west1-b.c.codatalab-user-runtimes.internal:8007
2026-08-28 05:56:07.981 Rejecting WebSocket connection with disallowed Origin or Host header: origin=https://8501-gpu-t4-s-kkb-usw1b1-1a03ljxsekluj-b.us-west1-1.prod.colab.dev, host=gpu-t4-s-kkb-usw1b1-1a03ljxsekluj.us-west1-b.c.codatalab-user-runtimes.internal:8007
2026-08-28 05:56:14.205 Rejecting WebSocket connection with disallowed Origin or Host header: origin=https://8501-gpu-t4-s-kkb-usw1b1-1a03ljxsekluj-b.us-west1-1.prod.colab.dev, host=gpu-t4-s-kkb-usw1b1-1a03ljxsekluj.us-west1-b.c.codatalab-user-runtimes.internal:8007
2026-08-28 05:56:23.035 Rejecting WebSocket connection with disallowed Origin or Host header: origin=https://8501-gpu-t4-s-kkb-usw1b1-1a03ljxsekluj-b.us-west1-1.prod.colab.dev, host=gpu-t4-s-kkb-usw1b1-1a03ljxsekluj.us-west1-b.c.codatalab-user-runtimes.internal:8007
2026-08-28 05:56:27.143 Rejecting WebSocket connection with disallowed Origin or Host header: origin=https://8501-gpu-t4-s-kkb-usw1b1-1a03ljxsekluj-b.us-west1-1.prod.colab.dev, host=gpu-t4-s-kkb-usw1b1-1a03ljxsekluj.us-west1-b.c.codatalab-user-runtimes.internal:8007
2026-08-28 05:56:34.750 Rejecting WebSocket connection with disallowed Origin or Host header: origin=https://8501-gpu-t4-s-kkb-usw1b1-1a03ljxsekluj-b.us-west1-1.prod.colab.dev, host=gpu-t4-s-kkb-usw1b1-1a03ljxsekluj.us-west1-b.c.codatalab-user-runtimes.internal:8007
2026-08-28 05:56:50.548 Rejecting WebSocket connection with disallowed Origin or Host header: origin=https://8501-gpu-t4-s-kkb-usw1b1-1a03ljxsekluj-b.us-west1-1.prod.colab.dev, host=gpu-t4-s-kkb-usw1b1-1a03ljxsekluj.us-west1-b.c.codatalab-user-runtimes.internal:8007
2026-08-28 05:56:55.350 Rejecting WebSocket connection with disallowed Origin or Host header: origin=https://8501-gpu-t4-s-kkb-usw1b1-1a03ljxsekluj-b.us-west1-1.prod.colab.dev, host=gpu-t4-s-kkb-usw1b1-1a03ljxsekluj.us-west1-b.c.codatalab-user-runtimes.internal:8007
2026-08-28 05:57:03.148 Rejecting WebSocket connection with disallowed Origin or Host header: origin=https://8501-gpu-t4-s-kkb-usw1b1-1a03ljxsekluj-b.us-west1-1.prod.colab.dev, host=gpu-t4-s-kkb-usw1b1-1a03ljxsekluj.us-west1-b.c.codatalab-user-runtimes.internal:8007
2026-08-28 05:57:08.970 Rejecting WebSocket connection with disallowed Origin or Host header: origin=https://8501-gpu-t4-s-kkb-usw1b1-1a03ljxsekluj-b.us-west1-1.prod.colab.dev, host=gpu-t4-s-kkb-usw1b1-1a03ljxsekluj.us-west1-b.c.codatalab-user-runtimes.internal:8007
2026-08-28 05:57:15.542 Rejecting WebSocket connection with disallowed Origin or Host header: origin=https://8501-gpu-t4-s-kkb-usw1b1-1a03ljxsekluj-b.us-west1-1.prod.colab.dev, host=gpu-t4-s-kkb-usw1b1-1a03ljxsekluj.us-west1-b.c.codatalab-user-runtimes.internal:8007
2026-08-28 05:57:22.069 Rejecting WebSocket connection with disallowed Origin or Host header: origin=https://8501-gpu-t4-s-kkb-usw1b1-1a03ljxsekluj-b.us-west1-1.prod.colab.dev, host=gpu-t4-s-kkb-usw1b1-1a03ljxsekluj.us-west1-b.c.codatalab-user-runtimes.internal:8007
2026-08-28 05:57:36.225 Rejecting WebSocket connection with disallowed Origin or Host header: origin=https://8501-gpu-t4-s-kkb-usw1b1-1a03ljxsekluj-b.us-west1-1.prod.colab.dev, host=gpu-t4-s-kkb-usw1b1-1a03ljxsekluj.us-west1-b.c.codatalab-user-runtimes.internal:8007
2026-08-28 05:57:43.460 Rejecting WebSocket connection with disallowed Origin or Host header: origin=https://8501-gpu-t4-s-kkb-usw1b1-1a03ljxsekluj-b.us-west1-1.prod.colab.dev, host=gpu-t4-s-kkb-usw1b1-1a03ljxsekluj.us-west1-b.c.codatalab-user-runtimes.internal:8007
2026-08-28 05:57:51.685 Rejecting WebSocket connection with disallowed Origin or Host header: origin=https://8501-gpu-t4-s-kkb-usw1b1-1a03ljxsekluj-b.us-west1-1.prod.colab.dev, host=gpu-t4-s-kkb-usw1b1-1a03ljxsekluj.us-west1-b.c.codatalab-user-runtimes.internal:8007
2026-08-28 05:57:57.861 Rejecting WebSocket connection with disallowed Origin or Host header: origin=https://8501-gpu-t4-s-kkb-usw1b1-1a03ljxsekluj-b.us-west1-1.prod.colab.dev, host=gpu-t4-s-kkb-usw1b1-1a03ljxsekluj.us-west1-b.c.codatalab-user-runtimes.internal:8007
2026-08-28 05:58:04.389 Rejecting WebSocket connection with disallowed Origin or Host header: origin=https://8501-gpu-t4-s-kkb-usw1b1-1a03ljxsekluj-b.us-west1-1.prod.colab.dev, host=gpu-t4-s-kkb-usw1b1-1a03ljxsekluj.us-west1-b.c.codatalab-user-runtimes.internal:8007
2026-08-28 05:58:11.978 Rejecting WebSocket connection with disallowed Origin or Host header: origin=https://8501-gpu-t4-s-kkb-usw1b1-1a03ljxsekluj-b.us-west1-1.prod.colab.dev, host=gpu-t4-s-kkb-usw1b1-1a03ljxsekluj.us-west1-b.c.codatalab-user-runtimes.internal:8007
2026-08-28 05:58:16.698 Rejecting WebSocket connection with disallowed Origin or Host header: origin=https://8501-gpu-t4-s-kkb-usw1b1-1a03ljxsekluj-b.us-west1-1.prod.colab.dev, host=gpu-t4-s-kkb-usw1b1-1a03ljxsekluj.us-west1-b.c.codatalab-user-runtimes.internal:8007
2026-08-28 05:58:21.662 Rejecting WebSocket connection with disallowed Origin or Host header: origin=https://8501-gpu-t4-s-kkb-usw1b1-1a03ljxsekluj-b.us-west1-1.prod.colab.dev, host=gpu-t4-s-kkb-usw1b1-1a03ljxsekluj.us-west1-b.c.codatalab-user-runtimes.internal:8007
2026-08-28 05:58:30.342 Rejecting WebSocket connection with disallowed Origin or Host header: origin=https://8501-gpu-t4-s-kkb-usw1b1-1a03ljxsekluj-b.us-west1-1.prod.colab.dev, host=gpu-t4-s-kkb-usw1b1-1a03ljxsekluj.us-west1-b.c.codatalab-user-runtimes.internal:8007
2026-08-28 05:58:36.256 Rejecting WebSocket connection with disallowed Origin or Host header: origin=https://8501-gpu-t4-s-kkb-usw1b1-1a03ljxsekluj-b.us-west1-1.prod.colab.dev, host=gpu-t4-s-kkb-usw1b1-1a03ljxsekluj.us-west1-b.c.codatalab-user-runtimes.internal:8007
2026-08-28 05:58:41.153 Rejecting WebSocket connection with disallowed Origin or Host header: origin=https://8501-gpu-t4-s-kkb-usw1b1-1a03ljxsekluj-b.us-west1-1.prod.colab.dev, host=gpu-t4-s-kkb-usw1b1-1a03ljxsekluj.us-west1-b.c.codatalab-user-runtimes.internal:8007
2026-08-28 05:58:49.686 Rejecting WebSocket connection with disallowed Origin or Host header: origin=https://8501-gpu-t4-s-kkb-usw1b1-1a03ljxsekluj-b.us-west1-1.prod.colab.dev, host=gpu-t4-s-kkb-usw1b1-1a03ljxsekluj.us-west1-b.c.codatalab-user-runtimes.internal:8007
2026-08-28 05:58:55.375 Rejecting WebSocket connection with disallowed Origin or Host header: origin=https://8501-gpu-t4-s-kkb-usw1b1-1a03ljxsekluj-b.us-west1-1.prod.colab.dev, host=gpu-t4-s-kkb-usw1b1-1a03ljxsekluj.us-west1-b.c.codatalab-user-runtimes.internal:8007
2026-08-28 05:58:59.901 Rejecting WebSocket connection with disallowed Origin or Host header: origin=https://8501-gpu-t4-s-kkb-usw1b1-1a03ljxsekluj-b.us-west1-1.prod.colab.dev, host=gpu-t4-s-kkb-usw1b1-1a03ljxsekluj.us-west1-b.c.codatalab-user-runtimes.internal:8007
2026-08-28 05:59:05.303 Rejecting WebSocket connection with disallowed Origin or Host header: origin=https://8501-gpu-t4-s-kkb-usw1b1-1a03ljxsekluj-b.us-west1-1.prod.colab.dev, host=gpu-t4-s-kkb-usw1b1-1a03ljxsekluj.us-west1-b.c.codatalab-user-runtimes.internal:8007
2026-08-28 05:59:09.869 Rejecting WebSocket connection with disallowed Origin or Host header: origin=https://8501-gpu-t4-s-kkb-usw1b1-1a03ljxsekluj-b.us-west1-1.prod.colab.dev, host=gpu-t4-s-kkb-usw1b1-1a03ljxsekluj.us-west1-b.c.codatalab-user-runtimes.internal:8007
2026-08-28 05:59:13.855 Rejecting WebSocket connection with disallowed Origin or Host header: origin=https://8501-gpu-t4-s-kkb-usw1b1-1a03ljxsekluj-b.us-west1-1.prod.colab.dev, host=gpu-t4-s-kkb-usw1b1-1a03ljxsekluj.us-west1-b.c.codatalab-user-runtimes.internal:8007
2026-08-28 05:59:18.257 Rejecting WebSocket connection with disallowed Origin or Host header: origin=https://8501-gpu-t4-s-kkb-usw1b1-1a03ljxsekluj-b.us-west1-1.prod.colab.dev, host=gpu-t4-s-kkb-usw1b1-1a03ljxsekluj.us-west1-b.c.codatalab-user-runtimes.internal:8007
2026-08-28 05:59:22.940 Rejecting WebSocket connection with disallowed Origin or Host header: origin=https://8501-gpu-t4-s-kkb-usw1b1-1a03ljxsekluj-b.us-west1-1.prod.colab.dev, host=gpu-t4-s-kkb-usw1b1-1a03ljxsekluj.us-west1-b.c.codatalab-user-runtimes.internal:8007
2026-08-28 05:59:26.943 Rejecting WebSocket connection with disallowed Origin or Host header: origin=https://8501-gpu-t4-s-kkb-usw1b1-1a03ljxsekluj-b.us-west1-1.prod.colab.dev, host=gpu-t4-s-kkb-usw1b1-1a03ljxsekluj.us-west1-b.c.codatalab-user-runtimes.internal:8007
2026-08-28 05:59:33.457 Rejecting WebSocket connection with disallowed Origin or Host header: origin=https://8501-gpu-t4-s-kkb-usw1b1-1a03ljxsekluj-b.us-west1-1.prod.colab.dev, host=gpu-t4-s-kkb-usw1b1-1a03ljxsekluj.us-west1-b.c.codatalab-user-runtimes.internal:8007
2026-08-28 05:59:37.364 Rejecting WebSocket connection with disallowed Origin or Host header: origin=https://8501-gpu-t4-s-kkb-usw1b1-1a03ljxsekluj-b.us-west1-1.prod.colab.dev, host=gpu-t4-s-kkb-usw1b1-1a03ljxsekluj.us-west1-b.c.codatalab-user-runtimes.internal:8007
2026-08-28 05:59:42.405 Rejecting WebSocket connection with disallowed Origin or Host header: origin=https://8501-gpu-t4-s-kkb-usw1b1-1a03ljxsekluj-b.us-west1-1.prod.colab.dev, host=gpu-t4-s-kkb-usw1b1-1a03ljxsekluj.us-west1-b.c.codatalab-user-runtimes.internal:8007
2026-08-28 05:59:46.257 Rejecting WebSocket connection with disallowed Origin or Host header: origin=https://8501-gpu-t4-s-kkb-usw1b1-1a03ljxsekluj-b.us-west1-1.prod.colab.dev, host=gpu-t4-s-kkb-usw1b1-1a03ljxsekluj.us-west1-b.c.codatalab-user-runtimes.internal:8007
2026-08-28 05:59:51.348 Rejecting WebSocket connection with disallowed Origin or Host header: origin=https://8501-gpu-t4-s-kkb-usw1b1-1a03ljxsekluj-b.us-west1-1.prod.colab.dev, host=gpu-t4-s-kkb-usw1b1-1a03ljxsekluj.us-west1-b.c.codatalab-user-runtimes.internal:8007
2026-08-28 05:59:55.347 Rejecting WebSocket connection with disallowed Origin or Host header: origin=https://8501-gpu-t4-s-kkb-usw1b1-1a03ljxsekluj-b.us-west1-1.prod.colab.dev, host=gpu-t4-s-kkb-usw1b1-1a03ljxsekluj.us-west1-b.c.codatalab-user-runtimes.internal:8007
2026-08-28 05:59:59.201 Rejecting WebSocket connection with disallowed Origin or Host header: origin=https://8501-gpu-t4-s-kkb-usw1b1-1a03ljxsekluj-b.us-west1-1.prod.colab.dev, host=gpu-t4-s-kkb-usw1b1-1a03ljxsekluj.us-west1-b.c.codatalab-user-runtimes.internal:8007
2026-08-28 06:00:03.731 Rejecting WebSocket connection with disallowed Origin or Host header: origin=https://8501-gpu-t4-s-kkb-usw1b1-1a03ljxsekluj-b.us-west1-1.prod.colab.dev, host=gpu-t4-s-kkb-usw1b1-1a03ljxsekluj.us-west1-b.c.codatalab-user-runtimes.internal:8007
2026-08-28 06:00:09.599 Rejecting WebSocket connection with disallowed Origin or Host header: origin=https://8501-gpu-t4-s-kkb-usw1b1-1a03ljxsekluj-b.us-west1-1.prod.colab.dev, host=gpu-t4-s-kkb-usw1b1-1a03ljxsekluj.us-west1-b.c.codatalab-user-runtimes.internal:8007
2026-08-28 06:00:15.848 Rejecting WebSocket connection with disallowed Origin or Host header: origin=https://8501-gpu-t4-s-kkb-usw1b1-1a03ljxsekluj-b.us-west1-1.prod.colab.dev, host=gpu-t4-s-kkb-usw1b1-1a03ljxsekluj.us-west1-b.c.codatalab-user-runtimes.internal:8007
2026-08-28 06:00:22.803 Rejecting WebSocket connection with disallowed Origin or Host header: origin=https://8501-gpu-t4-s-kkb-usw1b1-1a03ljxsekluj-b.us-west1-1.prod.colab.dev, host=gpu-t4-s-kkb-usw1b1-1a03ljxsekluj.us-west1-b.c.codatalab-user-runtimes.internal:8007
2026-08-28 06:00:28.265 Rejecting WebSocket connection with disallowed Origin or Host header: origin=https://8501-gpu-t4-s-kkb-usw1b1-1a03ljxsekluj-b.us-west1-1.prod.colab.dev, host=gpu-t4-s-kkb-usw1b1-1a03ljxsekluj.us-west1-b.c.codatalab-user-runtimes.internal:8007
2026-08-28 06:00:37.434 Rejecting WebSocket connection with disallowed Origin or Host header: origin=https://8501-gpu-t4-s-kkb-usw1b1-1a03ljxsekluj-b.us-west1-1.prod.colab.dev, host=gpu-t4-s-kkb-usw1b1-1a03ljxsekluj.us-west1-b.c.codatalab-user-runtimes.internal:8007
2026-08-28 06:00:46.782 Rejecting WebSocket connection with disallowed Origin or Host header: origin=https://8501-gpu-t4-s-kkb-usw1b1-1a03ljxsekluj-b.us-west1-1.prod.colab.dev, host=gpu-t4-s-kkb-usw1b1-1a03ljxsekluj.us-west1-b.c.codatalab-user-runtimes.internal:8007
2026-08-28 06:00:53.521 Rejecting WebSocket connection with disallowed Origin or Host header: origin=https://8501-gpu-t4-s-kkb-usw1b1-1a03ljxsekluj-b.us-west1-1.prod.colab.dev, host=gpu-t4-s-kkb-usw1b1-1a03ljxsekluj.us-west1-b.c.codatalab-user-runtimes.internal:8007
2026-08-28 06:01:02.436 Rejecting WebSocket connection with disallowed Origin or Host header: origin=https://8501-gpu-t4-s-kkb-usw1b1-1a03ljxsekluj-b.us-west1-1.prod.colab.dev, host=gpu-t4-s-kkb-usw1b1-1a03ljxsekluj.us-west1-b.c.codatalab-user-runtimes.internal:8007
2026-08-28 06:01:08.097 Rejecting WebSocket connection with disallowed Origin or Host header: origin=https://8501-gpu-t4-s-kkb-usw1b1-1a03ljxsekluj-b.us-west1-1.prod.colab.dev, host=gpu-t4-s-kkb-usw1b1-1a03ljxsekluj.us-west1-b.c.codatalab-user-runtimes.internal:8007
2026-08-28 06:01:15.951 Rejecting WebSocket connection with disallowed Origin or Host header: origin=https://8501-gpu-t4-s-kkb-usw1b1-1a03ljxsekluj-b.us-west1-1.prod.colab.dev, host=gpu-t4-s-kkb-usw1b1-1a03ljxsekluj.us-west1-b.c.codatalab-user-runtimes.internal:8007
2026-08-28 06:01:22.184 Rejecting WebSocket connection with disallowed Origin or Host header: origin=https://8501-gpu-t4-s-kkb-usw1b1-1a03ljxsekluj-b.us-west1-1.prod.colab.dev, host=gpu-t4-s-kkb-usw1b1-1a03ljxsekluj.us-west1-b.c.codatalab-user-runtimes.internal:8007
2026-08-28 06:01:30.202 Rejecting WebSocket connection with disallowed Origin or Host header: origin=https://8501-gpu-t4-s-kkb-usw1b1-1a03ljxsekluj-b.us-west1-1.prod.colab.dev, host=gpu-t4-s-kkb-usw1b1-1a03ljxsekluj.us-west1-b.c.codatalab-user-runtimes.internal:8007
2026-08-28 06:01:37.806 Rejecting WebSocket connection with disallowed Origin or Host header: origin=https://8501-gpu-t4-s-kkb-usw1b1-1a03ljxsekluj-b.us-west1-1.prod.colab.dev, host=gpu-t4-s-kkb-usw1b1-1a03ljxsekluj.us-west1-b.c.codatalab-user-runtimes.internal:8007
2026-08-28 06:01:46.374 Rejecting WebSocket connection with disallowed Origin or Host header: origin=https://8501-gpu-t4-s-kkb-usw1b1-1a03ljxsekluj-b.us-west1-1.prod.colab.dev, host=gpu-t4-s-kkb-usw1b1-1a03ljxsekluj.us-west1-b.c.codatalab-user-runtimes.internal:8007
2026-08-28 06:01:51.252 Rejecting WebSocket connection with disallowed Origin or Host header: origin=https://8501-gpu-t4-s-kkb-usw1b1-1a03ljxsekluj-b.us-west1-1.prod.colab.dev, host=gpu-t4-s-kkb-usw1b1-1a03ljxsekluj.us-west1-b.c.codatalab-user-runtimes.internal:8007
2026-08-28 06:01:58.340 Rejecting WebSocket connection with disallowed Origin or Host header: origin=https://8501-gpu-t4-s-kkb-usw1b1-1a03ljxsekluj-b.us-west1-1.prod.colab.dev, host=gpu-t4-s-kkb-usw1b1-1a03ljxsekluj.us-west1-b.c.codatalab-user-runtimes.internal:8007
2026-08-28 06:02:04.081 Rejecting WebSocket connection with disallowed Origin or Host header: origin=https://8501-gpu-t4-s-kkb-usw1b1-1a03ljxsekluj-b.us-west1-1.prod.colab.dev, host=gpu-t4-s-kkb-usw1b1-1a03ljxsekluj.us-west1-b.c.codatalab-user-runtimes.internal:8007
2026-08-28 06:02:11.991 Rejecting WebSocket connection with disallowed Origin or Host header: origin=https://8501-gpu-t4-s-kkb-usw1b1-1a03ljxsekluj-b.us-west1-1.prod.colab.dev, host=gpu-t4-s-kkb-usw1b1-1a03ljxsekluj.us-west1-b.c.codatalab-user-runtimes.internal:8007
2026-08-28 06:02:20.227 Rejecting WebSocket connection with disallowed Origin or Host header: origin=https://8501-gpu-t4-s-kkb-usw1b1-1a03ljxsekluj-b.us-west1-1.prod.colab.dev, host=gpu-t4-s-kkb-usw1b1-1a03ljxsekluj.us-west1-b.c.codatalab-user-runtimes.internal:8007
2026-08-28 06:02:29.064 Rejecting WebSocket connection with disallowed Origin or Host header: origin=https://8501-gpu-t4-s-kkb-usw1b1-1a03ljxsekluj-b.us-west1-1.prod.colab.dev, host=gpu-t4-s-kkb-usw1b1-1a03ljxsekluj.us-west1-b.c.codatalab-user-runtimes.internal:8007
2026-08-28 06:02:35.449 Rejecting WebSocket connection with disallowed Origin or Host header: origin=https://8501-gpu-t4-s-kkb-usw1b1-1a03ljxsekluj-b.us-west1-1.prod.colab.dev, host=gpu-t4-s-kkb-usw1b1-1a03ljxsekluj.us-west1-b.c.codatalab-user-runtimes.internal:8007
2026-08-28 06:02:48.215 Rejecting WebSocket connection with disallowed Origin or Host header: origin=https://8501-gpu-t4-s-kkb-usw1b1-1a03ljxsekluj-b.us-west1-1.prod.colab.dev, host=gpu-t4-s-kkb-usw1b1-1a03ljxsekluj.us-west1-b.c.codatalab-user-runtimes.internal:8007
2026-08-28 06:02:56.499 Rejecting WebSocket connection with disallowed Origin or Host header: origin=https://8501-gpu-t4-s-kkb-usw1b1-1a03ljxsekluj-b.us-west1-1.prod.colab.dev, host=gpu-t4-s-kkb-usw1b1-1a03ljxsekluj.us-west1-b.c.codatalab-user-runtimes.internal:8007
2026-08-28 06:03:01.111 Rejecting WebSocket connection with disallowed Origin or Host header: origin=https://8501-gpu-t4-s-kkb-usw1b1-1a03ljxsekluj-b.us-west1-1.prod.colab.dev, host=gpu-t4-s-kkb-usw1b1-1a03ljxsekluj.us-west1-b.c.codatalab-user-runtimes.internal:8007
2026-08-28 06:03:05.021 Rejecting WebSocket connection with disallowed Origin or Host header: origin=https://8501-gpu-t4-s-kkb-usw1b1-1a03ljxsekluj-b.us-west1-1.prod.colab.dev, host=gpu-t4-s-kkb-usw1b1-1a03ljxsekluj.us-west1-b.c.codatalab-user-runtimes.internal:8007
2026-08-28 06:03:09.418 Rejecting WebSocket connection with disallowed Origin or Host header: origin=https://8501-gpu-t4-s-kkb-usw1b1-1a03ljxsekluj-b.us-west1-1.prod.colab.dev, host=gpu-t4-s-kkb-usw1b1-1a03ljxsekluj.us-west1-b.c.codatalab-user-runtimes.internal:8007
2026-08-28 06:03:13.557 Rejecting WebSocket connection with disallowed Origin or Host header: origin=https://8501-gpu-t4-s-kkb-usw1b1-1a03ljxsekluj-b.us-west1-1.prod.colab.dev, host=gpu-t4-s-kkb-usw1b1-1a03ljxsekluj.us-west1-b.c.codatalab-user-runtimes.internal:8007
2026-08-28 06:03:22.534 Rejecting WebSocket connection with disallowed Origin or Host header: origin=https://8501-gpu-t4-s-kkb-usw1b1-1a03ljxsekluj-b.us-west1-1.prod.colab.dev, host=gpu-t4-s-kkb-usw1b1-1a03ljxsekluj.us-west1-b.c.codatalab-user-runtimes.internal:8007
2026-08-28 06:03:28.142 Rejecting WebSocket connection with disallowed Origin or Host header: origin=https://8501-gpu-t4-s-kkb-usw1b1-1a03ljxsekluj-b.us-west1-1.prod.colab.dev, host=gpu-t4-s-kkb-usw1b1-1a03ljxsekluj.us-west1-b.c.codatalab-user-runtimes.internal:8007
2026-08-28 06:03:33.307 Rejecting WebSocket connection with disallowed Origin or Host header: origin=https://8501-gpu-t4-s-kkb-usw1b1-1a03ljxsekluj-b.us-west1-1.prod.colab.dev, host=gpu-t4-s-kkb-usw1b1-1a03ljxsekluj.us-west1-b.c.codatalab-user-runtimes.internal:8007
2026-08-28 06:03:37.578 Rejecting WebSocket connection with disallowed Origin or Host header: origin=https://8501-gpu-t4-s-kkb-usw1b1-1a03ljxsekluj-b.us-west1-1.prod.colab.dev, host=gpu-t4-s-kkb-usw1b1-1a03ljxsekluj.us-west1-b.c.codatalab-user-runtimes.internal:8007
2026-08-28 06:03:41.047 Rejecting WebSocket connection with disallowed Origin or Host header: origin=https://8501-gpu-t4-s-kkb-usw1b1-1a03ljxsekluj-b.us-west1-1.prod.colab.dev, host=gpu-t4-s-kkb-usw1b1-1a03ljxsekluj.us-west1-b.c.codatalab-user-runtimes.internal:8007
2026-08-28 06:03:46.281 Rejecting WebSocket connection with disallowed Origin or Host header: origin=https://8501-gpu-t4-s-kkb-usw1b1-1a03ljxsekluj-b.us-west1-1.prod.colab.dev, host=gpu-t4-s-kkb-usw1b1-1a03ljxsekluj.us-west1-b.c.codatalab-user-runtimes.internal:8007
2026-08-28 06:03:51.090 Rejecting WebSocket connection with disallowed Origin or Host header: origin=https://8501-gpu-t4-s-kkb-usw1b1-1a03ljxsekluj-b.us-west1-1.prod.colab.dev, host=gpu-t4-s-kkb-usw1b1-1a03ljxsekluj.us-west1-b.c.codatalab-user-runtimes.internal:8007
2026-08-28 06:03:56.225 Rejecting WebSocket connection with disallowed Origin or Host header: origin=https://8501-gpu-t4-s-kkb-usw1b1-1a03ljxsekluj-b.us-west1-1.prod.colab.dev, host=gpu-t4-s-kkb-usw1b1-1a03ljxsekluj.us-west1-b.c.codatalab-user-runtimes.internal:8007
2026-08-28 06:04:01.627 Rejecting WebSocket connection with disallowed Origin or Host header: origin=https://8501-gpu-t4-s-kkb-usw1b1-1a03ljxsekluj-b.us-west1-1.prod.colab.dev, host=gpu-t4-s-kkb-usw1b1-1a03ljxsekluj.us-west1-b.c.codatalab-user-runtimes.internal:8007
2026-08-28 06:04:06.659 Rejecting WebSocket connection with disallowed Origin or Host header: origin=https://8501-gpu-t4-s-kkb-usw1b1-1a03ljxsekluj-b.us-west1-1.prod.colab.dev, host=gpu-t4-s-kkb-usw1b1-1a03ljxsekluj.us-west1-b.c.codatalab-user-runtimes.internal:8007
2026-08-28 06:04:10.620 Rejecting WebSocket connection with disallowed Origin or Host header: origin=https://8501-gpu-t4-s-kkb-usw1b1-1a03ljxsekluj-b.us-west1-1.prod.colab.dev, host=gpu-t4-s-kkb-usw1b1-1a03ljxsekluj.us-west1-b.c.codatalab-user-runtimes.internal:8007
2026-08-28 06:04:16.368 Rejecting WebSocket connection with disallowed Origin or Host header: origin=https://8501-gpu-t4-s-kkb-usw1b1-1a03ljxsekluj-b.us-west1-1.prod.colab.dev, host=gpu-t4-s-kkb-usw1b1-1a03ljxsekluj.us-west1-b.c.codatalab-user-runtimes.internal:8007
2026-08-28 06:04:23.142 Rejecting WebSocket connection with disallowed Origin or Host header: origin=https://8501-gpu-t4-s-kkb-usw1b1-1a03ljxsekluj-b.us-west1-1.prod.colab.dev, host=gpu-t4-s-kkb-usw1b1-1a03ljxsekluj.us-west1-b.c.codatalab-user-runtimes.internal:8007
2026-08-28 06:04:28.294 Rejecting WebSocket connection with disallowed Origin or Host header: origin=https://8501-gpu-t4-s-kkb-usw1b1-1a03ljxsekluj-b.us-west1-1.prod.colab.dev, host=gpu-t4-s-kkb-usw1b1-1a03ljxsekluj.us-west1-b.c.codatalab-user-runtimes.internal:8007
2026-08-28 06:04:34.911 Rejecting WebSocket connection with disallowed Origin or Host header: origin=https://8501-gpu-t4-s-kkb-usw1b1-1a03ljxsekluj-b.us-west1-1.prod.colab.dev, host=gpu-t4-s-kkb-usw1b1-1a03ljxsekluj.us-west1-b.c.codatalab-user-runtimes.internal:8007
2026-08-28 06:04:43.584 Rejecting WebSocket connection with disallowed Origin or Host header: origin=https://8501-gpu-t4-s-kkb-usw1b1-1a03ljxsekluj-b.us-west1-1.prod.colab.dev, host=gpu-t4-s-kkb-usw1b1-1a03ljxsekluj.us-west1-b.c.codatalab-user-runtimes.internal:8007
2026-08-28 06:04:51.250 Rejecting WebSocket connection with disallowed Origin or Host header: origin=https://8501-gpu-t4-s-kkb-usw1b1-1a03ljxsekluj-b.us-west1-1.prod.colab.dev, host=gpu-t4-s-kkb-usw1b1-1a03ljxsekluj.us-west1-b.c.codatalab-user-runtimes.internal:8007
2026-08-28 06:04:58.610 Rejecting WebSocket connection with disallowed Origin or Host header: origin=https://8501-gpu-t4-s-kkb-usw1b1-1a03ljxsekluj-b.us-west1-1.prod.colab.dev, host=gpu-t4-s-kkb-usw1b1-1a03ljxsekluj.us-west1-b.c.codatalab-user-runtimes.internal:8007
2026-08-28 06:05:03.074 Rejecting WebSocket connection with disallowed Origin or Host header: origin=https://8501-gpu-t4-s-kkb-usw1b1-1a03ljxsekluj-b.us-west1-1.prod.colab.dev, host=gpu-t4-s-kkb-usw1b1-1a03ljxsekluj.us-west1-b.c.codatalab-user-runtimes.internal:8007
2026-08-28 06:05:06.041 Rejecting WebSocket connection with disallowed Origin or Host header: origin=https://8501-gpu-t4-s-kkb-usw1b1-1a03ljxsekluj-b.us-west1-1.prod.colab.dev, host=gpu-t4-s-kkb-usw1b1-1a03ljxsekluj.us-west1-b.c.codatalab-user-runtimes.internal:8007
2026-08-28 06:05:09.958 Rejecting WebSocket connection with disallowed Origin or Host header: origin=https://8501-gpu-t4-s-kkb-usw1b1-1a03ljxsekluj-b.us-west1-1.prod.colab.dev, host=gpu-t4-s-kkb-usw1b1-1a03ljxsekluj.us-west1-b.c.codatalab-user-runtimes.internal:8007
2026-08-28 06:05:14.566 Rejecting WebSocket connection with disallowed Origin or Host header: origin=https://8501-gpu-t4-s-kkb-usw1b1-1a03ljxsekluj-b.us-west1-1.prod.colab.dev, host=gpu-t4-s-kkb-usw1b1-1a03ljxsekluj.us-west1-b.c.codatalab-user-runtimes.internal:8007
2026-08-28 06:05:19.802 Rejecting WebSocket connection with disallowed Origin or Host header: origin=https://8501-gpu-t4-s-kkb-usw1b1-1a03ljxsekluj-b.us-west1-1.prod.colab.dev, host=gpu-t4-s-kkb-usw1b1-1a03ljxsekluj.us-west1-b.c.codatalab-user-runtimes.internal:8007
2026-08-28 06:05:25.364 Rejecting WebSocket connection with disallowed Origin or Host header: origin=https://8501-gpu-t4-s-kkb-usw1b1-1a03ljxsekluj-b.us-west1-1.prod.colab.dev, host=gpu-t4-s-kkb-usw1b1-1a03ljxsekluj.us-west1-b.c.codatalab-user-runtimes.internal:8007
2026-08-28 06:05:29.815 Rejecting WebSocket connection with disallowed Origin or Host header: origin=https://8501-gpu-t4-s-kkb-usw1b1-1a03ljxsekluj-b.us-west1-1.prod.colab.dev, host=gpu-t4-s-kkb-usw1b1-1a03ljxsekluj.us-west1-b.c.codatalab-user-runtimes.internal:8007
2026-08-28 06:05:34.882 Rejecting WebSocket connection with disallowed Origin or Host header: origin=https://8501-gpu-t4-s-kkb-usw1b1-1a03ljxsekluj-b.us-west1-1.prod.colab.dev, host=gpu-t4-s-kkb-usw1b1-1a03ljxsekluj.us-west1-b.c.codatalab-user-runtimes.internal:8007
2026-08-28 06:05:39.429 Rejecting WebSocket connection with disallowed Origin or Host header: origin=https://8501-gpu-t4-s-kkb-usw1b1-1a03ljxsekluj-b.us-west1-1.prod.colab.dev, host=gpu-t4-s-kkb-usw1b1-1a03ljxsekluj.us-west1-b.c.codatalab-user-runtimes.internal:8007
2026-08-28 06:05:43.432 Rejecting WebSocket connection with disallowed Origin or Host header: origin=https://8501-gpu-t4-s-kkb-usw1b1-1a03ljxsekluj-b.us-west1-1.prod.colab.dev, host=gpu-t4-s-kkb-usw1b1-1a03ljxsekluj.us-west1-b.c.codatalab-user-runtimes.internal:8007
2026-08-28 06:05:47.876 Rejecting WebSocket connection with disallowed Origin or Host header: origin=https://8501-gpu-t4-s-kkb-usw1b1-1a03ljxsekluj-b.us-west1-1.prod.colab.dev, host=gpu-t4-s-kkb-usw1b1-1a03ljxsekluj.us-west1-b.c.codatalab-user-runtimes.internal:8007
2026-08-28 06:05:53.034 Rejecting WebSocket connection with disallowed Origin or Host header: origin=https://8501-gpu-t4-s-kkb-usw1b1-1a03ljxsekluj-b.us-west1-1.prod.colab.dev, host=gpu-t4-s-kkb-usw1b1-1a03ljxsekluj.us-west1-b.c.codatalab-user-runtimes.internal:8007
2026-08-28 06:06:00.437 Rejecting WebSocket connection with disallowed Origin or Host header: origin=https://8501-gpu-t4-s-kkb-usw1b1-1a03ljxsekluj-b.us-west1-1.prod.colab.dev, host=gpu-t4-s-kkb-usw1b1-1a03ljxsekluj.us-west1-b.c.codatalab-user-runtimes.internal:8007
2026-08-28 06:06:06.123 Rejecting WebSocket connection with disallowed Origin or Host header: origin=https://8501-gpu-t4-s-kkb-usw1b1-1a03ljxsekluj-b.us-west1-1.prod.colab.dev, host=gpu-t4-s-kkb-usw1b1-1a03ljxsekluj.us-west1-b.c.codatalab-user-runtimes.internal:8007
2026-08-28 06:06:12.063 Rejecting WebSocket connection with disallowed Origin or Host header: origin=https://8501-gpu-t4-s-kkb-usw1b1-1a03ljxsekluj-b.us-west1-1.prod.colab.dev, host=gpu-t4-s-kkb-usw1b1-1a03ljxsekluj.us-west1-b.c.codatalab-user-runtimes.internal:8007
2026-08-28 06:06:18.525 Rejecting WebSocket connection with disallowed Origin or Host header: origin=https://8501-gpu-t4-s-kkb-usw1b1-1a03ljxsekluj-b.us-west1-1.prod.colab.dev, host=gpu-t4-s-kkb-usw1b1-1a03ljxsekluj.us-west1-b.c.codatalab-user-runtimes.internal:8007
2026-08-28 06:06:24.391 Rejecting WebSocket connection with disallowed Origin or Host header: origin=https://8501-gpu-t4-s-kkb-usw1b1-1a03ljxsekluj-b.us-west1-1.prod.colab.dev, host=gpu-t4-s-kkb-usw1b1-1a03ljxsekluj.us-west1-b.c.codatalab-user-runtimes.internal:8007
2026-08-28 06:06:30.859 Rejecting WebSocket connection with disallowed Origin or Host header: origin=https://8501-gpu-t4-s-kkb-usw1b1-1a03ljxsekluj-b.us-west1-1.prod.colab.dev, host=gpu-t4-s-kkb-usw1b1-1a03ljxsekluj.us-west1-b.c.codatalab-user-runtimes.internal:8007
2026-08-28 06:06:44.772 Rejecting WebSocket connection with disallowed Origin or Host header: origin=https://8501-gpu-t4-s-kkb-usw1b1-1a03ljxsekluj-b.us-west1-1.prod.colab.dev, host=gpu-t4-s-kkb-usw1b1-1a03ljxsekluj.us-west1-b.c.codatalab-user-runtimes.internal:8007
2026-08-28 06:06:52.170 Rejecting WebSocket connection with disallowed Origin or Host header: origin=https://8501-gpu-t4-s-kkb-usw1b1-1a03ljxsekluj-b.us-west1-1.prod.colab.dev, host=gpu-t4-s-kkb-usw1b1-1a03ljxsekluj.us-west1-b.c.codatalab-user-runtimes.internal:8007
2026-08-28 06:06:59.998 Rejecting WebSocket connection with disallowed Origin or Host header: origin=https://8501-gpu-t4-s-kkb-usw1b1-1a03ljxsekluj-b.us-west1-1.prod.colab.dev, host=gpu-t4-s-kkb-usw1b1-1a03ljxsekluj.us-west1-b.c.codatalab-user-runtimes.internal:8007
2026-08-28 06:07:07.899 Rejecting WebSocket connection with disallowed Origin or Host header: origin=https://8501-gpu-t4-s-kkb-usw1b1-1a03ljxsekluj-b.us-west1-1.prod.colab.dev, host=gpu-t4-s-kkb-usw1b1-1a03ljxsekluj.us-west1-b.c.codatalab-user-runtimes.internal:8007
2026-08-28 06:07:17.068 Rejecting WebSocket connection with disallowed Origin or Host header: origin=https://8501-gpu-t4-s-kkb-usw1b1-1a03ljxsekluj-b.us-west1-1.prod.colab.dev, host=gpu-t4-s-kkb-usw1b1-1a03ljxsekluj.us-west1-b.c.codatalab-user-runtimes.internal:8007
2026-08-28 06:07:23.836 Rejecting WebSocket connection with disallowed Origin or Host header: origin=https://8501-gpu-t4-s-kkb-usw1b1-1a03ljxsekluj-b.us-west1-1.prod.colab.dev, host=gpu-t4-s-kkb-usw1b1-1a03ljxsekluj.us-west1-b.c.codatalab-user-runtimes.internal:8007
2026-08-28 06:07:28.789 Rejecting WebSocket connection with disallowed Origin or Host header: origin=https://8501-gpu-t4-s-kkb-usw1b1-1a03ljxsekluj-b.us-west1-1.prod.colab.dev, host=gpu-t4-s-kkb-usw1b1-1a03ljxsekluj.us-west1-b.c.codatalab-user-runtimes.internal:8007
2026-08-28 06:07:38.316 Rejecting WebSocket connection with disallowed Origin or Host header: origin=https://8501-gpu-t4-s-kkb-usw1b1-1a03ljxsekluj-b.us-west1-1.prod.colab.dev, host=gpu-t4-s-kkb-usw1b1-1a03ljxsekluj.us-west1-b.c.codatalab-user-runtimes.internal:8007
2026-08-28 06:07:46.575 Rejecting WebSocket connection with disallowed Origin or Host header: origin=https://8501-gpu-t4-s-kkb-usw1b1-1a03ljxsekluj-b.us-west1-1.prod.colab.dev, host=gpu-t4-s-kkb-usw1b1-1a03ljxsekluj.us-west1-b.c.codatalab-user-runtimes.internal:8007
2026-08-28 06:07:54.688 Rejecting WebSocket connection with disallowed Origin or Host header: origin=https://8501-gpu-t4-s-kkb-usw1b1-1a03ljxsekluj-b.us-west1-1.prod.colab.dev, host=gpu-t4-s-kkb-usw1b1-1a03ljxsekluj.us-west1-b.c.codatalab-user-runtimes.internal:8007
2026-08-28 06:08:00.530 Rejecting WebSocket connection with disallowed Origin or Host header: origin=https://8501-gpu-t4-s-kkb-usw1b1-1a03ljxsekluj-b.us-west1-1.prod.colab.dev, host=gpu-t4-s-kkb-usw1b1-1a03ljxsekluj.us-west1-b.c.codatalab-user-runtimes.internal:8007
2026-08-28 06:08:08.539 Rejecting WebSocket connection with disallowed Origin or Host header: origin=https://8501-gpu-t4-s-kkb-usw1b1-1a03ljxsekluj-b.us-west1-1.prod.colab.dev, host=gpu-t4-s-kkb-usw1b1-1a03ljxsekluj.us-west1-b.c.codatalab-user-runtimes.internal:8007
2026-08-28 06:08:16.534 Rejecting WebSocket connection with disallowed Origin or Host header: origin=https://8501-gpu-t4-s-kkb-usw1b1-1a03ljxsekluj-b.us-west1-1.prod.colab.dev, host=gpu-t4-s-kkb-usw1b1-1a03ljxsekluj.us-west1-b.c.codatalab-user-runtimes.internal:8007
2026-08-28 06:08:22.025 Rejecting WebSocket connection with disallowed Origin or Host header: origin=https://8501-gpu-t4-s-kkb-usw1b1-1a03ljxsekluj-b.us-west1-1.prod.colab.dev, host=gpu-t4-s-kkb-usw1b1-1a03ljxsekluj.us-west1-b.c.codatalab-user-runtimes.internal:8007
2026-08-28 06:08:26.439 Rejecting WebSocket connection with disallowed Origin or Host header: origin=https://8501-gpu-t4-s-kkb-usw1b1-1a03ljxsekluj-b.us-west1-1.prod.colab.dev, host=gpu-t4-s-kkb-usw1b1-1a03ljxsekluj.us-west1-b.c.codatalab-user-runtimes.internal:8007
2026-08-28 06:08:35.657 Rejecting WebSocket connection with disallowed Origin or Host header: origin=https://8501-gpu-t4-s-kkb-usw1b1-1a03ljxsekluj-b.us-west1-1.prod.colab.dev, host=gpu-t4-s-kkb-usw1b1-1a03ljxsekluj.us-west1-b.c.codatalab-user-runtimes.internal:8007
2026-08-28 06:08:44.039 Rejecting WebSocket connection with disallowed Origin or Host header: origin=https://8501-gpu-t4-s-kkb-usw1b1-1a03ljxsekluj-b.us-west1-1.prod.colab.dev, host=gpu-t4-s-kkb-usw1b1-1a03ljxsekluj.us-west1-b.c.codatalab-user-runtimes.internal:8007
2026-08-28 06:08:51.760 Rejecting WebSocket connection with disallowed Origin or Host header: origin=https://8501-gpu-t4-s-kkb-usw1b1-1a03ljxsekluj-b.us-west1-1.prod.colab.dev, host=gpu-t4-s-kkb-usw1b1-1a03ljxsekluj.us-west1-b.c.codatalab-user-runtimes.internal:8007
2026-08-28 06:09:01.578 Rejecting WebSocket connection with disallowed Origin or Host header: origin=https://8501-gpu-t4-s-kkb-usw1b1-1a03ljxsekluj-b.us-west1-1.prod.colab.dev, host=gpu-t4-s-kkb-usw1b1-1a03ljxsekluj.us-west1-b.c.codatalab-user-runtimes.internal:8007
2026-08-28 06:09:04.896 Rejecting WebSocket connection with disallowed Origin or Host header: origin=https://8501-gpu-t4-s-kkb-usw1b1-1a03ljxsekluj-b.us-west1-1.prod.colab.dev, host=gpu-t4-s-kkb-usw1b1-1a03ljxsekluj.us-west1-b.c.codatalab-user-runtimes.internal:8007
2026-08-28 06:09:09.204 Rejecting WebSocket connection with disallowed Origin or Host header: origin=https://8501-gpu-t4-s-kkb-usw1b1-1a03ljxsekluj-b.us-west1-1.prod.colab.dev, host=gpu-t4-s-kkb-usw1b1-1a03ljxsekluj.us-west1-b.c.codatalab-user-runtimes.internal:8007
2026-08-28 06:09:15.357 Rejecting WebSocket connection with disallowed Origin or Host header: origin=https://8501-gpu-t4-s-kkb-usw1b1-1a03ljxsekluj-b.us-west1-1.prod.colab.dev, host=gpu-t4-s-kkb-usw1b1-1a03ljxsekluj.us-west1-b.c.codatalab-user-runtimes.internal:8007
2026-08-28 06:09:20.220 Rejecting WebSocket connection with disallowed Origin or Host header: origin=https://8501-gpu-t4-s-kkb-usw1b1-1a03ljxsekluj-b.us-west1-1.prod.colab.dev, host=gpu-t4-s-kkb-usw1b1-1a03ljxsekluj.us-west1-b.c.codatalab-user-runtimes.internal:8007
2026-08-28 06:09:25.398 Rejecting WebSocket connection with disallowed Origin or Host header: origin=https://8501-gpu-t4-s-kkb-usw1b1-1a03ljxsekluj-b.us-west1-1.prod.colab.dev, host=gpu-t4-s-kkb-usw1b1-1a03ljxsekluj.us-west1-b.c.codatalab-user-runtimes.internal:8007
2026-08-28 06:09:35.384 Rejecting WebSocket connection with disallowed Origin or Host header: origin=https://8501-gpu-t4-s-kkb-usw1b1-1a03ljxsekluj-b.us-west1-1.prod.colab.dev, host=gpu-t4-s-kkb-usw1b1-1a03ljxsekluj.us-west1-b.c.codatalab-user-runtimes.internal:8007
2026-08-28 06:09:40.635 Rejecting WebSocket connection with disallowed Origin or Host header: origin=https://8501-gpu-t4-s-kkb-usw1b1-1a03ljxsekluj-b.us-west1-1.prod.colab.dev, host=gpu-t4-s-kkb-usw1b1-1a03ljxsekluj.us-west1-b.c.codatalab-user-runtimes.internal:8007
2026-08-28 06:09:53.256 Rejecting WebSocket connection with disallowed Origin or Host header: origin=https://8501-gpu-t4-s-kkb-usw1b1-1a03ljxsekluj-b.us-west1-1.prod.colab.dev, host=gpu-t4-s-kkb-usw1b1-1a03ljxsekluj.us-west1-b.c.codatalab-user-runtimes.internal:8007
2026-08-28 06:09:59.576 Rejecting WebSocket connection with disallowed Origin or Host header: origin=https://8501-gpu-t4-s-kkb-usw1b1-1a03ljxsekluj-b.us-west1-1.prod.colab.dev, host=gpu-t4-s-kkb-usw1b1-1a03ljxsekluj.us-west1-b.c.codatalab-user-runtimes.internal:8007
2026-08-28 06:10:04.511 Rejecting WebSocket connection with disallowed Origin or Host header: origin=https://8501-gpu-t4-s-kkb-usw1b1-1a03ljxsekluj-b.us-west1-1.prod.colab.dev, host=gpu-t4-s-kkb-usw1b1-1a03ljxsekluj.us-west1-b.c.codatalab-user-runtimes.internal:8007
2026-08-28 06:10:08.909 Rejecting WebSocket connection with disallowed Origin or Host header: origin=https://8501-gpu-t4-s-kkb-usw1b1-1a03ljxsekluj-b.us-west1-1.prod.colab.dev, host=gpu-t4-s-kkb-usw1b1-1a03ljxsekluj.us-west1-b.c.codatalab-user-runtimes.internal:8007
2026-08-28 06:10:23.195 Rejecting WebSocket connection with disallowed Origin or Host header: origin=https://8501-gpu-t4-s-kkb-usw1b1-1a03ljxsekluj-b.us-west1-1.prod.colab.dev, host=gpu-t4-s-kkb-usw1b1-1a03ljxsekluj.us-west1-b.c.codatalab-user-runtimes.internal:8007
2026-08-28 06:10:29.873 Rejecting WebSocket connection with disallowed Origin or Host header: origin=https://8501-gpu-t4-s-kkb-usw1b1-1a03ljxsekluj-b.us-west1-1.prod.colab.dev, host=gpu-t4-s-kkb-usw1b1-1a03ljxsekluj.us-west1-b.c.codatalab-user-runtimes.internal:8007
2026-08-28 06:10:36.675 Rejecting WebSocket connection with disallowed Origin or Host header: origin=https://8501-gpu-t4-s-kkb-usw1b1-1a03ljxsekluj-b.us-west1-1.prod.colab.dev, host=gpu-t4-s-kkb-usw1b1-1a03ljxsekluj.us-west1-b.c.codatalab-user-runtimes.internal:8007
2026-08-28 06:10:42.280 Rejecting WebSocket connection with disallowed Origin or Host header: origin=https://8501-gpu-t4-s-kkb-usw1b1-1a03ljxsekluj-b.us-west1-1.prod.colab.dev, host=gpu-t4-s-kkb-usw1b1-1a03ljxsekluj.us-west1-b.c.codatalab-user-runtimes.internal:8007
2026-08-28 06:10:48.048 Rejecting WebSocket connection with disallowed Origin or Host header: origin=https://8501-gpu-t4-s-kkb-usw1b1-1a03ljxsekluj-b.us-west1-1.prod.colab.dev, host=gpu-t4-s-kkb-usw1b1-1a03ljxsekluj.us-west1-b.c.codatalab-user-runtimes.internal:8007
2026-08-28 06:10:56.682 Rejecting WebSocket connection with disallowed Origin or Host header: origin=https://8501-gpu-t4-s-kkb-usw1b1-1a03ljxsekluj-b.us-west1-1.prod.colab.dev, host=gpu-t4-s-kkb-usw1b1-1a03ljxsekluj.us-west1-b.c.codatalab-user-runtimes.internal:8007
2026-08-28 06:11:05.704 Rejecting WebSocket connection with disallowed Origin or Host header: origin=https://8501-gpu-t4-s-kkb-usw1b1-1a03ljxsekluj-b.us-west1-1.prod.colab.dev, host=gpu-t4-s-kkb-usw1b1-1a03ljxsekluj.us-west1-b.c.codatalab-user-runtimes.internal:8007
2026-08-28 06:11:15.148 Rejecting WebSocket connection with disallowed Origin or Host header: origin=https://8501-gpu-t4-s-kkb-usw1b1-1a03ljxsekluj-b.us-west1-1.prod.colab.dev, host=gpu-t4-s-kkb-usw1b1-1a03ljxsekluj.us-west1-b.c.codatalab-user-runtimes.internal:8007
2026-08-28 06:11:24.890 Rejecting WebSocket connection with disallowed Origin or Host header: origin=https://8501-gpu-t4-s-kkb-usw1b1-1a03ljxsekluj-b.us-west1-1.prod.colab.dev, host=gpu-t4-s-kkb-usw1b1-1a03ljxsekluj.us-west1-b.c.codatalab-user-runtimes.internal:8007
2026-08-28 06:11:30.656 Rejecting WebSocket connection with disallowed Origin or Host header: origin=https://8501-gpu-t4-s-kkb-usw1b1-1a03ljxsekluj-b.us-west1-1.prod.colab.dev, host=gpu-t4-s-kkb-usw1b1-1a03ljxsekluj.us-west1-b.c.codatalab-user-runtimes.internal:8007
2026-08-28 06:11:38.586 Rejecting WebSocket connection with disallowed Origin or Host header: origin=https://8501-gpu-t4-s-kkb-usw1b1-1a03ljxsekluj-b.us-west1-1.prod.colab.dev, host=gpu-t4-s-kkb-usw1b1-1a03ljxsekluj.us-west1-b.c.codatalab-user-runtimes.internal:8007
2026-08-28 06:11:45.947 Rejecting WebSocket connection with disallowed Origin or Host header: origin=https://8501-gpu-t4-s-kkb-usw1b1-1a03ljxsekluj-b.us-west1-1.prod.colab.dev, host=gpu-t4-s-kkb-usw1b1-1a03ljxsekluj.us-west1-b.c.codatalab-user-runtimes.internal:8007
2026-08-28 06:11:55.459 Rejecting WebSocket connection with disallowed Origin or Host header: origin=https://8501-gpu-t4-s-kkb-usw1b1-1a03ljxsekluj-b.us-west1-1.prod.colab.dev, host=gpu-t4-s-kkb-usw1b1-1a03ljxsekluj.us-west1-b.c.codatalab-user-runtimes.internal:8007
2026-08-28 06:12:03.214 Rejecting WebSocket connection with disallowed Origin or Host header: origin=https://8501-gpu-t4-s-kkb-usw1b1-1a03ljxsekluj-b.us-west1-1.prod.colab.dev, host=gpu-t4-s-kkb-usw1b1-1a03ljxsekluj.us-west1-b.c.codatalab-user-runtimes.internal:8007
2026-08-28 06:12:14.104 Rejecting WebSocket connection with disallowed Origin or Host header: origin=https://8501-gpu-t4-s-kkb-usw1b1-1a03ljxsekluj-b.us-west1-1.prod.colab.dev, host=gpu-t4-s-kkb-usw1b1-1a03ljxsekluj.us-west1-b.c.codatalab-user-runtimes.internal:8007
2026-08-28 06:12:20.518 Rejecting WebSocket connection with disallowed Origin or Host header: origin=https://8501-gpu-t4-s-kkb-usw1b1-1a03ljxsekluj-b.us-west1-1.prod.colab.dev, host=gpu-t4-s-kkb-usw1b1-1a03ljxsekluj.us-west1-b.c.codatalab-user-runtimes.internal:8007
2026-08-28 06:12:26.562 Rejecting WebSocket connection with disallowed Origin or Host header: origin=https://8501-gpu-t4-s-kkb-usw1b1-1a03ljxsekluj-b.us-west1-1.prod.colab.dev, host=gpu-t4-s-kkb-usw1b1-1a03ljxsekluj.us-west1-b.c.codatalab-user-runtimes.internal:8007
2026-08-28 06:12:33.686 Rejecting WebSocket connection with disallowed Origin or Host header: origin=https://8501-gpu-t4-s-kkb-usw1b1-1a03ljxsekluj-b.us-west1-1.prod.colab.dev, host=gpu-t4-s-kkb-usw1b1-1a03ljxsekluj.us-west1-b.c.codatalab-user-runtimes.internal:8007
2026-08-28 06:12:40.579 Rejecting WebSocket connection with disallowed Origin or Host header: origin=https://8501-gpu-t4-s-kkb-usw1b1-1a03ljxsekluj-b.us-west1-1.prod.colab.dev, host=gpu-t4-s-kkb-usw1b1-1a03ljxsekluj.us-west1-b.c.codatalab-user-runtimes.internal:8007
2026-08-28 06:12:45.886 Rejecting WebSocket connection with disallowed Origin or Host header: origin=https://8501-gpu-t4-s-kkb-usw1b1-1a03ljxsekluj-b.us-west1-1.prod.colab.dev, host=gpu-t4-s-kkb-usw1b1-1a03ljxsekluj.us-west1-b.c.codatalab-user-runtimes.internal:8007
2026-08-28 06:12:53.639 Rejecting WebSocket connection with disallowed Origin or Host header: origin=https://8501-gpu-t4-s-kkb-usw1b1-1a03ljxsekluj-b.us-west1-1.prod.colab.dev, host=gpu-t4-s-kkb-usw1b1-1a03ljxsekluj.us-west1-b.c.codatalab-user-runtimes.internal:8007
2026-08-28 06:12:58.947 Rejecting WebSocket connection with disallowed Origin or Host header: origin=https://8501-gpu-t4-s-kkb-usw1b1-1a03ljxsekluj-b.us-west1-1.prod.colab.dev, host=gpu-t4-s-kkb-usw1b1-1a03ljxsekluj.us-west1-b.c.codatalab-user-runtimes.internal:8007
2026-08-28 06:13:07.544 Rejecting WebSocket connection with disallowed Origin or Host header: origin=https://8501-gpu-t4-s-kkb-usw1b1-1a03ljxsekluj-b.us-west1-1.prod.colab.dev, host=gpu-t4-s-kkb-usw1b1-1a03ljxsekluj.us-west1-b.c.codatalab-user-runtimes.internal:8007
2026-08-28 06:13:15.868 Rejecting WebSocket connection with disallowed Origin or Host header: origin=https://8501-gpu-t4-s-kkb-usw1b1-1a03ljxsekluj-b.us-west1-1.prod.colab.dev, host=gpu-t4-s-kkb-usw1b1-1a03ljxsekluj.us-west1-b.c.codatalab-user-runtimes.internal:8007
2026-08-28 06:13:22.690 Rejecting WebSocket connection with disallowed Origin or Host header: origin=https://8501-gpu-t4-s-kkb-usw1b1-1a03ljxsekluj-b.us-west1-1.prod.colab.dev, host=gpu-t4-s-kkb-usw1b1-1a03ljxsekluj.us-west1-b.c.codatalab-user-runtimes.internal:8007
2026-08-28 06:13:27.486 Rejecting WebSocket connection with disallowed Origin or Host header: origin=https://8501-gpu-t4-s-kkb-usw1b1-1a03ljxsekluj-b.us-west1-1.prod.colab.dev, host=gpu-t4-s-kkb-usw1b1-1a03ljxsekluj.us-west1-b.c.codatalab-user-runtimes.internal:8007
2026-08-28 06:13:32.755 Rejecting WebSocket connection with disallowed Origin or Host header: origin=https://8501-gpu-t4-s-kkb-usw1b1-1a03ljxsekluj-b.us-west1-1.prod.colab.dev, host=gpu-t4-s-kkb-usw1b1-1a03ljxsekluj.us-west1-b.c.codatalab-user-runtimes.internal:8007
2026-08-28 06:13:38.514 Rejecting WebSocket connection with disallowed Origin or Host header: origin=https://8501-gpu-t4-s-kkb-usw1b1-1a03ljxsekluj-b.us-west1-1.prod.colab.dev, host=gpu-t4-s-kkb-usw1b1-1a03ljxsekluj.us-west1-b.c.codatalab-user-runtimes.internal:8007
2026-08-28 06:13:45.215 Rejecting WebSocket connection with disallowed Origin or Host header: origin=https://8501-gpu-t4-s-kkb-usw1b1-1a03ljxsekluj-b.us-west1-1.prod.colab.dev, host=gpu-t4-s-kkb-usw1b1-1a03ljxsekluj.us-west1-b.c.codatalab-user-runtimes.internal:8007
2026-08-28 06:13:51.760 Rejecting WebSocket connection with disallowed Origin or Host header: origin=https://8501-gpu-t4-s-kkb-usw1b1-1a03ljxsekluj-b.us-west1-1.prod.colab.dev, host=gpu-t4-s-kkb-usw1b1-1a03ljxsekluj.us-west1-b.c.codatalab-user-runtimes.internal:8007
2026-08-28 06:13:59.099 Rejecting WebSocket connection with disallowed Origin or Host header: origin=https://8501-gpu-t4-s-kkb-usw1b1-1a03ljxsekluj-b.us-west1-1.prod.colab.dev, host=gpu-t4-s-kkb-usw1b1-1a03ljxsekluj.us-west1-b.c.codatalab-user-runtimes.internal:8007
2026-08-28 06:14:07.623 Rejecting WebSocket connection with disallowed Origin or Host header: origin=https://8501-gpu-t4-s-kkb-usw1b1-1a03ljxsekluj-b.us-west1-1.prod.colab.dev, host=gpu-t4-s-kkb-usw1b1-1a03ljxsekluj.us-west1-b.c.codatalab-user-runtimes.internal:8007
2026-08-28 06:14:16.524 Rejecting WebSocket connection with disallowed Origin or Host header: origin=https://8501-gpu-t4-s-kkb-usw1b1-1a03ljxsekluj-b.us-west1-1.prod.colab.dev, host=gpu-t4-s-kkb-usw1b1-1a03ljxsekluj.us-west1-b.c.codatalab-user-runtimes.internal:8007
2026-08-28 06:14:23.000 Rejecting WebSocket connection with disallowed Origin or Host header: origin=https://8501-gpu-t4-s-kkb-usw1b1-1a03ljxsekluj-b.us-west1-1.prod.colab.dev, host=gpu-t4-s-kkb-usw1b1-1a03ljxsekluj.us-west1-b.c.codatalab-user-runtimes.internal:8007
2026-08-28 06:14:31.996 Rejecting WebSocket connection with disallowed Origin or Host header: origin=https://8501-gpu-t4-s-kkb-usw1b1-1a03ljxsekluj-b.us-west1-1.prod.colab.dev, host=gpu-t4-s-kkb-usw1b1-1a03ljxsekluj.us-west1-b.c.codatalab-user-runtimes.internal:8007
2026-08-28 06:14:37.250 Rejecting WebSocket connection with disallowed Origin or Host header: origin=https://8501-gpu-t4-s-kkb-usw1b1-1a03ljxsekluj-b.us-west1-1.prod.colab.dev, host=gpu-t4-s-kkb-usw1b1-1a03ljxsekluj.us-west1-b.c.codatalab-user-runtimes.internal:8007
2026-08-28 06:14:44.838 Rejecting WebSocket connection with disallowed Origin or Host header: origin=https://8501-gpu-t4-s-kkb-usw1b1-1a03ljxsekluj-b.us-west1-1.prod.colab.dev, host=gpu-t4-s-kkb-usw1b1-1a03ljxsekluj.us-west1-b.c.codatalab-user-runtimes.internal:8007
2026-08-28 06:14:55.670 Rejecting WebSocket connection with disallowed Origin or Host header: origin=https://8501-gpu-t4-s-kkb-usw1b1-1a03ljxsekluj-b.us-west1-1.prod.colab.dev, host=gpu-t4-s-kkb-usw1b1-1a03ljxsekluj.us-west1-b.c.codatalab-user-runtimes.internal:8007
2026-08-28 06:15:02.734 Rejecting WebSocket connection with disallowed Origin or Host header: origin=https://8501-gpu-t4-s-kkb-usw1b1-1a03ljxsekluj-b.us-west1-1.prod.colab.dev, host=gpu-t4-s-kkb-usw1b1-1a03ljxsekluj.us-west1-b.c.codatalab-user-runtimes.internal:8007
2026-08-28 06:15:07.861 Rejecting WebSocket connection with disallowed Origin or Host header: origin=https://8501-gpu-t4-s-kkb-usw1b1-1a03ljxsekluj-b.us-west1-1.prod.colab.dev, host=gpu-t4-s-kkb-usw1b1-1a03ljxsekluj.us-west1-b.c.codatalab-user-runtimes.internal:8007
2026-08-28 06:15:11.318 Rejecting WebSocket connection with disallowed Origin or Host header: origin=https://8501-gpu-t4-s-kkb-usw1b1-1a03ljxsekluj-b.us-west1-1.prod.colab.dev, host=gpu-t4-s-kkb-usw1b1-1a03ljxsekluj.us-west1-b.c.codatalab-user-runtimes.internal:8007
2026-08-28 06:15:16.038 Rejecting WebSocket connection with disallowed Origin or Host header: origin=https://8501-gpu-t4-s-kkb-usw1b1-1a03ljxsekluj-b.us-west1-1.prod.colab.dev, host=gpu-t4-s-kkb-usw1b1-1a03ljxsekluj.us-west1-b.c.codatalab-user-runtimes.internal:8007
2026-08-28 06:15:19.856 Rejecting WebSocket connection with disallowed Origin or Host header: origin=https://8501-gpu-t4-s-kkb-usw1b1-1a03ljxsekluj-b.us-west1-1.prod.colab.dev, host=gpu-t4-s-kkb-usw1b1-1a03ljxsekluj.us-west1-b.c.codatalab-user-runtimes.internal:8007
2026-08-28 06:15:24.945 Rejecting WebSocket connection with disallowed Origin or Host header: origin=https://8501-gpu-t4-s-kkb-usw1b1-1a03ljxsekluj-b.us-west1-1.prod.colab.dev, host=gpu-t4-s-kkb-usw1b1-1a03ljxsekluj.us-west1-b.c.codatalab-user-runtimes.internal:8007
2026-08-28 06:15:28.989 Rejecting WebSocket connection with disallowed Origin or Host header: origin=https://8501-gpu-t4-s-kkb-usw1b1-1a03ljxsekluj-b.us-west1-1.prod.colab.dev, host=gpu-t4-s-kkb-usw1b1-1a03ljxsekluj.us-west1-b.c.codatalab-user-runtimes.internal:8007
2026-08-28 06:15:32.377 Rejecting WebSocket connection with disallowed Origin or Host header: origin=https://8501-gpu-t4-s-kkb-usw1b1-1a03ljxsekluj-b.us-west1-1.prod.colab.dev, host=gpu-t4-s-kkb-usw1b1-1a03ljxsekluj.us-west1-b.c.codatalab-user-runtimes.internal:8007
2026-08-28 06:15:36.926 Rejecting WebSocket connection with disallowed Origin or Host header: origin=https://8501-gpu-t4-s-kkb-usw1b1-1a03ljxsekluj-b.us-west1-1.prod.colab.dev, host=gpu-t4-s-kkb-usw1b1-1a03ljxsekluj.us-west1-b.c.codatalab-user-runtimes.internal:8007
2026-08-28 06:15:41.897 Rejecting WebSocket connection with disallowed Origin or Host header: origin=https://8501-gpu-t4-s-kkb-usw1b1-1a03ljxsekluj-b.us-west1-1.prod.colab.dev, host=gpu-t4-s-kkb-usw1b1-1a03ljxsekluj.us-west1-b.c.codatalab-user-runtimes.internal:8007
2026-08-28 06:15:46.020 Rejecting WebSocket connection with disallowed Origin or Host header: origin=https://8501-gpu-t4-s-kkb-usw1b1-1a03ljxsekluj-b.us-west1-1.prod.colab.dev, host=gpu-t4-s-kkb-usw1b1-1a03ljxsekluj.us-west1-b.c.codatalab-user-runtimes.internal:8007
2026-08-28 06:15:49.957 Rejecting WebSocket connection with disallowed Origin or Host header: origin=https://8501-gpu-t4-s-kkb-usw1b1-1a03ljxsekluj-b.us-west1-1.prod.colab.dev, host=gpu-t4-s-kkb-usw1b1-1a03ljxsekluj.us-west1-b.c.codatalab-user-runtimes.internal:8007
2026-08-28 06:15:54.326 Rejecting WebSocket connection with disallowed Origin or Host header: origin=https://8501-gpu-t4-s-kkb-usw1b1-1a03ljxsekluj-b.us-west1-1.prod.colab.dev, host=gpu-t4-s-kkb-usw1b1-1a03ljxsekluj.us-west1-b.c.codatalab-user-runtimes.internal:8007
2026-08-28 06:15:58.724 Rejecting WebSocket connection with disallowed Origin or Host header: origin=https://8501-gpu-t4-s-kkb-usw1b1-1a03ljxsekluj-b.us-west1-1.prod.colab.dev, host=gpu-t4-s-kkb-usw1b1-1a03ljxsekluj.us-west1-b.c.codatalab-user-runtimes.internal:8007
2026-08-28 06:16:04.961 Rejecting WebSocket connection with disallowed Origin or Host header: origin=https://8501-gpu-t4-s-kkb-usw1b1-1a03ljxsekluj-b.us-west1-1.prod.colab.dev, host=gpu-t4-s-kkb-usw1b1-1a03ljxsekluj.us-west1-b.c.codatalab-user-runtimes.internal:8007
2026-08-28 06:16:11.331 Rejecting WebSocket connection with disallowed Origin or Host header: origin=https://8501-gpu-t4-s-kkb-usw1b1-1a03ljxsekluj-b.us-west1-1.prod.colab.dev, host=gpu-t4-s-kkb-usw1b1-1a03ljxsekluj.us-west1-b.c.codatalab-user-runtimes.internal:8007
2026-08-28 06:16:17.670 Rejecting WebSocket connection with disallowed Origin or Host header: origin=https://8501-gpu-t4-s-kkb-usw1b1-1a03ljxsekluj-b.us-west1-1.prod.colab.dev, host=gpu-t4-s-kkb-usw1b1-1a03ljxsekluj.us-west1-b.c.codatalab-user-runtimes.internal:8007
2026-08-28 06:16:25.440 Rejecting WebSocket connection with disallowed Origin or Host header: origin=https://8501-gpu-t4-s-kkb-usw1b1-1a03ljxsekluj-b.us-west1-1.prod.colab.dev, host=gpu-t4-s-kkb-usw1b1-1a03ljxsekluj.us-west1-b.c.codatalab-user-runtimes.internal:8007
2026-08-28 06:16:32.617 Rejecting WebSocket connection with disallowed Origin or Host header: origin=https://8501-gpu-t4-s-kkb-usw1b1-1a03ljxsekluj-b.us-west1-1.prod.colab.dev, host=gpu-t4-s-kkb-usw1b1-1a03ljxsekluj.us-west1-b.c.codatalab-user-runtimes.internal:8007
2026-08-28 06:16:39.210 Rejecting WebSocket connection with disallowed Origin or Host header: origin=https://8501-gpu-t4-s-kkb-usw1b1-1a03ljxsekluj-b.us-west1-1.prod.colab.dev, host=gpu-t4-s-kkb-usw1b1-1a03ljxsekluj.us-west1-b.c.codatalab-user-runtimes.internal:8007
2026-08-28 06:16:46.867 Rejecting WebSocket connection with disallowed Origin or Host header: origin=https://8501-gpu-t4-s-kkb-usw1b1-1a03ljxsekluj-b.us-west1-1.prod.colab.dev, host=gpu-t4-s-kkb-usw1b1-1a03ljxsekluj.us-west1-b.c.codatalab-user-runtimes.internal:8007
2026-08-28 06:16:55.316 Rejecting WebSocket connection with disallowed Origin or Host header: origin=https://8501-gpu-t4-s-kkb-usw1b1-1a03ljxsekluj-b.us-west1-1.prod.colab.dev, host=gpu-t4-s-kkb-usw1b1-1a03ljxsekluj.us-west1-b.c.codatalab-user-runtimes.internal:8007
2026-08-28 06:17:02.535 Rejecting WebSocket connection with disallowed Origin or Host header: origin=https://8501-gpu-t4-s-kkb-usw1b1-1a03ljxsekluj-b.us-west1-1.prod.colab.dev, host=gpu-t4-s-kkb-usw1b1-1a03ljxsekluj.us-west1-b.c.codatalab-user-runtimes.internal:8007
2026-08-28 06:17:10.730 Rejecting WebSocket connection with disallowed Origin or Host header: origin=https://8501-gpu-t4-s-kkb-usw1b1-1a03ljxsekluj-b.us-west1-1.prod.colab.dev, host=gpu-t4-s-kkb-usw1b1-1a03ljxsekluj.us-west1-b.c.codatalab-user-runtimes.internal:8007
2026-08-28 06:17:17.895 Rejecting WebSocket connection with disallowed Origin or Host header: origin=https://8501-gpu-t4-s-kkb-usw1b1-1a03ljxsekluj-b.us-west1-1.prod.colab.dev, host=gpu-t4-s-kkb-usw1b1-1a03ljxsekluj.us-west1-b.c.codatalab-user-runtimes.internal:8007
2026-08-28 06:17:26.668 Rejecting WebSocket connection with disallowed Origin or Host header: origin=https://8501-gpu-t4-s-kkb-usw1b1-1a03ljxsekluj-b.us-west1-1.prod.colab.dev, host=gpu-t4-s-kkb-usw1b1-1a03ljxsekluj.us-west1-b.c.codatalab-user-runtimes.internal:8007
2026-08-28 06:17:33.381 Rejecting WebSocket connection with disallowed Origin or Host header: origin=https://8501-gpu-t4-s-kkb-usw1b1-1a03ljxsekluj-b.us-west1-1.prod.colab.dev, host=gpu-t4-s-kkb-usw1b1-1a03ljxsekluj.us-west1-b.c.codatalab-user-runtimes.internal:8007
2026-08-28 06:17:49.636 Rejecting WebSocket connection with disallowed Origin or Host header: origin=https://8501-gpu-t4-s-kkb-usw1b1-1a03ljxsekluj-b.us-west1-1.prod.colab.dev, host=gpu-t4-s-kkb-usw1b1-1a03ljxsekluj.us-west1-b.c.codatalab-user-runtimes.internal:8007
2026-08-28 06:17:58.552 Rejecting WebSocket connection with disallowed Origin or Host header: origin=https://8501-gpu-t4-s-kkb-usw1b1-1a03ljxsekluj-b.us-west1-1.prod.colab.dev, host=gpu-t4-s-kkb-usw1b1-1a03ljxsekluj.us-west1-b.c.codatalab-user-runtimes.internal:8007
2026-08-28 06:18:06.435 Rejecting WebSocket connection with disallowed Origin or Host header: origin=https://8501-gpu-t4-s-kkb-usw1b1-1a03ljxsekluj-b.us-west1-1.prod.colab.dev, host=gpu-t4-s-kkb-usw1b1-1a03ljxsekluj.us-west1-b.c.codatalab-user-runtimes.internal:8007
2026-08-28 06:18:13.342 Rejecting WebSocket connection with disallowed Origin or Host header: origin=https://8501-gpu-t4-s-kkb-usw1b1-1a03ljxsekluj-b.us-west1-1.prod.colab.dev, host=gpu-t4-s-kkb-usw1b1-1a03ljxsekluj.us-west1-b.c.codatalab-user-runtimes.internal:8007
2026-08-28 06:18:22.635 Rejecting WebSocket connection with disallowed Origin or Host header: origin=https://8501-gpu-t4-s-kkb-usw1b1-1a03ljxsekluj-b.us-west1-1.prod.colab.dev, host=gpu-t4-s-kkb-usw1b1-1a03ljxsekluj.us-west1-b.c.codatalab-user-runtimes.internal:8007
2026-08-28 06:18:27.751 Rejecting WebSocket connection with disallowed Origin or Host header: origin=https://8501-gpu-t4-s-kkb-usw1b1-1a03ljxsekluj-b.us-west1-1.prod.colab.dev, host=gpu-t4-s-kkb-usw1b1-1a03ljxsekluj.us-west1-b.c.codatalab-user-runtimes.internal:8007
2026-08-28 06:18:36.741 Rejecting WebSocket connection with disallowed Origin or Host header: origin=https://8501-gpu-t4-s-kkb-usw1b1-1a03ljxsekluj-b.us-west1-1.prod.colab.dev, host=gpu-t4-s-kkb-usw1b1-1a03ljxsekluj.us-west1-b.c.codatalab-user-runtimes.internal:8007
2026-08-28 06:18:42.976 Rejecting WebSocket connection with disallowed Origin or Host header: origin=https://8501-gpu-t4-s-kkb-usw1b1-1a03ljxsekluj-b.us-west1-1.prod.colab.dev, host=gpu-t4-s-kkb-usw1b1-1a03ljxsekluj.us-west1-b.c.codatalab-user-runtimes.internal:8007
2026-08-28 06:18:49.646 Rejecting WebSocket connection with disallowed Origin or Host header: origin=https://8501-gpu-t4-s-kkb-usw1b1-1a03ljxsekluj-b.us-west1-1.prod.colab.dev, host=gpu-t4-s-kkb-usw1b1-1a03ljxsekluj.us-west1-b.c.codatalab-user-runtimes.internal:8007
2026-08-28 06:18:58.534 Rejecting WebSocket connection with disallowed Origin or Host header: origin=https://8501-gpu-t4-s-kkb-usw1b1-1a03ljxsekluj-b.us-west1-1.prod.colab.dev, host=gpu-t4-s-kkb-usw1b1-1a03ljxsekluj.us-west1-b.c.codatalab-user-runtimes.internal:8007
2026-08-28 06:19:04.226 Rejecting WebSocket connection with disallowed Origin or Host header: origin=https://8501-gpu-t4-s-kkb-usw1b1-1a03ljxsekluj-b.us-west1-1.prod.colab.dev, host=gpu-t4-s-kkb-usw1b1-1a03ljxsekluj.us-west1-b.c.codatalab-user-runtimes.internal:8007
2026-08-28 06:19:08.888 Rejecting WebSocket connection with disallowed Origin or Host header: origin=https://8501-gpu-t4-s-kkb-usw1b1-1a03ljxsekluj-b.us-west1-1.prod.colab.dev, host=gpu-t4-s-kkb-usw1b1-1a03ljxsekluj.us-west1-b.c.codatalab-user-runtimes.internal:8007
2026-08-28 06:19:11.956 Rejecting WebSocket connection with disallowed Origin or Host header: origin=https://8501-gpu-t4-s-kkb-usw1b1-1a03ljxsekluj-b.us-west1-1.prod.colab.dev, host=gpu-t4-s-kkb-usw1b1-1a03ljxsekluj.us-west1-b.c.codatalab-user-runtimes.internal:8007
2026-08-28 06:19:17.513 Rejecting WebSocket connection with disallowed Origin or Host header: origin=https://8501-gpu-t4-s-kkb-usw1b1-1a03ljxsekluj-b.us-west1-1.prod.colab.dev, host=gpu-t4-s-kkb-usw1b1-1a03ljxsekluj.us-west1-b.c.codatalab-user-runtimes.internal:8007
2026-08-28 06:19:21.903 Rejecting WebSocket connection with disallowed Origin or Host header: origin=https://8501-gpu-t4-s-kkb-usw1b1-1a03ljxsekluj-b.us-west1-1.prod.colab.dev, host=gpu-t4-s-kkb-usw1b1-1a03ljxsekluj.us-west1-b.c.codatalab-user-runtimes.internal:8007
2026-08-28 06:19:27.231 Rejecting WebSocket connection with disallowed Origin or Host header: origin=https://8501-gpu-t4-s-kkb-usw1b1-1a03ljxsekluj-b.us-west1-1.prod.colab.dev, host=gpu-t4-s-kkb-usw1b1-1a03ljxsekluj.us-west1-b.c.codatalab-user-runtimes.internal:8007
2026-08-28 06:19:31.439 Rejecting WebSocket connection with disallowed Origin or Host header: origin=https://8501-gpu-t4-s-kkb-usw1b1-1a03ljxsekluj-b.us-west1-1.prod.colab.dev, host=gpu-t4-s-kkb-usw1b1-1a03ljxsekluj.us-west1-b.c.codatalab-user-runtimes.internal:8007
2026-08-28 06:19:35.412 Rejecting WebSocket connection with disallowed Origin or Host header: origin=https://8501-gpu-t4-s-kkb-usw1b1-1a03ljxsekluj-b.us-west1-1.prod.colab.dev, host=gpu-t4-s-kkb-usw1b1-1a03ljxsekluj.us-west1-b.c.codatalab-user-runtimes.internal:8007
2026-08-28 06:19:39.218 Rejecting WebSocket connection with disallowed Origin or Host header: origin=https://8501-gpu-t4-s-kkb-usw1b1-1a03ljxsekluj-b.us-west1-1.prod.colab.dev, host=gpu-t4-s-kkb-usw1b1-1a03ljxsekluj.us-west1-b.c.codatalab-user-runtimes.internal:8007
2026-08-28 06:19:43.878 Rejecting WebSocket connection with disallowed Origin or Host header: origin=https://8501-gpu-t4-s-kkb-usw1b1-1a03ljxsekluj-b.us-west1-1.prod.colab.dev, host=gpu-t4-s-kkb-usw1b1-1a03ljxsekluj.us-west1-b.c.codatalab-user-runtimes.internal:8007
2026-08-28 06:19:47.990 Rejecting WebSocket connection with disallowed Origin or Host header: origin=https://8501-gpu-t4-s-kkb-usw1b1-1a03ljxsekluj-b.us-west1-1.prod.colab.dev, host=gpu-t4-s-kkb-usw1b1-1a03ljxsekluj.us-west1-b.c.codatalab-user-runtimes.internal:8007
2026-08-28 06:19:52.406 Rejecting WebSocket connection with disallowed Origin or Host header: origin=https://8501-gpu-t4-s-kkb-usw1b1-1a03ljxsekluj-b.us-west1-1.prod.colab.dev, host=gpu-t4-s-kkb-usw1b1-1a03ljxsekluj.us-west1-b.c.codatalab-user-runtimes.internal:8007
2026-08-28 06:19:56.093 Rejecting WebSocket connection with disallowed Origin or Host header: origin=https://8501-gpu-t4-s-kkb-usw1b1-1a03ljxsekluj-b.us-west1-1.prod.colab.dev, host=gpu-t4-s-kkb-usw1b1-1a03ljxsekluj.us-west1-b.c.codatalab-user-runtimes.internal:8007
2026-08-28 06:20:00.799 Rejecting WebSocket connection with disallowed Origin or Host header: origin=https://8501-gpu-t4-s-kkb-usw1b1-1a03ljxsekluj-b.us-west1-1.prod.colab.dev, host=gpu-t4-s-kkb-usw1b1-1a03ljxsekluj.us-west1-b.c.codatalab-user-runtimes.internal:8007
2026-08-28 06:20:07.002 Rejecting WebSocket connection with disallowed Origin or Host header: origin=https://8501-gpu-t4-s-kkb-usw1b1-1a03ljxsekluj-b.us-west1-1.prod.colab.dev, host=gpu-t4-s-kkb-usw1b1-1a03ljxsekluj.us-west1-b.c.codatalab-user-runtimes.internal:8007
2026-08-28 06:20:11.815 Rejecting WebSocket connection with disallowed Origin or Host header: origin=https://8501-gpu-t4-s-kkb-usw1b1-1a03ljxsekluj-b.us-west1-1.prod.colab.dev, host=gpu-t4-s-kkb-usw1b1-1a03ljxsekluj.us-west1-b.c.codatalab-user-runtimes.internal:8007
2026-08-28 06:20:17.606 Rejecting WebSocket connection with disallowed Origin or Host header: origin=https://8501-gpu-t4-s-kkb-usw1b1-1a03ljxsekluj-b.us-west1-1.prod.colab.dev, host=gpu-t4-s-kkb-usw1b1-1a03ljxsekluj.us-west1-b.c.codatalab-user-runtimes.internal:8007
2026-08-28 06:20:24.786 Rejecting WebSocket connection with disallowed Origin or Host header: origin=https://8501-gpu-t4-s-kkb-usw1b1-1a03ljxsekluj-b.us-west1-1.prod.colab.dev, host=gpu-t4-s-kkb-usw1b1-1a03ljxsekluj.us-west1-b.c.codatalab-user-runtimes.internal:8007
2026-08-28 06:20:31.001 Rejecting WebSocket connection with disallowed Origin or Host header: origin=https://8501-gpu-t4-s-kkb-usw1b1-1a03ljxsekluj-b.us-west1-1.prod.colab.dev, host=gpu-t4-s-kkb-usw1b1-1a03ljxsekluj.us-west1-b.c.codatalab-user-runtimes.internal:8007
2026-08-28 06:20:42.895 Rejecting WebSocket connection with disallowed Origin or Host header: origin=https://8501-gpu-t4-s-kkb-usw1b1-1a03ljxsekluj-b.us-west1-1.prod.colab.dev, host=gpu-t4-s-kkb-usw1b1-1a03ljxsekluj.us-west1-b.c.codatalab-user-runtimes.internal:8007
2026-08-28 06:20:48.436 Rejecting WebSocket connection with disallowed Origin or Host header: origin=https://8501-gpu-t4-s-kkb-usw1b1-1a03ljxsekluj-b.us-west1-1.prod.colab.dev, host=gpu-t4-s-kkb-usw1b1-1a03ljxsekluj.us-west1-b.c.codatalab-user-runtimes.internal:8007
2026-08-28 06:21:03.065 Rejecting WebSocket connection with disallowed Origin or Host header: origin=https://8501-gpu-t4-s-kkb-usw1b1-1a03ljxsekluj-b.us-west1-1.prod.colab.dev, host=gpu-t4-s-kkb-usw1b1-1a03ljxsekluj.us-west1-b.c.codatalab-user-runtimes.internal:8007
2026-08-28 06:21:10.310 Rejecting WebSocket connection with disallowed Origin or Host header: origin=https://8501-gpu-t4-s-kkb-usw1b1-1a03ljxsekluj-b.us-west1-1.prod.colab.dev, host=gpu-t4-s-kkb-usw1b1-1a03ljxsekluj.us-west1-b.c.codatalab-user-runtimes.internal:8007
2026-08-28 06:21:17.034 Rejecting WebSocket connection with disallowed Origin or Host header: origin=https://8501-gpu-t4-s-kkb-usw1b1-1a03ljxsekluj-b.us-west1-1.prod.colab.dev, host=gpu-t4-s-kkb-usw1b1-1a03ljxsekluj.us-west1-b.c.codatalab-user-runtimes.internal:8007
2026-08-28 06:21:25.593 Rejecting WebSocket connection with disallowed Origin or Host header: origin=https://8501-gpu-t4-s-kkb-usw1b1-1a03ljxsekluj-b.us-west1-1.prod.colab.dev, host=gpu-t4-s-kkb-usw1b1-1a03ljxsekluj.us-west1-b.c.codatalab-user-runtimes.internal:8007
2026-08-28 06:21:33.888 Rejecting WebSocket connection with disallowed Origin or Host header: origin=https://8501-gpu-t4-s-kkb-usw1b1-1a03ljxsekluj-b.us-west1-1.prod.colab.dev, host=gpu-t4-s-kkb-usw1b1-1a03ljxsekluj.us-west1-b.c.codatalab-user-runtimes.internal:8007
2026-08-28 06:21:42.452 Rejecting WebSocket connection with disallowed Origin or Host header: origin=https://8501-gpu-t4-s-kkb-usw1b1-1a03ljxsekluj-b.us-west1-1.prod.colab.dev, host=gpu-t4-s-kkb-usw1b1-1a03ljxsekluj.us-west1-b.c.codatalab-user-runtimes.internal:8007
2026-08-28 06:21:51.744 Rejecting WebSocket connection with disallowed Origin or Host header: origin=https://8501-gpu-t4-s-kkb-usw1b1-1a03ljxsekluj-b.us-west1-1.prod.colab.dev, host=gpu-t4-s-kkb-usw1b1-1a03ljxsekluj.us-west1-b.c.codatalab-user-runtimes.internal:8007
2026-08-28 06:22:00.426 Rejecting WebSocket connection with disallowed Origin or Host header: origin=https://8501-gpu-t4-s-kkb-usw1b1-1a03ljxsekluj-b.us-west1-1.prod.colab.dev, host=gpu-t4-s-kkb-usw1b1-1a03ljxsekluj.us-west1-b.c.codatalab-user-runtimes.internal:8007
2026-08-28 06:22:08.118 Rejecting WebSocket connection with disallowed Origin or Host header: origin=https://8501-gpu-t4-s-kkb-usw1b1-1a03ljxsekluj-b.us-west1-1.prod.colab.dev, host=gpu-t4-s-kkb-usw1b1-1a03ljxsekluj.us-west1-b.c.codatalab-user-runtimes.internal:8007
2026-08-28 06:22:16.509 Rejecting WebSocket connection with disallowed Origin or Host header: origin=https://8501-gpu-t4-s-kkb-usw1b1-1a03ljxsekluj-b.us-west1-1.prod.colab.dev, host=gpu-t4-s-kkb-usw1b1-1a03ljxsekluj.us-west1-b.c.codatalab-user-runtimes.internal:8007
2026-08-28 06:22:23.343 Rejecting WebSocket connection with disallowed Origin or Host header: origin=https://8501-gpu-t4-s-kkb-usw1b1-1a03ljxsekluj-b.us-west1-1.prod.colab.dev, host=gpu-t4-s-kkb-usw1b1-1a03ljxsekluj.us-west1-b.c.codatalab-user-runtimes.internal:8007
2026-08-28 06:22:30.017 Rejecting WebSocket connection with disallowed Origin or Host header: origin=https://8501-gpu-t4-s-kkb-usw1b1-1a03ljxsekluj-b.us-west1-1.prod.colab.dev, host=gpu-t4-s-kkb-usw1b1-1a03ljxsekluj.us-west1-b.c.codatalab-user-runtimes.internal:8007
2026-08-28 06:22:37.495 Rejecting WebSocket connection with disallowed Origin or Host header: origin=https://8501-gpu-t4-s-kkb-usw1b1-1a03ljxsekluj-b.us-west1-1.prod.colab.dev, host=gpu-t4-s-kkb-usw1b1-1a03ljxsekluj.us-west1-b.c.codatalab-user-runtimes.internal:8007
2026-08-28 06:22:42.205 Rejecting WebSocket connection with disallowed Origin or Host header: origin=https://8501-gpu-t4-s-kkb-usw1b1-1a03ljxsekluj-b.us-west1-1.prod.colab.dev, host=gpu-t4-s-kkb-usw1b1-1a03ljxsekluj.us-west1-b.c.codatalab-user-runtimes.internal:8007
2026-08-28 06:22:46.361 Rejecting WebSocket connection with disallowed Origin or Host header: origin=https://8501-gpu-t4-s-kkb-usw1b1-1a03ljxsekluj-b.us-west1-1.prod.colab.dev, host=gpu-t4-s-kkb-usw1b1-1a03ljxsekluj.us-west1-b.c.codatalab-user-runtimes.internal:8007
2026-08-28 06:22:52.096 Rejecting WebSocket connection with disallowed Origin or Host header: origin=https://8501-gpu-t4-s-kkb-usw1b1-1a03ljxsekluj-b.us-west1-1.prod.colab.dev, host=gpu-t4-s-kkb-usw1b1-1a03ljxsekluj.us-west1-b.c.codatalab-user-runtimes.internal:8007
2026-08-28 06:23:01.190 Rejecting WebSocket connection with disallowed Origin or Host header: origin=https://8501-gpu-t4-s-kkb-usw1b1-1a03ljxsekluj-b.us-west1-1.prod.colab.dev, host=gpu-t4-s-kkb-usw1b1-1a03ljxsekluj.us-west1-b.c.codatalab-user-runtimes.internal:8007
2026-08-28 06:23:10.352 Rejecting WebSocket connection with disallowed Origin or Host header: origin=https://8501-gpu-t4-s-kkb-usw1b1-1a03ljxsekluj-b.us-west1-1.prod.colab.dev, host=gpu-t4-s-kkb-usw1b1-1a03ljxsekluj.us-west1-b.c.codatalab-user-runtimes.internal:8007
2026-08-28 06:23:20.714 Rejecting WebSocket connection with disallowed Origin or Host header: origin=https://8501-gpu-t4-s-kkb-usw1b1-1a03ljxsekluj-b.us-west1-1.prod.colab.dev, host=gpu-t4-s-kkb-usw1b1-1a03ljxsekluj.us-west1-b.c.codatalab-user-runtimes.internal:8007
2026-08-28 06:23:28.483 Rejecting WebSocket connection with disallowed Origin or Host header: origin=https://8501-gpu-t4-s-kkb-usw1b1-1a03ljxsekluj-b.us-west1-1.prod.colab.dev, host=gpu-t4-s-kkb-usw1b1-1a03ljxsekluj.us-west1-b.c.codatalab-user-runtimes.internal:8007
2026-08-28 06:23:36.126 Rejecting WebSocket connection with disallowed Origin or Host header: origin=https://8501-gpu-t4-s-kkb-usw1b1-1a03ljxsekluj-b.us-west1-1.prod.colab.dev, host=gpu-t4-s-kkb-usw1b1-1a03ljxsekluj.us-west1-b.c.codatalab-user-runtimes.internal:8007
2026-08-28 06:23:43.234 Rejecting WebSocket connection with disallowed Origin or Host header: origin=https://8501-gpu-t4-s-kkb-usw1b1-1a03ljxsekluj-b.us-west1-1.prod.colab.dev, host=gpu-t4-s-kkb-usw1b1-1a03ljxsekluj.us-west1-b.c.codatalab-user-runtimes.internal:8007
2026-08-28 06:23:50.597 Rejecting WebSocket connection with disallowed Origin or Host header: origin=https://8501-gpu-t4-s-kkb-usw1b1-1a03ljxsekluj-b.us-west1-1.prod.colab.dev, host=gpu-t4-s-kkb-usw1b1-1a03ljxsekluj.us-west1-b.c.codatalab-user-runtimes.internal:8007
2026-08-28 06:23:59.694 Rejecting WebSocket connection with disallowed Origin or Host header: origin=https://8501-gpu-t4-s-kkb-usw1b1-1a03ljxsekluj-b.us-west1-1.prod.colab.dev, host=gpu-t4-s-kkb-usw1b1-1a03ljxsekluj.us-west1-b.c.codatalab-user-runtimes.internal:8007
2026-08-28 06:24:13.640 Rejecting WebSocket connection with disallowed Origin or Host header: origin=https://8501-gpu-t4-s-kkb-usw1b1-1a03ljxsekluj-b.us-west1-1.prod.colab.dev, host=gpu-t4-s-kkb-usw1b1-1a03ljxsekluj.us-west1-b.c.codatalab-user-runtimes.internal:8007
2026-08-28 06:24:21.949 Rejecting WebSocket connection with disallowed Origin or Host header: origin=https://8501-gpu-t4-s-kkb-usw1b1-1a03ljxsekluj-b.us-west1-1.prod.colab.dev, host=gpu-t4-s-kkb-usw1b1-1a03ljxsekluj.us-west1-b.c.codatalab-user-runtimes.internal:8007
2026-08-28 06:24:27.339 Rejecting WebSocket connection with disallowed Origin or Host header: origin=https://8501-gpu-t4-s-kkb-usw1b1-1a03ljxsekluj-b.us-west1-1.prod.colab.dev, host=gpu-t4-s-kkb-usw1b1-1a03ljxsekluj.us-west1-b.c.codatalab-user-runtimes.internal:8007
2026-08-28 06:24:34.828 Rejecting WebSocket connection with disallowed Origin or Host header: origin=https://8501-gpu-t4-s-kkb-usw1b1-1a03ljxsekluj-b.us-west1-1.prod.colab.dev, host=gpu-t4-s-kkb-usw1b1-1a03ljxsekluj.us-west1-b.c.codatalab-user-runtimes.internal:8007
2026-08-28 06:24:45.282 Rejecting WebSocket connection with disallowed Origin or Host header: origin=https://8501-gpu-t4-s-kkb-usw1b1-1a03ljxsekluj-b.us-west1-1.prod.colab.dev, host=gpu-t4-s-kkb-usw1b1-1a03ljxsekluj.us-west1-b.c.codatalab-user-runtimes.internal:8007
2026-08-28 06:24:52.838 Rejecting WebSocket connection with disallowed Origin or Host header: origin=https://8501-gpu-t4-s-kkb-usw1b1-1a03ljxsekluj-b.us-west1-1.prod.colab.dev, host=gpu-t4-s-kkb-usw1b1-1a03ljxsekluj.us-west1-b.c.codatalab-user-runtimes.internal:8007
2026-08-28 06:25:00.479 Rejecting WebSocket connection with disallowed Origin or Host header: origin=https://8501-gpu-t4-s-kkb-usw1b1-1a03ljxsekluj-b.us-west1-1.prod.colab.dev, host=gpu-t4-s-kkb-usw1b1-1a03ljxsekluj.us-west1-b.c.codatalab-user-runtimes.internal:8007
2026-08-28 06:25:09.879 Rejecting WebSocket connection with disallowed Origin or Host header: origin=https://8501-gpu-t4-s-kkb-usw1b1-1a03ljxsekluj-b.us-west1-1.prod.colab.dev, host=gpu-t4-s-kkb-usw1b1-1a03ljxsekluj.us-west1-b.c.codatalab-user-runtimes.internal:8007
2026-08-28 06:25:14.905 Rejecting WebSocket connection with disallowed Origin or Host header: origin=https://8501-gpu-t4-s-kkb-usw1b1-1a03ljxsekluj-b.us-west1-1.prod.colab.dev, host=gpu-t4-s-kkb-usw1b1-1a03ljxsekluj.us-west1-b.c.codatalab-user-runtimes.internal:8007
2026-08-28 06:25:23.465 Rejecting WebSocket connection with disallowed Origin or Host header: origin=https://8501-gpu-t4-s-kkb-usw1b1-1a03ljxsekluj-b.us-west1-1.prod.colab.dev, host=gpu-t4-s-kkb-usw1b1-1a03ljxsekluj.us-west1-b.c.codatalab-user-runtimes.internal:8007
2026-08-28 06:25:30.018 Rejecting WebSocket connection with disallowed Origin or Host header: origin=https://8501-gpu-t4-s-kkb-usw1b1-1a03ljxsekluj-b.us-west1-1.prod.colab.dev, host=gpu-t4-s-kkb-usw1b1-1a03ljxsekluj.us-west1-b.c.codatalab-user-runtimes.internal:8007
2026-08-28 06:25:39.468 Rejecting WebSocket connection with disallowed Origin or Host header: origin=https://8501-gpu-t4-s-kkb-usw1b1-1a03ljxsekluj-b.us-west1-1.prod.colab.dev, host=gpu-t4-s-kkb-usw1b1-1a03ljxsekluj.us-west1-b.c.codatalab-user-runtimes.internal:8007
2026-08-28 06:25:46.916 Rejecting WebSocket connection with disallowed Origin or Host header: origin=https://8501-gpu-t4-s-kkb-usw1b1-1a03ljxsekluj-b.us-west1-1.prod.colab.dev, host=gpu-t4-s-kkb-usw1b1-1a03ljxsekluj.us-west1-b.c.codatalab-user-runtimes.internal:8007
2026-08-28 06:25:55.937 Rejecting WebSocket connection with disallowed Origin or Host header: origin=https://8501-gpu-t4-s-kkb-usw1b1-1a03ljxsekluj-b.us-west1-1.prod.colab.dev, host=gpu-t4-s-kkb-usw1b1-1a03ljxsekluj.us-west1-b.c.codatalab-user-runtimes.internal:8007
2026-08-28 06:26:02.105 Rejecting WebSocket connection with disallowed Origin or Host header: origin=https://8501-gpu-t4-s-kkb-usw1b1-1a03ljxsekluj-b.us-west1-1.prod.colab.dev, host=gpu-t4-s-kkb-usw1b1-1a03ljxsekluj.us-west1-b.c.codatalab-user-runtimes.internal:8007
2026-08-28 06:26:09.447 Rejecting WebSocket connection with disallowed Origin or Host header: origin=https://8501-gpu-t4-s-kkb-usw1b1-1a03ljxsekluj-b.us-west1-1.prod.colab.dev, host=gpu-t4-s-kkb-usw1b1-1a03ljxsekluj.us-west1-b.c.codatalab-user-runtimes.internal:8007
2026-08-28 06:26:14.167 Rejecting WebSocket connection with disallowed Origin or Host header: origin=https://8501-gpu-t4-s-kkb-usw1b1-1a03ljxsekluj-b.us-west1-1.prod.colab.dev, host=gpu-t4-s-kkb-usw1b1-1a03ljxsekluj.us-west1-b.c.codatalab-user-runtimes.internal:8007
2026-08-28 06:26:22.558 Rejecting WebSocket connection with disallowed Origin or Host header: origin=https://8501-gpu-t4-s-kkb-usw1b1-1a03ljxsekluj-b.us-west1-1.prod.colab.dev, host=gpu-t4-s-kkb-usw1b1-1a03ljxsekluj.us-west1-b.c.codatalab-user-runtimes.internal:8007
2026-08-28 06:26:31.350 Rejecting WebSocket connection with disallowed Origin or Host header: origin=https://8501-gpu-t4-s-kkb-usw1b1-1a03ljxsekluj-b.us-west1-1.prod.colab.dev, host=gpu-t4-s-kkb-usw1b1-1a03ljxsekluj.us-west1-b.c.codatalab-user-runtimes.internal:8007
2026-08-28 06:26:38.235 Rejecting WebSocket connection with disallowed Origin or Host header: origin=https://8501-gpu-t4-s-kkb-usw1b1-1a03ljxsekluj-b.us-west1-1.prod.colab.dev, host=gpu-t4-s-kkb-usw1b1-1a03ljxsekluj.us-west1-b.c.codatalab-user-runtimes.internal:8007
2026-08-28 06:26:47.937 Rejecting WebSocket connection with disallowed Origin or Host header: origin=https://8501-gpu-t4-s-kkb-usw1b1-1a03ljxsekluj-b.us-west1-1.prod.colab.dev, host=gpu-t4-s-kkb-usw1b1-1a03ljxsekluj.us-west1-b.c.codatalab-user-runtimes.internal:8007
2026-08-28 06:26:52.868 Rejecting WebSocket connection with disallowed Origin or Host header: origin=https://8501-gpu-t4-s-kkb-usw1b1-1a03ljxsekluj-b.us-west1-1.prod.colab.dev, host=gpu-t4-s-kkb-usw1b1-1a03ljxsekluj.us-west1-b.c.codatalab-user-runtimes.internal:8007
2026-08-28 06:27:07.718 Rejecting WebSocket connection with disallowed Origin or Host header: origin=https://8501-gpu-t4-s-kkb-usw1b1-1a03ljxsekluj-b.us-west1-1.prod.colab.dev, host=gpu-t4-s-kkb-usw1b1-1a03ljxsekluj.us-west1-b.c.codatalab-user-runtimes.internal:8007
2026-08-28 06:27:12.147 Rejecting WebSocket connection with disallowed Origin or Host header: origin=https://8501-gpu-t4-s-kkb-usw1b1-1a03ljxsekluj-b.us-west1-1.prod.colab.dev, host=gpu-t4-s-kkb-usw1b1-1a03ljxsekluj.us-west1-b.c.codatalab-user-runtimes.internal:8007
2026-08-28 06:27:16.071 Rejecting WebSocket connection with disallowed Origin or Host header: origin=https://8501-gpu-t4-s-kkb-usw1b1-1a03ljxsekluj-b.us-west1-1.prod.colab.dev, host=gpu-t4-s-kkb-usw1b1-1a03ljxsekluj.us-west1-b.c.codatalab-user-runtimes.internal:8007
2026-08-28 06:27:20.110 Rejecting WebSocket connection with disallowed Origin or Host header: origin=https://8501-gpu-t4-s-kkb-usw1b1-1a03ljxsekluj-b.us-west1-1.prod.colab.dev, host=gpu-t4-s-kkb-usw1b1-1a03ljxsekluj.us-west1-b.c.codatalab-user-runtimes.internal:8007
2026-08-28 06:27:25.091 Rejecting WebSocket connection with disallowed Origin or Host header: origin=https://8501-gpu-t4-s-kkb-usw1b1-1a03ljxsekluj-b.us-west1-1.prod.colab.dev, host=gpu-t4-s-kkb-usw1b1-1a03ljxsekluj.us-west1-b.c.codatalab-user-runtimes.internal:8007
2026-08-28 06:27:28.754 Rejecting WebSocket connection with disallowed Origin or Host header: origin=https://8501-gpu-t4-s-kkb-usw1b1-1a03ljxsekluj-b.us-west1-1.prod.colab.dev, host=gpu-t4-s-kkb-usw1b1-1a03ljxsekluj.us-west1-b.c.codatalab-user-runtimes.internal:8007
2026-08-28 06:27:32.885 Rejecting WebSocket connection with disallowed Origin or Host header: origin=https://8501-gpu-t4-s-kkb-usw1b1-1a03ljxsekluj-b.us-west1-1.prod.colab.dev, host=gpu-t4-s-kkb-usw1b1-1a03ljxsekluj.us-west1-b.c.codatalab-user-runtimes.internal:8007
2026-08-28 06:27:35.841 Rejecting WebSocket connection with disallowed Origin or Host header: origin=https://8501-gpu-t4-s-kkb-usw1b1-1a03ljxsekluj-b.us-west1-1.prod.colab.dev, host=gpu-t4-s-kkb-usw1b1-1a03ljxsekluj.us-west1-b.c.codatalab-user-runtimes.internal:8007
2026-08-28 06:27:40.029 Rejecting WebSocket connection with disallowed Origin or Host header: origin=https://8501-gpu-t4-s-kkb-usw1b1-1a03ljxsekluj-b.us-west1-1.prod.colab.dev, host=gpu-t4-s-kkb-usw1b1-1a03ljxsekluj.us-west1-b.c.codatalab-user-runtimes.internal:8007
2026-08-28 06:27:44.067 Rejecting WebSocket connection with disallowed Origin or Host header: origin=https://8501-gpu-t4-s-kkb-usw1b1-1a03ljxsekluj-b.us-west1-1.prod.colab.dev, host=gpu-t4-s-kkb-usw1b1-1a03ljxsekluj.us-west1-b.c.codatalab-user-runtimes.internal:8007
2026-08-28 06:27:47.545 Rejecting WebSocket connection with disallowed Origin or Host header: origin=https://8501-gpu-t4-s-kkb-usw1b1-1a03ljxsekluj-b.us-west1-1.prod.colab.dev, host=gpu-t4-s-kkb-usw1b1-1a03ljxsekluj.us-west1-b.c.codatalab-user-runtimes.internal:8007
2026-08-28 06:27:51.308 Rejecting WebSocket connection with disallowed Origin or Host header: origin=https://8501-gpu-t4-s-kkb-usw1b1-1a03ljxsekluj-b.us-west1-1.prod.colab.dev, host=gpu-t4-s-kkb-usw1b1-1a03ljxsekluj.us-west1-b.c.codatalab-user-runtimes.internal:8007
2026-08-28 06:27:56.105 Rejecting WebSocket connection with disallowed Origin or Host header: origin=https://8501-gpu-t4-s-kkb-usw1b1-1a03ljxsekluj-b.us-west1-1.prod.colab.dev, host=gpu-t4-s-kkb-usw1b1-1a03ljxsekluj.us-west1-b.c.codatalab-user-runtimes.internal:8007
2026-08-28 06:28:01.089 Rejecting WebSocket connection with disallowed Origin or Host header: origin=https://8501-gpu-t4-s-kkb-usw1b1-1a03ljxsekluj-b.us-west1-1.prod.colab.dev, host=gpu-t4-s-kkb-usw1b1-1a03ljxsekluj.us-west1-b.c.codatalab-user-runtimes.internal:8007
2026-08-28 06:28:04.669 Rejecting WebSocket connection with disallowed Origin or Host header: origin=https://8501-gpu-t4-s-kkb-usw1b1-1a03ljxsekluj-b.us-west1-1.prod.colab.dev, host=gpu-t4-s-kkb-usw1b1-1a03ljxsekluj.us-west1-b.c.codatalab-user-runtimes.internal:8007
2026-08-28 06:28:11.123 Rejecting WebSocket connection with disallowed Origin or Host header: origin=https://8501-gpu-t4-s-kkb-usw1b1-1a03ljxsekluj-b.us-west1-1.prod.colab.dev, host=gpu-t4-s-kkb-usw1b1-1a03ljxsekluj.us-west1-b.c.codatalab-user-runtimes.internal:8007
2026-08-28 06:28:17.038 Rejecting WebSocket connection with disallowed Origin or Host header: origin=https://8501-gpu-t4-s-kkb-usw1b1-1a03ljxsekluj-b.us-west1-1.prod.colab.dev, host=gpu-t4-s-kkb-usw1b1-1a03ljxsekluj.us-west1-b.c.codatalab-user-runtimes.internal:8007
2026-08-28 06:28:24.247 Rejecting WebSocket connection with disallowed Origin or Host header: origin=https://8501-gpu-t4-s-kkb-usw1b1-1a03ljxsekluj-b.us-west1-1.prod.colab.dev, host=gpu-t4-s-kkb-usw1b1-1a03ljxsekluj.us-west1-b.c.codatalab-user-runtimes.internal:8007
2026-08-28 06:28:31.701 Rejecting WebSocket connection with disallowed Origin or Host header: origin=https://8501-gpu-t4-s-kkb-usw1b1-1a03ljxsekluj-b.us-west1-1.prod.colab.dev, host=gpu-t4-s-kkb-usw1b1-1a03ljxsekluj.us-west1-b.c.codatalab-user-runtimes.internal:8007
2026-08-28 06:28:43.070 Rejecting WebSocket connection with disallowed Origin or Host header: origin=https://8501-gpu-t4-s-kkb-usw1b1-1a03ljxsekluj-b.us-west1-1.prod.colab.dev, host=gpu-t4-s-kkb-usw1b1-1a03ljxsekluj.us-west1-b.c.codatalab-user-runtimes.internal:8007
2026-08-28 06:28:52.375 Rejecting WebSocket connection with disallowed Origin or Host header: origin=https://8501-gpu-t4-s-kkb-usw1b1-1a03ljxsekluj-b.us-west1-1.prod.colab.dev, host=gpu-t4-s-kkb-usw1b1-1a03ljxsekluj.us-west1-b.c.codatalab-user-runtimes.internal:8007
2026-08-28 06:29:01.259 Rejecting WebSocket connection with disallowed Origin or Host header: origin=https://8501-gpu-t4-s-kkb-usw1b1-1a03ljxsekluj-b.us-west1-1.prod.colab.dev, host=gpu-t4-s-kkb-usw1b1-1a03ljxsekluj.us-west1-b.c.codatalab-user-runtimes.internal:8007
2026-08-28 06:29:08.348 Rejecting WebSocket connection with disallowed Origin or Host header: origin=https://8501-gpu-t4-s-kkb-usw1b1-1a03ljxsekluj-b.us-west1-1.prod.colab.dev, host=gpu-t4-s-kkb-usw1b1-1a03ljxsekluj.us-west1-b.c.codatalab-user-runtimes.internal:8007
2026-08-28 06:29:18.539 Rejecting WebSocket connection with disallowed Origin or Host header: origin=https://8501-gpu-t4-s-kkb-usw1b1-1a03ljxsekluj-b.us-west1-1.prod.colab.dev, host=gpu-t4-s-kkb-usw1b1-1a03ljxsekluj.us-west1-b.c.codatalab-user-runtimes.internal:8007
2026-08-28 06:29:26.112 Rejecting WebSocket connection with disallowed Origin or Host header: origin=https://8501-gpu-t4-s-kkb-usw1b1-1a03ljxsekluj-b.us-west1-1.prod.colab.dev, host=gpu-t4-s-kkb-usw1b1-1a03ljxsekluj.us-west1-b.c.codatalab-user-runtimes.internal:8007
2026-08-28 06:29:31.923 Rejecting WebSocket connection with disallowed Origin or Host header: origin=https://8501-gpu-t4-s-kkb-usw1b1-1a03ljxsekluj-b.us-west1-1.prod.colab.dev, host=gpu-t4-s-kkb-usw1b1-1a03ljxsekluj.us-west1-b.c.codatalab-user-runtimes.internal:8007
2026-08-28 06:29:38.607 Rejecting WebSocket connection with disallowed Origin or Host header: origin=https://8501-gpu-t4-s-kkb-usw1b1-1a03ljxsekluj-b.us-west1-1.prod.colab.dev, host=gpu-t4-s-kkb-usw1b1-1a03ljxsekluj.us-west1-b.c.codatalab-user-runtimes.internal:8007
2026-08-28 06:29:48.196 Rejecting WebSocket connection with disallowed Origin or Host header: origin=https://8501-gpu-t4-s-kkb-usw1b1-1a03ljxsekluj-b.us-west1-1.prod.colab.dev, host=gpu-t4-s-kkb-usw1b1-1a03ljxsekluj.us-west1-b.c.codatalab-user-runtimes.internal:8007
2026-08-28 06:29:55.078 Rejecting WebSocket connection with disallowed Origin or Host header: origin=https://8501-gpu-t4-s-kkb-usw1b1-1a03ljxsekluj-b.us-west1-1.prod.colab.dev, host=gpu-t4-s-kkb-usw1b1-1a03ljxsekluj.us-west1-b.c.codatalab-user-runtimes.internal:8007
2026-08-28 06:30:02.721 Rejecting WebSocket connection with disallowed Origin or Host header: origin=https://8501-gpu-t4-s-kkb-usw1b1-1a03ljxsekluj-b.us-west1-1.prod.colab.dev, host=gpu-t4-s-kkb-usw1b1-1a03ljxsekluj.us-west1-b.c.codatalab-user-runtimes.internal:8007
2026-08-28 06:30:07.229 Rejecting WebSocket connection with disallowed Origin or Host header: origin=https://8501-gpu-t4-s-kkb-usw1b1-1a03ljxsekluj-b.us-west1-1.prod.colab.dev, host=gpu-t4-s-kkb-usw1b1-1a03ljxsekluj.us-west1-b.c.codatalab-user-runtimes.internal:8007
2026-08-28 06:30:18.409 Rejecting WebSocket connection with disallowed Origin or Host header: origin=https://8501-gpu-t4-s-kkb-usw1b1-1a03ljxsekluj-b.us-west1-1.prod.colab.dev, host=gpu-t4-s-kkb-usw1b1-1a03ljxsekluj.us-west1-b.c.codatalab-user-runtimes.internal:8007
2026-08-28 06:30:27.080 Rejecting WebSocket connection with disallowed Origin or Host header: origin=https://8501-gpu-t4-s-kkb-usw1b1-1a03ljxsekluj-b.us-west1-1.prod.colab.dev, host=gpu-t4-s-kkb-usw1b1-1a03ljxsekluj.us-west1-b.c.codatalab-user-runtimes.internal:8007
2026-08-28 06:30:34.155 Rejecting WebSocket connection with disallowed Origin or Host header: origin=https://8501-gpu-t4-s-kkb-usw1b1-1a03ljxsekluj-b.us-west1-1.prod.colab.dev, host=gpu-t4-s-kkb-usw1b1-1a03ljxsekluj.us-west1-b.c.codatalab-user-runtimes.internal:8007
2026-08-28 06:30:43.512 Rejecting WebSocket connection with disallowed Origin or Host header: origin=https://8501-gpu-t4-s-kkb-usw1b1-1a03ljxsekluj-b.us-west1-1.prod.colab.dev, host=gpu-t4-s-kkb-usw1b1-1a03ljxsekluj.us-west1-b.c.codatalab-user-runtimes.internal:8007
2026-08-28 06:30:49.919 Rejecting WebSocket connection with disallowed Origin or Host header: origin=https://8501-gpu-t4-s-kkb-usw1b1-1a03ljxsekluj-b.us-west1-1.prod.colab.dev, host=gpu-t4-s-kkb-usw1b1-1a03ljxsekluj.us-west1-b.c.codatalab-user-runtimes.internal:8007
2026-08-28 06:30:55.277 Rejecting WebSocket connection with disallowed Origin or Host header: origin=https://8501-gpu-t4-s-kkb-usw1b1-1a03ljxsekluj-b.us-west1-1.prod.colab.dev, host=gpu-t4-s-kkb-usw1b1-1a03ljxsekluj.us-west1-b.c.codatalab-user-runtimes.internal:8007
2026-08-28 06:31:01.871 Rejecting WebSocket connection with disallowed Origin or Host header: origin=https://8501-gpu-t4-s-kkb-usw1b1-1a03ljxsekluj-b.us-west1-1.prod.colab.dev, host=gpu-t4-s-kkb-usw1b1-1a03ljxsekluj.us-west1-b.c.codatalab-user-runtimes.internal:8007
2026-08-28 06:31:08.007 Rejecting WebSocket connection with disallowed Origin or Host header: origin=https://8501-gpu-t4-s-kkb-usw1b1-1a03ljxsekluj-b.us-west1-1.prod.colab.dev, host=gpu-t4-s-kkb-usw1b1-1a03ljxsekluj.us-west1-b.c.codatalab-user-runtimes.internal:8007
2026-08-28 06:31:14.970 Rejecting WebSocket connection with disallowed Origin or Host header: origin=https://8501-gpu-t4-s-kkb-usw1b1-1a03ljxsekluj-b.us-west1-1.prod.colab.dev, host=gpu-t4-s-kkb-usw1b1-1a03ljxsekluj.us-west1-b.c.codatalab-user-runtimes.internal:8007
2026-08-28 06:31:20.241 Rejecting WebSocket connection with disallowed Origin or Host header: origin=https://8501-gpu-t4-s-kkb-usw1b1-1a03ljxsekluj-b.us-west1-1.prod.colab.dev, host=gpu-t4-s-kkb-usw1b1-1a03ljxsekluj.us-west1-b.c.codatalab-user-runtimes.internal:8007
2026-08-28 06:31:25.567 Rejecting WebSocket connection with disallowed Origin or Host header: origin=https://8501-gpu-t4-s-kkb-usw1b1-1a03ljxsekluj-b.us-west1-1.prod.colab.dev, host=gpu-t4-s-kkb-usw1b1-1a03ljxsekluj.us-west1-b.c.codatalab-user-runtimes.internal:8007
2026-08-28 06:31:34.159 Rejecting WebSocket connection with disallowed Origin or Host header: origin=https://8501-gpu-t4-s-kkb-usw1b1-1a03ljxsekluj-b.us-west1-1.prod.colab.dev, host=gpu-t4-s-kkb-usw1b1-1a03ljxsekluj.us-west1-b.c.codatalab-user-runtimes.internal:8007
2026-08-28 06:31:39.623 Rejecting WebSocket connection with disallowed Origin or Host header: origin=https://8501-gpu-t4-s-kkb-usw1b1-1a03ljxsekluj-b.us-west1-1.prod.colab.dev, host=gpu-t4-s-kkb-usw1b1-1a03ljxsekluj.us-west1-b.c.codatalab-user-runtimes.internal:8007
2026-08-28 06:31:46.902 Rejecting WebSocket connection with disallowed Origin or Host header: origin=https://8501-gpu-t4-s-kkb-usw1b1-1a03ljxsekluj-b.us-west1-1.prod.colab.dev, host=gpu-t4-s-kkb-usw1b1-1a03ljxsekluj.us-west1-b.c.codatalab-user-runtimes.internal:8007
2026-08-28 06:31:51.299 Rejecting WebSocket connection with disallowed Origin or Host header: origin=https://8501-gpu-t4-s-kkb-usw1b1-1a03ljxsekluj-b.us-west1-1.prod.colab.dev, host=gpu-t4-s-kkb-usw1b1-1a03ljxsekluj.us-west1-b.c.codatalab-user-runtimes.internal:8007
2026-08-28 06:31:58.101 Rejecting WebSocket connection with disallowed Origin or Host header: origin=https://8501-gpu-t4-s-kkb-usw1b1-1a03ljxsekluj-b.us-west1-1.prod.colab.dev, host=gpu-t4-s-kkb-usw1b1-1a03ljxsekluj.us-west1-b.c.codatalab-user-runtimes.internal:8007
2026-08-28 06:32:04.600 Rejecting WebSocket connection with disallowed Origin or Host header: origin=https://8501-gpu-t4-s-kkb-usw1b1-1a03ljxsekluj-b.us-west1-1.prod.colab.dev, host=gpu-t4-s-kkb-usw1b1-1a03ljxsekluj.us-west1-b.c.codatalab-user-runtimes.internal:8007
2026-08-28 06:32:12.270 Rejecting WebSocket connection with disallowed Origin or Host header: origin=https://8501-gpu-t4-s-kkb-usw1b1-1a03ljxsekluj-b.us-west1-1.prod.colab.dev, host=gpu-t4-s-kkb-usw1b1-1a03ljxsekluj.us-west1-b.c.codatalab-user-runtimes.internal:8007
2026-08-28 06:32:21.441 Rejecting WebSocket connection with disallowed Origin or Host header: origin=https://8501-gpu-t4-s-kkb-usw1b1-1a03ljxsekluj-b.us-west1-1.prod.colab.dev, host=gpu-t4-s-kkb-usw1b1-1a03ljxsekluj.us-west1-b.c.codatalab-user-runtimes.internal:8007
2026-08-28 06:32:35.706 Rejecting WebSocket connection with disallowed Origin or Host header: origin=https://8501-gpu-t4-s-kkb-usw1b1-1a03ljxsekluj-b.us-west1-1.prod.colab.dev, host=gpu-t4-s-kkb-usw1b1-1a03ljxsekluj.us-west1-b.c.codatalab-user-runtimes.internal:8007
2026-08-28 06:32:44.388 Rejecting WebSocket connection with disallowed Origin or Host header: origin=https://8501-gpu-t4-s-kkb-usw1b1-1a03ljxsekluj-b.us-west1-1.prod.colab.dev, host=gpu-t4-s-kkb-usw1b1-1a03ljxsekluj.us-west1-b.c.codatalab-user-runtimes.internal:8007
2026-08-28 06:32:50.069 Rejecting WebSocket connection with disallowed Origin or Host header: origin=https://8501-gpu-t4-s-kkb-usw1b1-1a03ljxsekluj-b.us-west1-1.prod.colab.dev, host=gpu-t4-s-kkb-usw1b1-1a03ljxsekluj.us-west1-b.c.codatalab-user-runtimes.internal:8007
2026-08-28 06:32:56.729 Rejecting WebSocket connection with disallowed Origin or Host header: origin=https://8501-gpu-t4-s-kkb-usw1b1-1a03ljxsekluj-b.us-west1-1.prod.colab.dev, host=gpu-t4-s-kkb-usw1b1-1a03ljxsekluj.us-west1-b.c.codatalab-user-runtimes.internal:8007
2026-08-28 06:33:11.761 Rejecting WebSocket connection with disallowed Origin or Host header: origin=https://8501-gpu-t4-s-kkb-usw1b1-1a03ljxsekluj-b.us-west1-1.prod.colab.dev, host=gpu-t4-s-kkb-usw1b1-1a03ljxsekluj.us-west1-b.c.codatalab-user-runtimes.internal:8007
2026-08-28 06:33:17.280 Rejecting WebSocket connection with disallowed Origin or Host header: origin=https://8501-gpu-t4-s-kkb-usw1b1-1a03ljxsekluj-b.us-west1-1.prod.colab.dev, host=gpu-t4-s-kkb-usw1b1-1a03ljxsekluj.us-west1-b.c.codatalab-user-runtimes.internal:8007
2026-08-28 06:33:25.644 Rejecting WebSocket connection with disallowed Origin or Host header: origin=https://8501-gpu-t4-s-kkb-usw1b1-1a03ljxsekluj-b.us-west1-1.prod.colab.dev, host=gpu-t4-s-kkb-usw1b1-1a03ljxsekluj.us-west1-b.c.codatalab-user-runtimes.internal:8007
2026-08-28 06:33:31.306 Rejecting WebSocket connection with disallowed Origin or Host header: origin=https://8501-gpu-t4-s-kkb-usw1b1-1a03ljxsekluj-b.us-west1-1.prod.colab.dev, host=gpu-t4-s-kkb-usw1b1-1a03ljxsekluj.us-west1-b.c.codatalab-user-runtimes.internal:8007
2026-08-28 06:33:40.237 Rejecting WebSocket connection with disallowed Origin or Host header: origin=https://8501-gpu-t4-s-kkb-usw1b1-1a03ljxsekluj-b.us-west1-1.prod.colab.dev, host=gpu-t4-s-kkb-usw1b1-1a03ljxsekluj.us-west1-b.c.codatalab-user-runtimes.internal:8007
2026-08-28 06:33:48.585 Rejecting WebSocket connection with disallowed Origin or Host header: origin=https://8501-gpu-t4-s-kkb-usw1b1-1a03ljxsekluj-b.us-west1-1.prod.colab.dev, host=gpu-t4-s-kkb-usw1b1-1a03ljxsekluj.us-west1-b.c.codatalab-user-runtimes.internal:8007
2026-08-28 06:33:54.826 Rejecting WebSocket connection with disallowed Origin or Host header: origin=https://8501-gpu-t4-s-kkb-usw1b1-1a03ljxsekluj-b.us-west1-1.prod.colab.dev, host=gpu-t4-s-kkb-usw1b1-1a03ljxsekluj.us-west1-b.c.codatalab-user-runtimes.internal:8007
2026-08-28 06:34:01.284 Rejecting WebSocket connection with disallowed Origin or Host header: origin=https://8501-gpu-t4-s-kkb-usw1b1-1a03ljxsekluj-b.us-west1-1.prod.colab.dev, host=gpu-t4-s-kkb-usw1b1-1a03ljxsekluj.us-west1-b.c.codatalab-user-runtimes.internal:8007
2026-08-28 06:34:09.888 Rejecting WebSocket connection with disallowed Origin or Host header: origin=https://8501-gpu-t4-s-kkb-usw1b1-1a03ljxsekluj-b.us-west1-1.prod.colab.dev, host=gpu-t4-s-kkb-usw1b1-1a03ljxsekluj.us-west1-b.c.codatalab-user-runtimes.internal:8007
2026-08-28 06:34:18.416 Rejecting WebSocket connection with disallowed Origin or Host header: origin=https://8501-gpu-t4-s-kkb-usw1b1-1a03ljxsekluj-b.us-west1-1.prod.colab.dev, host=gpu-t4-s-kkb-usw1b1-1a03ljxsekluj.us-west1-b.c.codatalab-user-runtimes.internal:8007
2026-08-28 06:34:27.633 Rejecting WebSocket connection with disallowed Origin or Host header: origin=https://8501-gpu-t4-s-kkb-usw1b1-1a03ljxsekluj-b.us-west1-1.prod.colab.dev, host=gpu-t4-s-kkb-usw1b1-1a03ljxsekluj.us-west1-b.c.codatalab-user-runtimes.internal:8007
2026-08-28 06:34:37.252 Rejecting WebSocket connection with disallowed Origin or Host header: origin=https://8501-gpu-t4-s-kkb-usw1b1-1a03ljxsekluj-b.us-west1-1.prod.colab.dev, host=gpu-t4-s-kkb-usw1b1-1a03ljxsekluj.us-west1-b.c.codatalab-user-runtimes.internal:8007
2026-08-28 06:34:43.967 Rejecting WebSocket connection with disallowed Origin or Host header: origin=https://8501-gpu-t4-s-kkb-usw1b1-1a03ljxsekluj-b.us-west1-1.prod.colab.dev, host=gpu-t4-s-kkb-usw1b1-1a03ljxsekluj.us-west1-b.c.codatalab-user-runtimes.internal:8007
2026-08-28 06:34:50.640 Rejecting WebSocket connection with disallowed Origin or Host header: origin=https://8501-gpu-t4-s-kkb-usw1b1-1a03ljxsekluj-b.us-west1-1.prod.colab.dev, host=gpu-t4-s-kkb-usw1b1-1a03ljxsekluj.us-west1-b.c.codatalab-user-runtimes.internal:8007
2026-08-28 06:34:57.103 Rejecting WebSocket connection with disallowed Origin or Host header: origin=https://8501-gpu-t4-s-kkb-usw1b1-1a03ljxsekluj-b.us-west1-1.prod.colab.dev, host=gpu-t4-s-kkb-usw1b1-1a03ljxsekluj.us-west1-b.c.codatalab-user-runtimes.internal:8007
2026-08-28 06:35:03.766 Rejecting WebSocket connection with disallowed Origin or Host header: origin=https://8501-gpu-t4-s-kkb-usw1b1-1a03ljxsekluj-b.us-west1-1.prod.colab.dev, host=gpu-t4-s-kkb-usw1b1-1a03ljxsekluj.us-west1-b.c.codatalab-user-runtimes.internal:8007
2026-08-28 06:35:11.898 Rejecting WebSocket connection with disallowed Origin or Host header: origin=https://8501-gpu-t4-s-kkb-usw1b1-1a03ljxsekluj-b.us-west1-1.prod.colab.dev, host=gpu-t4-s-kkb-usw1b1-1a03ljxsekluj.us-west1-b.c.codatalab-user-runtimes.internal:8007
2026-08-28 06:35:17.300 Rejecting WebSocket connection with disallowed Origin or Host header: origin=https://8501-gpu-t4-s-kkb-usw1b1-1a03ljxsekluj-b.us-west1-1.prod.colab.dev, host=gpu-t4-s-kkb-usw1b1-1a03ljxsekluj.us-west1-b.c.codatalab-user-runtimes.internal:8007
2026-08-28 06:35:25.167 Rejecting WebSocket connection with disallowed Origin or Host header: origin=https://8501-gpu-t4-s-kkb-usw1b1-1a03ljxsekluj-b.us-west1-1.prod.colab.dev, host=gpu-t4-s-kkb-usw1b1-1a03ljxsekluj.us-west1-b.c.codatalab-user-runtimes.internal:8007
2026-08-28 06:35:32.651 Rejecting WebSocket connection with disallowed Origin or Host header: origin=https://8501-gpu-t4-s-kkb-usw1b1-1a03ljxsekluj-b.us-west1-1.prod.colab.dev, host=gpu-t4-s-kkb-usw1b1-1a03ljxsekluj.us-west1-b.c.codatalab-user-runtimes.internal:8007
2026-08-28 06:35:38.991 Rejecting WebSocket connection with disallowed Origin or Host header: origin=https://8501-gpu-t4-s-kkb-usw1b1-1a03ljxsekluj-b.us-west1-1.prod.colab.dev, host=gpu-t4-s-kkb-usw1b1-1a03ljxsekluj.us-west1-b.c.codatalab-user-runtimes.internal:8007
2026-08-28 06:35:45.347 Rejecting WebSocket connection with disallowed Origin or Host header: origin=https://8501-gpu-t4-s-kkb-usw1b1-1a03ljxsekluj-b.us-west1-1.prod.colab.dev, host=gpu-t4-s-kkb-usw1b1-1a03ljxsekluj.us-west1-b.c.codatalab-user-runtimes.internal:8007
2026-08-28 06:35:52.830 Rejecting WebSocket connection with disallowed Origin or Host header: origin=https://8501-gpu-t4-s-kkb-usw1b1-1a03ljxsekluj-b.us-west1-1.prod.colab.dev, host=gpu-t4-s-kkb-usw1b1-1a03ljxsekluj.us-west1-b.c.codatalab-user-runtimes.internal:8007
2026-08-28 06:36:07.096 Rejecting WebSocket connection with disallowed Origin or Host header: origin=https://8501-gpu-t4-s-kkb-usw1b1-1a03ljxsekluj-b.us-west1-1.prod.colab.dev, host=gpu-t4-s-kkb-usw1b1-1a03ljxsekluj.us-west1-b.c.codatalab-user-runtimes.internal:8007
2026-08-28 06:36:12.179 Rejecting WebSocket connection with disallowed Origin or Host header: origin=https://8501-gpu-t4-s-kkb-usw1b1-1a03ljxsekluj-b.us-west1-1.prod.colab.dev, host=gpu-t4-s-kkb-usw1b1-1a03ljxsekluj.us-west1-b.c.codatalab-user-runtimes.internal:8007
2026-08-28 06:36:18.516 Rejecting WebSocket connection with disallowed Origin or Host header: origin=https://8501-gpu-t4-s-kkb-usw1b1-1a03ljxsekluj-b.us-west1-1.prod.colab.dev, host=gpu-t4-s-kkb-usw1b1-1a03ljxsekluj.us-west1-b.c.codatalab-user-runtimes.internal:8007
2026-08-28 06:36:26.109 Rejecting WebSocket connection with disallowed Origin or Host header: origin=https://8501-gpu-t4-s-kkb-usw1b1-1a03ljxsekluj-b.us-west1-1.prod.colab.dev, host=gpu-t4-s-kkb-usw1b1-1a03ljxsekluj.us-west1-b.c.codatalab-user-runtimes.internal:8007
2026-08-28 06:36:31.420 Rejecting WebSocket connection with disallowed Origin or Host header: origin=https://8501-gpu-t4-s-kkb-usw1b1-1a03ljxsekluj-b.us-west1-1.prod.colab.dev, host=gpu-t4-s-kkb-usw1b1-1a03ljxsekluj.us-west1-b.c.codatalab-user-runtimes.internal:8007
2026-08-28 06:36:37.458 Rejecting WebSocket connection with disallowed Origin or Host header: origin=https://8501-gpu-t4-s-kkb-usw1b1-1a03ljxsekluj-b.us-west1-1.prod.colab.dev, host=gpu-t4-s-kkb-usw1b1-1a03ljxsekluj.us-west1-b.c.codatalab-user-runtimes.internal:8007
2026-08-28 06:36:44.626 Rejecting WebSocket connection with disallowed Origin or Host header: origin=https://8501-gpu-t4-s-kkb-usw1b1-1a03ljxsekluj-b.us-west1-1.prod.colab.dev, host=gpu-t4-s-kkb-usw1b1-1a03ljxsekluj.us-west1-b.c.codatalab-user-runtimes.internal:8007
2026-08-28 06:36:50.789 Rejecting WebSocket connection with disallowed Origin or Host header: origin=https://8501-gpu-t4-s-kkb-usw1b1-1a03ljxsekluj-b.us-west1-1.prod.colab.dev, host=gpu-t4-s-kkb-usw1b1-1a03ljxsekluj.us-west1-b.c.codatalab-user-runtimes.internal:8007
2026-08-28 06:36:57.257 Rejecting WebSocket connection with disallowed Origin or Host header: origin=https://8501-gpu-t4-s-kkb-usw1b1-1a03ljxsekluj-b.us-west1-1.prod.colab.dev, host=gpu-t4-s-kkb-usw1b1-1a03ljxsekluj.us-west1-b.c.codatalab-user-runtimes.internal:8007
2026-08-28 06:37:06.089 Rejecting WebSocket connection with disallowed Origin or Host header: origin=https://8501-gpu-t4-s-kkb-usw1b1-1a03ljxsekluj-b.us-west1-1.prod.colab.dev, host=gpu-t4-s-kkb-usw1b1-1a03ljxsekluj.us-west1-b.c.codatalab-user-runtimes.internal:8007
2026-08-28 06:37:11.569 Rejecting WebSocket connection with disallowed Origin or Host header: origin=https://8501-gpu-t4-s-kkb-usw1b1-1a03ljxsekluj-b.us-west1-1.prod.colab.dev, host=gpu-t4-s-kkb-usw1b1-1a03ljxsekluj.us-west1-b.c.codatalab-user-runtimes.internal:8007
2026-08-28 06:37:16.087 Rejecting WebSocket connection with disallowed Origin or Host header: origin=https://8501-gpu-t4-s-kkb-usw1b1-1a03ljxsekluj-b.us-west1-1.prod.colab.dev, host=gpu-t4-s-kkb-usw1b1-1a03ljxsekluj.us-west1-b.c.codatalab-user-runtimes.internal:8007
2026-08-28 06:37:19.965 Rejecting WebSocket connection with disallowed Origin or Host header: origin=https://8501-gpu-t4-s-kkb-usw1b1-1a03ljxsekluj-b.us-west1-1.prod.colab.dev, host=gpu-t4-s-kkb-usw1b1-1a03ljxsekluj.us-west1-b.c.codatalab-user-runtimes.internal:8007
2026-08-28 06:37:23.877 Rejecting WebSocket connection with disallowed Origin or Host header: origin=https://8501-gpu-t4-s-kkb-usw1b1-1a03ljxsekluj-b.us-west1-1.prod.colab.dev, host=gpu-t4-s-kkb-usw1b1-1a03ljxsekluj.us-west1-b.c.codatalab-user-runtimes.internal:8007
2026-08-28 06:37:27.019 Rejecting WebSocket connection with disallowed Origin or Host header: origin=https://8501-gpu-t4-s-kkb-usw1b1-1a03ljxsekluj-b.us-west1-1.prod.colab.dev, host=gpu-t4-s-kkb-usw1b1-1a03ljxsekluj.us-west1-b.c.codatalab-user-runtimes.internal:8007
2026-08-28 06:37:31.452 Rejecting WebSocket connection with disallowed Origin or Host header: origin=https://8501-gpu-t4-s-kkb-usw1b1-1a03ljxsekluj-b.us-west1-1.prod.colab.dev, host=gpu-t4-s-kkb-usw1b1-1a03ljxsekluj.us-west1-b.c.codatalab-user-runtimes.internal:8007
2026-08-28 06:37:34.825 Rejecting WebSocket connection with disallowed Origin or Host header: origin=https://8501-gpu-t4-s-kkb-usw1b1-1a03ljxsekluj-b.us-west1-1.prod.colab.dev, host=gpu-t4-s-kkb-usw1b1-1a03ljxsekluj.us-west1-b.c.codatalab-user-runtimes.internal:8007
2026-08-28 06:37:37.873 Rejecting WebSocket connection with disallowed Origin or Host header: origin=https://8501-gpu-t4-s-kkb-usw1b1-1a03ljxsekluj-b.us-west1-1.prod.colab.dev, host=gpu-t4-s-kkb-usw1b1-1a03ljxsekluj.us-west1-b.c.codatalab-user-runtimes.internal:8007
2026-08-28 06:37:42.086 Rejecting WebSocket connection with disallowed Origin or Host header: origin=https://8501-gpu-t4-s-kkb-usw1b1-1a03ljxsekluj-b.us-west1-1.prod.colab.dev, host=gpu-t4-s-kkb-usw1b1-1a03ljxsekluj.us-west1-b.c.codatalab-user-runtimes.internal:8007
2026-08-28 06:37:46.079 Rejecting WebSocket connection with disallowed Origin or Host header: origin=https://8501-gpu-t4-s-kkb-usw1b1-1a03ljxsekluj-b.us-west1-1.prod.colab.dev, host=gpu-t4-s-kkb-usw1b1-1a03ljxsekluj.us-west1-b.c.codatalab-user-runtimes.internal:8007
2026-08-28 06:37:49.922 Rejecting WebSocket connection with disallowed Origin or Host header: origin=https://8501-gpu-t4-s-kkb-usw1b1-1a03ljxsekluj-b.us-west1-1.prod.colab.dev, host=gpu-t4-s-kkb-usw1b1-1a03ljxsekluj.us-west1-b.c.codatalab-user-runtimes.internal:8007
2026-08-28 06:37:53.657 Rejecting WebSocket connection with disallowed Origin or Host header: origin=https://8501-gpu-t4-s-kkb-usw1b1-1a03ljxsekluj-b.us-west1-1.prod.colab.dev, host=gpu-t4-s-kkb-usw1b1-1a03ljxsekluj.us-west1-b.c.codatalab-user-runtimes.internal:8007
2026-08-28 06:37:58.092 Rejecting WebSocket connection with disallowed Origin or Host header: origin=https://8501-gpu-t4-s-kkb-usw1b1-1a03ljxsekluj-b.us-west1-1.prod.colab.dev, host=gpu-t4-s-kkb-usw1b1-1a03ljxsekluj.us-west1-b.c.codatalab-user-runtimes.internal:8007
2026-08-28 06:38:03.181 Rejecting WebSocket connection with disallowed Origin or Host header: origin=https://8501-gpu-t4-s-kkb-usw1b1-1a03ljxsekluj-b.us-west1-1.prod.colab.dev, host=gpu-t4-s-kkb-usw1b1-1a03ljxsekluj.us-west1-b.c.codatalab-user-runtimes.internal:8007
2026-08-28 06:38:09.015 Rejecting WebSocket connection with disallowed Origin or Host header: origin=https://8501-gpu-t4-s-kkb-usw1b1-1a03ljxsekluj-b.us-west1-1.prod.colab.dev, host=gpu-t4-s-kkb-usw1b1-1a03ljxsekluj.us-west1-b.c.codatalab-user-runtimes.internal:8007
2026-08-28 06:38:14.548 Rejecting WebSocket connection with disallowed Origin or Host header: origin=https://8501-gpu-t4-s-kkb-usw1b1-1a03ljxsekluj-b.us-west1-1.prod.colab.dev, host=gpu-t4-s-kkb-usw1b1-1a03ljxsekluj.us-west1-b.c.codatalab-user-runtimes.internal:8007
2026-08-28 06:38:19.538 Rejecting WebSocket connection with disallowed Origin or Host header: origin=https://8501-gpu-t4-s-kkb-usw1b1-1a03ljxsekluj-b.us-west1-1.prod.colab.dev, host=gpu-t4-s-kkb-usw1b1-1a03ljxsekluj.us-west1-b.c.codatalab-user-runtimes.internal:8007
2026-08-28 06:38:26.829 Rejecting WebSocket connection with disallowed Origin or Host header: origin=https://8501-gpu-t4-s-kkb-usw1b1-1a03ljxsekluj-b.us-west1-1.prod.colab.dev, host=gpu-t4-s-kkb-usw1b1-1a03ljxsekluj.us-west1-b.c.codatalab-user-runtimes.internal:8007
2026-08-28 06:38:39.943 Rejecting WebSocket connection with disallowed Origin or Host header: origin=https://8501-gpu-t4-s-kkb-usw1b1-1a03ljxsekluj-b.us-west1-1.prod.colab.dev, host=gpu-t4-s-kkb-usw1b1-1a03ljxsekluj.us-west1-b.c.codatalab-user-runtimes.internal:8007
2026-08-28 06:38:46.751 Rejecting WebSocket connection with disallowed Origin or Host header: origin=https://8501-gpu-t4-s-kkb-usw1b1-1a03ljxsekluj-b.us-west1-1.prod.colab.dev, host=gpu-t4-s-kkb-usw1b1-1a03ljxsekluj.us-west1-b.c.codatalab-user-runtimes.internal:8007
2026-08-28 06:38:55.922 Rejecting WebSocket connection with disallowed Origin or Host header: origin=https://8501-gpu-t4-s-kkb-usw1b1-1a03ljxsekluj-b.us-west1-1.prod.colab.dev, host=gpu-t4-s-kkb-usw1b1-1a03ljxsekluj.us-west1-b.c.codatalab-user-runtimes.internal:8007
2026-08-28 06:39:09.960 Rejecting WebSocket connection with disallowed Origin or Host header: origin=https://8501-gpu-t4-s-kkb-usw1b1-1a03ljxsekluj-b.us-west1-1.prod.colab.dev, host=gpu-t4-s-kkb-usw1b1-1a03ljxsekluj.us-west1-b.c.codatalab-user-runtimes.internal:8007
2026-08-28 06:39:15.477 Rejecting WebSocket connection with disallowed Origin or Host header: origin=https://8501-gpu-t4-s-kkb-usw1b1-1a03ljxsekluj-b.us-west1-1.prod.colab.dev, host=gpu-t4-s-kkb-usw1b1-1a03ljxsekluj.us-west1-b.c.codatalab-user-runtimes.internal:8007
2026-08-28 06:39:20.694 Rejecting WebSocket connection with disallowed Origin or Host header: origin=https://8501-gpu-t4-s-kkb-usw1b1-1a03ljxsekluj-b.us-west1-1.prod.colab.dev, host=gpu-t4-s-kkb-usw1b1-1a03ljxsekluj.us-west1-b.c.codatalab-user-runtimes.internal:8007
2026-08-28 06:39:26.266 Rejecting WebSocket connection with disallowed Origin or Host header: origin=https://8501-gpu-t4-s-kkb-usw1b1-1a03ljxsekluj-b.us-west1-1.prod.colab.dev, host=gpu-t4-s-kkb-usw1b1-1a03ljxsekluj.us-west1-b.c.codatalab-user-runtimes.internal:8007
2026-08-28 06:39:29.876 Rejecting WebSocket connection with disallowed Origin or Host header: origin=https://8501-gpu-t4-s-kkb-usw1b1-1a03ljxsekluj-b.us-west1-1.prod.colab.dev, host=gpu-t4-s-kkb-usw1b1-1a03ljxsekluj.us-west1-b.c.codatalab-user-runtimes.internal:8007
2026-08-28 06:39:35.029 Rejecting WebSocket connection with disallowed Origin or Host header: origin=https://8501-gpu-t4-s-kkb-usw1b1-1a03ljxsekluj-b.us-west1-1.prod.colab.dev, host=gpu-t4-s-kkb-usw1b1-1a03ljxsekluj.us-west1-b.c.codatalab-user-runtimes.internal:8007
2026-08-28 06:39:39.294 Rejecting WebSocket connection with disallowed Origin or Host header: origin=https://8501-gpu-t4-s-kkb-usw1b1-1a03ljxsekluj-b.us-west1-1.prod.colab.dev, host=gpu-t4-s-kkb-usw1b1-1a03ljxsekluj.us-west1-b.c.codatalab-user-runtimes.internal:8007
2026-08-28 06:39:41.904 Rejecting WebSocket connection with disallowed Origin or Host header: origin=https://8501-gpu-t4-s-kkb-usw1b1-1a03ljxsekluj-b.us-west1-1.prod.colab.dev, host=gpu-t4-s-kkb-usw1b1-1a03ljxsekluj.us-west1-b.c.codatalab-user-runtimes.internal:8007
2026-08-28 06:39:46.877 Rejecting WebSocket connection with disallowed Origin or Host header: origin=https://8501-gpu-t4-s-kkb-usw1b1-1a03ljxsekluj-b.us-west1-1.prod.colab.dev, host=gpu-t4-s-kkb-usw1b1-1a03ljxsekluj.us-west1-b.c.codatalab-user-runtimes.internal:8007
2026-08-28 06:39:49.899 Rejecting WebSocket connection with disallowed Origin or Host header: origin=https://8501-gpu-t4-s-kkb-usw1b1-1a03ljxsekluj-b.us-west1-1.prod.colab.dev, host=gpu-t4-s-kkb-usw1b1-1a03ljxsekluj.us-west1-b.c.codatalab-user-runtimes.internal:8007
2026-08-28 06:39:54.278 Rejecting WebSocket connection with disallowed Origin or Host header: origin=https://8501-gpu-t4-s-kkb-usw1b1-1a03ljxsekluj-b.us-west1-1.prod.colab.dev, host=gpu-t4-s-kkb-usw1b1-1a03ljxsekluj.us-west1-b.c.codatalab-user-runtimes.internal:8007
2026-08-28 06:39:58.932 Rejecting WebSocket connection with disallowed Origin or Host header: origin=https://8501-gpu-t4-s-kkb-usw1b1-1a03ljxsekluj-b.us-west1-1.prod.colab.dev, host=gpu-t4-s-kkb-usw1b1-1a03ljxsekluj.us-west1-b.c.codatalab-user-runtimes.internal:8007
2026-08-28 06:40:03.412 Rejecting WebSocket connection with disallowed Origin or Host header: origin=https://8501-gpu-t4-s-kkb-usw1b1-1a03ljxsekluj-b.us-west1-1.prod.colab.dev, host=gpu-t4-s-kkb-usw1b1-1a03ljxsekluj.us-west1-b.c.codatalab-user-runtimes.internal:8007
2026-08-28 06:40:08.067 Rejecting WebSocket connection with disallowed Origin or Host header: origin=https://8501-gpu-t4-s-kkb-usw1b1-1a03ljxsekluj-b.us-west1-1.prod.colab.dev, host=gpu-t4-s-kkb-usw1b1-1a03ljxsekluj.us-west1-b.c.codatalab-user-runtimes.internal:8007
2026-08-28 06:40:12.095 Rejecting WebSocket connection with disallowed Origin or Host header: origin=https://8501-gpu-t4-s-kkb-usw1b1-1a03ljxsekluj-b.us-west1-1.prod.colab.dev, host=gpu-t4-s-kkb-usw1b1-1a03ljxsekluj.us-west1-b.c.codatalab-user-runtimes.internal:8007
2026-08-28 06:40:17.315 Rejecting WebSocket connection with disallowed Origin or Host header: origin=https://8501-gpu-t4-s-kkb-usw1b1-1a03ljxsekluj-b.us-west1-1.prod.colab.dev, host=gpu-t4-s-kkb-usw1b1-1a03ljxsekluj.us-west1-b.c.codatalab-user-runtimes.internal:8007
2026-08-28 06:40:22.956 Rejecting WebSocket connection with disallowed Origin or Host header: origin=https://8501-gpu-t4-s-kkb-usw1b1-1a03ljxsekluj-b.us-west1-1.prod.colab.dev, host=gpu-t4-s-kkb-usw1b1-1a03ljxsekluj.us-west1-b.c.codatalab-user-runtimes.internal:8007
2026-08-28 06:40:27.978 Rejecting WebSocket connection with disallowed Origin or Host header: origin=https://8501-gpu-t4-s-kkb-usw1b1-1a03ljxsekluj-b.us-west1-1.prod.colab.dev, host=gpu-t4-s-kkb-usw1b1-1a03ljxsekluj.us-west1-b.c.codatalab-user-runtimes.internal:8007
2026-08-28 06:40:35.240 Rejecting WebSocket connection with disallowed Origin or Host header: origin=https://8501-gpu-t4-s-kkb-usw1b1-1a03ljxsekluj-b.us-west1-1.prod.colab.dev, host=gpu-t4-s-kkb-usw1b1-1a03ljxsekluj.us-west1-b.c.codatalab-user-runtimes.internal:8007
2026-08-28 06:40:42.368 Rejecting WebSocket connection with disallowed Origin or Host header: origin=https://8501-gpu-t4-s-kkb-usw1b1-1a03ljxsekluj-b.us-west1-1.prod.colab.dev, host=gpu-t4-s-kkb-usw1b1-1a03ljxsekluj.us-west1-b.c.codatalab-user-runtimes.internal:8007
2026-08-28 06:40:49.726 Rejecting WebSocket connection with disallowed Origin or Host header: origin=https://8501-gpu-t4-s-kkb-usw1b1-1a03ljxsekluj-b.us-west1-1.prod.colab.dev, host=gpu-t4-s-kkb-usw1b1-1a03ljxsekluj.us-west1-b.c.codatalab-user-runtimes.internal:8007
2026-08-28 06:40:56.463 Rejecting WebSocket connection with disallowed Origin or Host header: origin=https://8501-gpu-t4-s-kkb-usw1b1-1a03ljxsekluj-b.us-west1-1.prod.colab.dev, host=gpu-t4-s-kkb-usw1b1-1a03ljxsekluj.us-west1-b.c.codatalab-user-runtimes.internal:8007
2026-08-28 06:41:05.026 Rejecting WebSocket connection with disallowed Origin or Host header: origin=https://8501-gpu-t4-s-kkb-usw1b1-1a03ljxsekluj-b.us-west1-1.prod.colab.dev, host=gpu-t4-s-kkb-usw1b1-1a03ljxsekluj.us-west1-b.c.codatalab-user-runtimes.internal:8007
2026-08-28 06:41:13.474 Rejecting WebSocket connection with disallowed Origin or Host header: origin=https://8501-gpu-t4-s-kkb-usw1b1-1a03ljxsekluj-b.us-west1-1.prod.colab.dev, host=gpu-t4-s-kkb-usw1b1-1a03ljxsekluj.us-west1-b.c.codatalab-user-runtimes.internal:8007
2026-08-28 06:41:17.701 Rejecting WebSocket connection with disallowed Origin or Host header: origin=https://8501-gpu-t4-s-kkb-usw1b1-1a03ljxsekluj-b.us-west1-1.prod.colab.dev, host=gpu-t4-s-kkb-usw1b1-1a03ljxsekluj.us-west1-b.c.codatalab-user-runtimes.internal:8007
2026-08-28 06:41:22.679 Rejecting WebSocket connection with disallowed Origin or Host header: origin=https://8501-gpu-t4-s-kkb-usw1b1-1a03ljxsekluj-b.us-west1-1.prod.colab.dev, host=gpu-t4-s-kkb-usw1b1-1a03ljxsekluj.us-west1-b.c.codatalab-user-runtimes.internal:8007
2026-08-28 06:41:32.604 Rejecting WebSocket connection with disallowed Origin or Host header: origin=https://8501-gpu-t4-s-kkb-usw1b1-1a03ljxsekluj-b.us-west1-1.prod.colab.dev, host=gpu-t4-s-kkb-usw1b1-1a03ljxsekluj.us-west1-b.c.codatalab-user-runtimes.internal:8007
2026-08-28 06:41:38.038 Rejecting WebSocket connection with disallowed Origin or Host header: origin=https://8501-gpu-t4-s-kkb-usw1b1-1a03ljxsekluj-b.us-west1-1.prod.colab.dev, host=gpu-t4-s-kkb-usw1b1-1a03ljxsekluj.us-west1-b.c.codatalab-user-runtimes.internal:8007
2026-08-28 06:41:42.218 Rejecting WebSocket connection with disallowed Origin or Host header: origin=https://8501-gpu-t4-s-kkb-usw1b1-1a03ljxsekluj-b.us-west1-1.prod.colab.dev, host=gpu-t4-s-kkb-usw1b1-1a03ljxsekluj.us-west1-b.c.codatalab-user-runtimes.internal:8007
2026-08-28 06:41:45.895 Rejecting WebSocket connection with disallowed Origin or Host header: origin=https://8501-gpu-t4-s-kkb-usw1b1-1a03ljxsekluj-b.us-west1-1.prod.colab.dev, host=gpu-t4-s-kkb-usw1b1-1a03ljxsekluj.us-west1-b.c.codatalab-user-runtimes.internal:8007
2026-08-28 06:41:50.030 Rejecting WebSocket connection with disallowed Origin or Host header: origin=https://8501-gpu-t4-s-kkb-usw1b1-1a03ljxsekluj-b.us-west1-1.prod.colab.dev, host=gpu-t4-s-kkb-usw1b1-1a03ljxsekluj.us-west1-b.c.codatalab-user-runtimes.internal:8007
2026-08-28 06:41:53.436 Rejecting WebSocket connection with disallowed Origin or Host header: origin=https://8501-gpu-t4-s-kkb-usw1b1-1a03ljxsekluj-b.us-west1-1.prod.colab.dev, host=gpu-t4-s-kkb-usw1b1-1a03ljxsekluj.us-west1-b.c.codatalab-user-runtimes.internal:8007
2026-08-28 06:41:57.154 Rejecting WebSocket connection with disallowed Origin or Host header: origin=https://8501-gpu-t4-s-kkb-usw1b1-1a03ljxsekluj-b.us-west1-1.prod.colab.dev, host=gpu-t4-s-kkb-usw1b1-1a03ljxsekluj.us-west1-b.c.codatalab-user-runtimes.internal:8007
2026-08-28 06:42:02.719 Rejecting WebSocket connection with disallowed Origin or Host header: origin=https://8501-gpu-t4-s-kkb-usw1b1-1a03ljxsekluj-b.us-west1-1.prod.colab.dev, host=gpu-t4-s-kkb-usw1b1-1a03ljxsekluj.us-west1-b.c.codatalab-user-runtimes.internal:8007
2026-08-28 06:42:06.320 Rejecting WebSocket connection with disallowed Origin or Host header: origin=https://8501-gpu-t4-s-kkb-usw1b1-1a03ljxsekluj-b.us-west1-1.prod.colab.dev, host=gpu-t4-s-kkb-usw1b1-1a03ljxsekluj.us-west1-b.c.codatalab-user-runtimes.internal:8007
2026-08-28 06:42:10.170 Rejecting WebSocket connection with disallowed Origin or Host header: origin=https://8501-gpu-t4-s-kkb-usw1b1-1a03ljxsekluj-b.us-west1-1.prod.colab.dev, host=gpu-t4-s-kkb-usw1b1-1a03ljxsekluj.us-west1-b.c.codatalab-user-runtimes.internal:8007
2026-08-28 06:42:15.187 Rejecting WebSocket connection with disallowed Origin or Host header: origin=https://8501-gpu-t4-s-kkb-usw1b1-1a03ljxsekluj-b.us-west1-1.prod.colab.dev, host=gpu-t4-s-kkb-usw1b1-1a03ljxsekluj.us-west1-b.c.codatalab-user-runtimes.internal:8007
2026-08-28 06:42:24.256 Rejecting WebSocket connection with disallowed Origin or Host header: origin=https://8501-gpu-t4-s-kkb-usw1b1-1a03ljxsekluj-b.us-west1-1.prod.colab.dev, host=gpu-t4-s-kkb-usw1b1-1a03ljxsekluj.us-west1-b.c.codatalab-user-runtimes.internal:8007
2026-08-28 06:42:29.238 Rejecting WebSocket connection with disallowed Origin or Host header: origin=https://8501-gpu-t4-s-kkb-usw1b1-1a03ljxsekluj-b.us-west1-1.prod.colab.dev, host=gpu-t4-s-kkb-usw1b1-1a03ljxsekluj.us-west1-b.c.codatalab-user-runtimes.internal:8007
2026-08-28 06:42:36.687 Rejecting WebSocket connection with disallowed Origin or Host header: origin=https://8501-gpu-t4-s-kkb-usw1b1-1a03ljxsekluj-b.us-west1-1.prod.colab.dev, host=gpu-t4-s-kkb-usw1b1-1a03ljxsekluj.us-west1-b.c.codatalab-user-runtimes.internal:8007
2026-08-28 06:42:42.053 Rejecting WebSocket connection with disallowed Origin or Host header: origin=https://8501-gpu-t4-s-kkb-usw1b1-1a03ljxsekluj-b.us-west1-1.prod.colab.dev, host=gpu-t4-s-kkb-usw1b1-1a03ljxsekluj.us-west1-b.c.codatalab-user-runtimes.internal:8007
2026-08-28 06:42:49.270 Rejecting WebSocket connection with disallowed Origin or Host header: origin=https://8501-gpu-t4-s-kkb-usw1b1-1a03ljxsekluj-b.us-west1-1.prod.colab.dev, host=gpu-t4-s-kkb-usw1b1-1a03ljxsekluj.us-west1-b.c.codatalab-user-runtimes.internal:8007
2026-08-28 06:42:57.578 Rejecting WebSocket connection with disallowed Origin or Host header: origin=https://8501-gpu-t4-s-kkb-usw1b1-1a03ljxsekluj-b.us-west1-1.prod.colab.dev, host=gpu-t4-s-kkb-usw1b1-1a03ljxsekluj.us-west1-b.c.codatalab-user-runtimes.internal:8007
2026-08-28 06:43:06.206 Rejecting WebSocket connection with disallowed Origin or Host header: origin=https://8501-gpu-t4-s-kkb-usw1b1-1a03ljxsekluj-b.us-west1-1.prod.colab.dev, host=gpu-t4-s-kkb-usw1b1-1a03ljxsekluj.us-west1-b.c.codatalab-user-runtimes.internal:8007
2026-08-28 06:43:14.867 Rejecting WebSocket connection with disallowed Origin or Host header: origin=https://8501-gpu-t4-s-kkb-usw1b1-1a03ljxsekluj-b.us-west1-1.prod.colab.dev, host=gpu-t4-s-kkb-usw1b1-1a03ljxsekluj.us-west1-b.c.codatalab-user-runtimes.internal:8007
2026-08-28 06:43:19.478 Rejecting WebSocket connection with disallowed Origin or Host header: origin=https://8501-gpu-t4-s-kkb-usw1b1-1a03ljxsekluj-b.us-west1-1.prod.colab.dev, host=gpu-t4-s-kkb-usw1b1-1a03ljxsekluj.us-west1-b.c.codatalab-user-runtimes.internal:8007
2026-08-28 06:43:22.872 Rejecting WebSocket connection with disallowed Origin or Host header: origin=https://8501-gpu-t4-s-kkb-usw1b1-1a03ljxsekluj-b.us-west1-1.prod.colab.dev, host=gpu-t4-s-kkb-usw1b1-1a03ljxsekluj.us-west1-b.c.codatalab-user-runtimes.internal:8007
2026-08-28 06:43:26.050 Rejecting WebSocket connection with disallowed Origin or Host header: origin=https://8501-gpu-t4-s-kkb-usw1b1-1a03ljxsekluj-b.us-west1-1.prod.colab.dev, host=gpu-t4-s-kkb-usw1b1-1a03ljxsekluj.us-west1-b.c.codatalab-user-runtimes.internal:8007
2026-08-28 06:43:30.853 Rejecting WebSocket connection with disallowed Origin or Host header: origin=https://8501-gpu-t4-s-kkb-usw1b1-1a03ljxsekluj-b.us-west1-1.prod.colab.dev, host=gpu-t4-s-kkb-usw1b1-1a03ljxsekluj.us-west1-b.c.codatalab-user-runtimes.internal:8007
2026-08-28 06:43:34.874 Rejecting WebSocket connection with disallowed Origin or Host header: origin=https://8501-gpu-t4-s-kkb-usw1b1-1a03ljxsekluj-b.us-west1-1.prod.colab.dev, host=gpu-t4-s-kkb-usw1b1-1a03ljxsekluj.us-west1-b.c.codatalab-user-runtimes.internal:8007
2026-08-28 06:43:39.476 Rejecting WebSocket connection with disallowed Origin or Host header: origin=https://8501-gpu-t4-s-kkb-usw1b1-1a03ljxsekluj-b.us-west1-1.prod.colab.dev, host=gpu-t4-s-kkb-usw1b1-1a03ljxsekluj.us-west1-b.c.codatalab-user-runtimes.internal:8007
2026-08-28 06:43:43.859 Rejecting WebSocket connection with disallowed Origin or Host header: origin=https://8501-gpu-t4-s-kkb-usw1b1-1a03ljxsekluj-b.us-west1-1.prod.colab.dev, host=gpu-t4-s-kkb-usw1b1-1a03ljxsekluj.us-west1-b.c.codatalab-user-runtimes.internal:8007
2026-08-28 06:43:48.332 Rejecting WebSocket connection with disallowed Origin or Host header: origin=https://8501-gpu-t4-s-kkb-usw1b1-1a03ljxsekluj-b.us-west1-1.prod.colab.dev, host=gpu-t4-s-kkb-usw1b1-1a03ljxsekluj.us-west1-b.c.codatalab-user-runtimes.internal:8007
2026-08-28 06:43:52.910 Rejecting WebSocket connection with disallowed Origin or Host header: origin=https://8501-gpu-t4-s-kkb-usw1b1-1a03ljxsekluj-b.us-west1-1.prod.colab.dev, host=gpu-t4-s-kkb-usw1b1-1a03ljxsekluj.us-west1-b.c.codatalab-user-runtimes.internal:8007
2026-08-28 06:43:55.880 Rejecting WebSocket connection with disallowed Origin or Host header: origin=https://8501-gpu-t4-s-kkb-usw1b1-1a03ljxsekluj-b.us-west1-1.prod.colab.dev, host=gpu-t4-s-kkb-usw1b1-1a03ljxsekluj.us-west1-b.c.codatalab-user-runtimes.internal:8007
2026-08-28 06:44:00.890 Rejecting WebSocket connection with disallowed Origin or Host header: origin=https://8501-gpu-t4-s-kkb-usw1b1-1a03ljxsekluj-b.us-west1-1.prod.colab.dev, host=gpu-t4-s-kkb-usw1b1-1a03ljxsekluj.us-west1-b.c.codatalab-user-runtimes.internal:8007
2026-08-28 06:44:05.954 Rejecting WebSocket connection with disallowed Origin or Host header: origin=https://8501-gpu-t4-s-kkb-usw1b1-1a03ljxsekluj-b.us-west1-1.prod.colab.dev, host=gpu-t4-s-kkb-usw1b1-1a03ljxsekluj.us-west1-b.c.codatalab-user-runtimes.internal:8007
2026-08-28 06:44:09.423 Rejecting WebSocket connection with disallowed Origin or Host header: origin=https://8501-gpu-t4-s-kkb-usw1b1-1a03ljxsekluj-b.us-west1-1.prod.colab.dev, host=gpu-t4-s-kkb-usw1b1-1a03ljxsekluj.us-west1-b.c.codatalab-user-runtimes.internal:8007
2026-08-28 06:44:14.773 Rejecting WebSocket connection with disallowed Origin or Host header: origin=https://8501-gpu-t4-s-kkb-usw1b1-1a03ljxsekluj-b.us-west1-1.prod.colab.dev, host=gpu-t4-s-kkb-usw1b1-1a03ljxsekluj.us-west1-b.c.codatalab-user-runtimes.internal:8007
2026-08-28 06:44:19.335 Rejecting WebSocket connection with disallowed Origin or Host header: origin=https://8501-gpu-t4-s-kkb-usw1b1-1a03ljxsekluj-b.us-west1-1.prod.colab.dev, host=gpu-t4-s-kkb-usw1b1-1a03ljxsekluj.us-west1-b.c.codatalab-user-runtimes.internal:8007
2026-08-28 06:44:25.570 Rejecting WebSocket connection with disallowed Origin or Host header: origin=https://8501-gpu-t4-s-kkb-usw1b1-1a03ljxsekluj-b.us-west1-1.prod.colab.dev, host=gpu-t4-s-kkb-usw1b1-1a03ljxsekluj.us-west1-b.c.codatalab-user-runtimes.internal:8007
2026-08-28 06:44:31.842 Rejecting WebSocket connection with disallowed Origin or Host header: origin=https://8501-gpu-t4-s-kkb-usw1b1-1a03ljxsekluj-b.us-west1-1.prod.colab.dev, host=gpu-t4-s-kkb-usw1b1-1a03ljxsekluj.us-west1-b.c.codatalab-user-runtimes.internal:8007
2026-08-28 06:44:38.586 Rejecting WebSocket connection with disallowed Origin or Host header: origin=https://8501-gpu-t4-s-kkb-usw1b1-1a03ljxsekluj-b.us-west1-1.prod.colab.dev, host=gpu-t4-s-kkb-usw1b1-1a03ljxsekluj.us-west1-b.c.codatalab-user-runtimes.internal:8007
2026-08-28 06:44:47.578 Rejecting WebSocket connection with disallowed Origin or Host header: origin=https://8501-gpu-t4-s-kkb-usw1b1-1a03ljxsekluj-b.us-west1-1.prod.colab.dev, host=gpu-t4-s-kkb-usw1b1-1a03ljxsekluj.us-west1-b.c.codatalab-user-runtimes.internal:8007
2026-08-28 06:44:54.596 Rejecting WebSocket connection with disallowed Origin or Host header: origin=https://8501-gpu-t4-s-kkb-usw1b1-1a03ljxsekluj-b.us-west1-1.prod.colab.dev, host=gpu-t4-s-kkb-usw1b1-1a03ljxsekluj.us-west1-b.c.codatalab-user-runtimes.internal:8007
2026-08-28 06:45:03.739 Rejecting WebSocket connection with disallowed Origin or Host header: origin=https://8501-gpu-t4-s-kkb-usw1b1-1a03ljxsekluj-b.us-west1-1.prod.colab.dev, host=gpu-t4-s-kkb-usw1b1-1a03ljxsekluj.us-west1-b.c.codatalab-user-runtimes.internal:8007
2026-08-28 06:45:20.427 Rejecting WebSocket connection with disallowed Origin or Host header: origin=https://8501-gpu-t4-s-kkb-usw1b1-1a03ljxsekluj-b.us-west1-1.prod.colab.dev, host=gpu-t4-s-kkb-usw1b1-1a03ljxsekluj.us-west1-b.c.codatalab-user-runtimes.internal:8007
2026-08-28 06:45:30.062 Rejecting WebSocket connection with disallowed Origin or Host header: origin=https://8501-gpu-t4-s-kkb-usw1b1-1a03ljxsekluj-b.us-west1-1.prod.colab.dev, host=gpu-t4-s-kkb-usw1b1-1a03ljxsekluj.us-west1-b.c.codatalab-user-runtimes.internal:8007
2026-08-28 06:45:38.505 Rejecting WebSocket connection with disallowed Origin or Host header: origin=https://8501-gpu-t4-s-kkb-usw1b1-1a03ljxsekluj-b.us-west1-1.prod.colab.dev, host=gpu-t4-s-kkb-usw1b1-1a03ljxsekluj.us-west1-b.c.codatalab-user-runtimes.internal:8007
2026-08-28 06:45:44.995 Rejecting WebSocket connection with disallowed Origin or Host header: origin=https://8501-gpu-t4-s-kkb-usw1b1-1a03ljxsekluj-b.us-west1-1.prod.colab.dev, host=gpu-t4-s-kkb-usw1b1-1a03ljxsekluj.us-west1-b.c.codatalab-user-runtimes.internal:8007
2026-08-28 06:45:52.723 Rejecting WebSocket connection with disallowed Origin or Host header: origin=https://8501-gpu-t4-s-kkb-usw1b1-1a03ljxsekluj-b.us-west1-1.prod.colab.dev, host=gpu-t4-s-kkb-usw1b1-1a03ljxsekluj.us-west1-b.c.codatalab-user-runtimes.internal:8007
2026-08-28 06:45:58.897 Rejecting WebSocket connection with disallowed Origin or Host header: origin=https://8501-gpu-t4-s-kkb-usw1b1-1a03ljxsekluj-b.us-west1-1.prod.colab.dev, host=gpu-t4-s-kkb-usw1b1-1a03ljxsekluj.us-west1-b.c.codatalab-user-runtimes.internal:8007
2026-08-28 06:46:03.545 Rejecting WebSocket connection with disallowed Origin or Host header: origin=https://8501-gpu-t4-s-kkb-usw1b1-1a03ljxsekluj-b.us-west1-1.prod.colab.dev, host=gpu-t4-s-kkb-usw1b1-1a03ljxsekluj.us-west1-b.c.codatalab-user-runtimes.internal:8007
2026-08-28 06:46:10.881 Rejecting WebSocket connection with disallowed Origin or Host header: origin=https://8501-gpu-t4-s-kkb-usw1b1-1a03ljxsekluj-b.us-west1-1.prod.colab.dev, host=gpu-t4-s-kkb-usw1b1-1a03ljxsekluj.us-west1-b.c.codatalab-user-runtimes.internal:8007
2026-08-28 06:46:17.103 Rejecting WebSocket connection with disallowed Origin or Host header: origin=https://8501-gpu-t4-s-kkb-usw1b1-1a03ljxsekluj-b.us-west1-1.prod.colab.dev, host=gpu-t4-s-kkb-usw1b1-1a03ljxsekluj.us-west1-b.c.codatalab-user-runtimes.internal:8007
2026-08-28 06:46:25.423 Rejecting WebSocket connection with disallowed Origin or Host header: origin=https://8501-gpu-t4-s-kkb-usw1b1-1a03ljxsekluj-b.us-west1-1.prod.colab.dev, host=gpu-t4-s-kkb-usw1b1-1a03ljxsekluj.us-west1-b.c.codatalab-user-runtimes.internal:8007
2026-08-28 06:46:30.657 Rejecting WebSocket connection with disallowed Origin or Host header: origin=https://8501-gpu-t4-s-kkb-usw1b1-1a03ljxsekluj-b.us-west1-1.prod.colab.dev, host=gpu-t4-s-kkb-usw1b1-1a03ljxsekluj.us-west1-b.c.codatalab-user-runtimes.internal:8007
2026-08-28 06:46:37.640 Rejecting WebSocket connection with disallowed Origin or Host header: origin=https://8501-gpu-t4-s-kkb-usw1b1-1a03ljxsekluj-b.us-west1-1.prod.colab.dev, host=gpu-t4-s-kkb-usw1b1-1a03ljxsekluj.us-west1-b.c.codatalab-user-runtimes.internal:8007
2026-08-28 06:46:43.872 Rejecting WebSocket connection with disallowed Origin or Host header: origin=https://8501-gpu-t4-s-kkb-usw1b1-1a03ljxsekluj-b.us-west1-1.prod.colab.dev, host=gpu-t4-s-kkb-usw1b1-1a03ljxsekluj.us-west1-b.c.codatalab-user-runtimes.internal:8007
2026-08-28 06:46:51.437 Rejecting WebSocket connection with disallowed Origin or Host header: origin=https://8501-gpu-t4-s-kkb-usw1b1-1a03ljxsekluj-b.us-west1-1.prod.colab.dev, host=gpu-t4-s-kkb-usw1b1-1a03ljxsekluj.us-west1-b.c.codatalab-user-runtimes.internal:8007
2026-08-28 06:46:59.565 Rejecting WebSocket connection with disallowed Origin or Host header: origin=https://8501-gpu-t4-s-kkb-usw1b1-1a03ljxsekluj-b.us-west1-1.prod.colab.dev, host=gpu-t4-s-kkb-usw1b1-1a03ljxsekluj.us-west1-b.c.codatalab-user-runtimes.internal:8007
2026-08-28 06:47:07.338 Rejecting WebSocket connection with disallowed Origin or Host header: origin=https://8501-gpu-t4-s-kkb-usw1b1-1a03ljxsekluj-b.us-west1-1.prod.colab.dev, host=gpu-t4-s-kkb-usw1b1-1a03ljxsekluj.us-west1-b.c.codatalab-user-runtimes.internal:8007
2026-08-28 06:47:13.225 Rejecting WebSocket connection with disallowed Origin or Host header: origin=https://8501-gpu-t4-s-kkb-usw1b1-1a03ljxsekluj-b.us-west1-1.prod.colab.dev, host=gpu-t4-s-kkb-usw1b1-1a03ljxsekluj.us-west1-b.c.codatalab-user-runtimes.internal:8007
2026-08-28 06:47:20.218 Rejecting WebSocket connection with disallowed Origin or Host header: origin=https://8501-gpu-t4-s-kkb-usw1b1-1a03ljxsekluj-b.us-west1-1.prod.colab.dev, host=gpu-t4-s-kkb-usw1b1-1a03ljxsekluj.us-west1-b.c.codatalab-user-runtimes.internal:8007
2026-08-28 06:47:29.758 Rejecting WebSocket connection with disallowed Origin or Host header: origin=https://8501-gpu-t4-s-kkb-usw1b1-1a03ljxsekluj-b.us-west1-1.prod.colab.dev, host=gpu-t4-s-kkb-usw1b1-1a03ljxsekluj.us-west1-b.c.codatalab-user-runtimes.internal:8007
2026-08-28 06:47:38.176 Rejecting WebSocket connection with disallowed Origin or Host header: origin=https://8501-gpu-t4-s-kkb-usw1b1-1a03ljxsekluj-b.us-west1-1.prod.colab.dev, host=gpu-t4-s-kkb-usw1b1-1a03ljxsekluj.us-west1-b.c.codatalab-user-runtimes.internal:8007
2026-08-28 06:47:43.106 Rejecting WebSocket connection with disallowed Origin or Host header: origin=https://8501-gpu-t4-s-kkb-usw1b1-1a03ljxsekluj-b.us-west1-1.prod.colab.dev, host=gpu-t4-s-kkb-usw1b1-1a03ljxsekluj.us-west1-b.c.codatalab-user-runtimes.internal:8007
2026-08-28 06:47:50.546 Rejecting WebSocket connection with disallowed Origin or Host header: origin=https://8501-gpu-t4-s-kkb-usw1b1-1a03ljxsekluj-b.us-west1-1.prod.colab.dev, host=gpu-t4-s-kkb-usw1b1-1a03ljxsekluj.us-west1-b.c.codatalab-user-runtimes.internal:8007
2026-08-28 06:47:59.451 Rejecting WebSocket connection with disallowed Origin or Host header: origin=https://8501-gpu-t4-s-kkb-usw1b1-1a03ljxsekluj-b.us-west1-1.prod.colab.dev, host=gpu-t4-s-kkb-usw1b1-1a03ljxsekluj.us-west1-b.c.codatalab-user-runtimes.internal:8007
2026-08-28 06:48:07.858 Rejecting WebSocket connection with disallowed Origin or Host header: origin=https://8501-gpu-t4-s-kkb-usw1b1-1a03ljxsekluj-b.us-west1-1.prod.colab.dev, host=gpu-t4-s-kkb-usw1b1-1a03ljxsekluj.us-west1-b.c.codatalab-user-runtimes.internal:8007
2026-08-28 06:48:15.519 Rejecting WebSocket connection with disallowed Origin or Host header: origin=https://8501-gpu-t4-s-kkb-usw1b1-1a03ljxsekluj-b.us-west1-1.prod.colab.dev, host=gpu-t4-s-kkb-usw1b1-1a03ljxsekluj.us-west1-b.c.codatalab-user-runtimes.internal:8007
2026-08-28 06:48:20.335 Rejecting WebSocket connection with disallowed Origin or Host header: origin=https://8501-gpu-t4-s-kkb-usw1b1-1a03ljxsekluj-b.us-west1-1.prod.colab.dev, host=gpu-t4-s-kkb-usw1b1-1a03ljxsekluj.us-west1-b.c.codatalab-user-runtimes.internal:8007
2026-08-28 06:48:25.403 Rejecting WebSocket connection with disallowed Origin or Host header: origin=https://8501-gpu-t4-s-kkb-usw1b1-1a03ljxsekluj-b.us-west1-1.prod.colab.dev, host=gpu-t4-s-kkb-usw1b1-1a03ljxsekluj.us-west1-b.c.codatalab-user-runtimes.internal:8007
2026-08-28 06:48:31.322 Rejecting WebSocket connection with disallowed Origin or Host header: origin=https://8501-gpu-t4-s-kkb-usw1b1-1a03ljxsekluj-b.us-west1-1.prod.colab.dev, host=gpu-t4-s-kkb-usw1b1-1a03ljxsekluj.us-west1-b.c.codatalab-user-runtimes.internal:8007
2026-08-28 06:48:47.977 Rejecting WebSocket connection with disallowed Origin or Host header: origin=https://8501-gpu-t4-s-kkb-usw1b1-1a03ljxsekluj-b.us-west1-1.prod.colab.dev, host=gpu-t4-s-kkb-usw1b1-1a03ljxsekluj.us-west1-b.c.codatalab-user-runtimes.internal:8007
2026-08-28 06:48:54.856 Rejecting WebSocket connection with disallowed Origin or Host header: origin=https://8501-gpu-t4-s-kkb-usw1b1-1a03ljxsekluj-b.us-west1-1.prod.colab.dev, host=gpu-t4-s-kkb-usw1b1-1a03ljxsekluj.us-west1-b.c.codatalab-user-runtimes.internal:8007
2026-08-28 06:49:01.611 Rejecting WebSocket connection with disallowed Origin or Host header: origin=https://8501-gpu-t4-s-kkb-usw1b1-1a03ljxsekluj-b.us-west1-1.prod.colab.dev, host=gpu-t4-s-kkb-usw1b1-1a03ljxsekluj.us-west1-b.c.codatalab-user-runtimes.internal:8007
2026-08-28 06:49:09.741 Rejecting WebSocket connection with disallowed Origin or Host header: origin=https://8501-gpu-t4-s-kkb-usw1b1-1a03ljxsekluj-b.us-west1-1.prod.colab.dev, host=gpu-t4-s-kkb-usw1b1-1a03ljxsekluj.us-west1-b.c.codatalab-user-runtimes.internal:8007
2026-08-28 06:49:18.219 Rejecting WebSocket connection with disallowed Origin or Host header: origin=https://8501-gpu-t4-s-kkb-usw1b1-1a03ljxsekluj-b.us-west1-1.prod.colab.dev, host=gpu-t4-s-kkb-usw1b1-1a03ljxsekluj.us-west1-b.c.codatalab-user-runtimes.internal:8007
2026-08-28 06:49:23.296 Rejecting WebSocket connection with disallowed Origin or Host header: origin=https://8501-gpu-t4-s-kkb-usw1b1-1a03ljxsekluj-b.us-west1-1.prod.colab.dev, host=gpu-t4-s-kkb-usw1b1-1a03ljxsekluj.us-west1-b.c.codatalab-user-runtimes.internal:8007
2026-08-28 06:49:28.103 Rejecting WebSocket connection with disallowed Origin or Host header: origin=https://8501-gpu-t4-s-kkb-usw1b1-1a03ljxsekluj-b.us-west1-1.prod.colab.dev, host=gpu-t4-s-kkb-usw1b1-1a03ljxsekluj.us-west1-b.c.codatalab-user-runtimes.internal:8007
2026-08-28 06:49:31.174 Rejecting WebSocket connection with disallowed Origin or Host header: origin=https://8501-gpu-t4-s-kkb-usw1b1-1a03ljxsekluj-b.us-west1-1.prod.colab.dev, host=gpu-t4-s-kkb-usw1b1-1a03ljxsekluj.us-west1-b.c.codatalab-user-runtimes.internal:8007
2026-08-28 06:49:35.154 Rejecting WebSocket connection with disallowed Origin or Host header: origin=https://8501-gpu-t4-s-kkb-usw1b1-1a03ljxsekluj-b.us-west1-1.prod.colab.dev, host=gpu-t4-s-kkb-usw1b1-1a03ljxsekluj.us-west1-b.c.codatalab-user-runtimes.internal:8007
2026-08-28 06:49:38.280 Rejecting WebSocket connection with disallowed Origin or Host header: origin=https://8501-gpu-t4-s-kkb-usw1b1-1a03ljxsekluj-b.us-west1-1.prod.colab.dev, host=gpu-t4-s-kkb-usw1b1-1a03ljxsekluj.us-west1-b.c.codatalab-user-runtimes.internal:8007
2026-08-28 06:49:43.501 Rejecting WebSocket connection with disallowed Origin or Host header: origin=https://8501-gpu-t4-s-kkb-usw1b1-1a03ljxsekluj-b.us-west1-1.prod.colab.dev, host=gpu-t4-s-kkb-usw1b1-1a03ljxsekluj.us-west1-b.c.codatalab-user-runtimes.internal:8007
2026-08-28 06:49:48.436 Rejecting WebSocket connection with disallowed Origin or Host header: origin=https://8501-gpu-t4-s-kkb-usw1b1-1a03ljxsekluj-b.us-west1-1.prod.colab.dev, host=gpu-t4-s-kkb-usw1b1-1a03ljxsekluj.us-west1-b.c.codatalab-user-runtimes.internal:8007
2026-08-28 06:49:53.898 Rejecting WebSocket connection with disallowed Origin or Host header: origin=https://8501-gpu-t4-s-kkb-usw1b1-1a03ljxsekluj-b.us-west1-1.prod.colab.dev, host=gpu-t4-s-kkb-usw1b1-1a03ljxsekluj.us-west1-b.c.codatalab-user-runtimes.internal:8007
2026-08-28 06:49:57.384 Rejecting WebSocket connection with disallowed Origin or Host header: origin=https://8501-gpu-t4-s-kkb-usw1b1-1a03ljxsekluj-b.us-west1-1.prod.colab.dev, host=gpu-t4-s-kkb-usw1b1-1a03ljxsekluj.us-west1-b.c.codatalab-user-runtimes.internal:8007
2026-08-28 06:50:02.329 Rejecting WebSocket connection with disallowed Origin or Host header: origin=https://8501-gpu-t4-s-kkb-usw1b1-1a03ljxsekluj-b.us-west1-1.prod.colab.dev, host=gpu-t4-s-kkb-usw1b1-1a03ljxsekluj.us-west1-b.c.codatalab-user-runtimes.internal:8007
2026-08-28 06:50:06.494 Rejecting WebSocket connection with disallowed Origin or Host header: origin=https://8501-gpu-t4-s-kkb-usw1b1-1a03ljxsekluj-b.us-west1-1.prod.colab.dev, host=gpu-t4-s-kkb-usw1b1-1a03ljxsekluj.us-west1-b.c.codatalab-user-runtimes.internal:8007
2026-08-28 06:50:10.827 Rejecting WebSocket connection with disallowed Origin or Host header: origin=https://8501-gpu-t4-s-kkb-usw1b1-1a03ljxsekluj-b.us-west1-1.prod.colab.dev, host=gpu-t4-s-kkb-usw1b1-1a03ljxsekluj.us-west1-b.c.codatalab-user-runtimes.internal:8007
2026-08-28 06:50:16.314 Rejecting WebSocket connection with disallowed Origin or Host header: origin=https://8501-gpu-t4-s-kkb-usw1b1-1a03ljxsekluj-b.us-west1-1.prod.colab.dev, host=gpu-t4-s-kkb-usw1b1-1a03ljxsekluj.us-west1-b.c.codatalab-user-runtimes.internal:8007
2026-08-28 06:50:20.059 Rejecting WebSocket connection with disallowed Origin or Host header: origin=https://8501-gpu-t4-s-kkb-usw1b1-1a03ljxsekluj-b.us-west1-1.prod.colab.dev, host=gpu-t4-s-kkb-usw1b1-1a03ljxsekluj.us-west1-b.c.codatalab-user-runtimes.internal:8007
2026-08-28 06:50:26.511 Rejecting WebSocket connection with disallowed Origin or Host header: origin=https://8501-gpu-t4-s-kkb-usw1b1-1a03ljxsekluj-b.us-west1-1.prod.colab.dev, host=gpu-t4-s-kkb-usw1b1-1a03ljxsekluj.us-west1-b.c.codatalab-user-runtimes.internal:8007
2026-08-28 06:50:33.061 Rejecting WebSocket connection with disallowed Origin or Host header: origin=https://8501-gpu-t4-s-kkb-usw1b1-1a03ljxsekluj-b.us-west1-1.prod.colab.dev, host=gpu-t4-s-kkb-usw1b1-1a03ljxsekluj.us-west1-b.c.codatalab-user-runtimes.internal:8007
2026-08-28 06:50:39.104 Rejecting WebSocket connection with disallowed Origin or Host header: origin=https://8501-gpu-t4-s-kkb-usw1b1-1a03ljxsekluj-b.us-west1-1.prod.colab.dev, host=gpu-t4-s-kkb-usw1b1-1a03ljxsekluj.us-west1-b.c.codatalab-user-runtimes.internal:8007
2026-08-28 06:50:46.054 Rejecting WebSocket connection with disallowed Origin or Host header: origin=https://8501-gpu-t4-s-kkb-usw1b1-1a03ljxsekluj-b.us-west1-1.prod.colab.dev, host=gpu-t4-s-kkb-usw1b1-1a03ljxsekluj.us-west1-b.c.codatalab-user-runtimes.internal:8007
2026-08-28 06:50:54.420 Rejecting WebSocket connection with disallowed Origin or Host header: origin=https://8501-gpu-t4-s-kkb-usw1b1-1a03ljxsekluj-b.us-west1-1.prod.colab.dev, host=gpu-t4-s-kkb-usw1b1-1a03ljxsekluj.us-west1-b.c.codatalab-user-runtimes.internal:8007
2026-08-28 06:51:03.972 Rejecting WebSocket connection with disallowed Origin or Host header: origin=https://8501-gpu-t4-s-kkb-usw1b1-1a03ljxsekluj-b.us-west1-1.prod.colab.dev, host=gpu-t4-s-kkb-usw1b1-1a03ljxsekluj.us-west1-b.c.codatalab-user-runtimes.internal:8007
2026-08-28 06:51:09.476 Rejecting WebSocket connection with disallowed Origin or Host header: origin=https://8501-gpu-t4-s-kkb-usw1b1-1a03ljxsekluj-b.us-west1-1.prod.colab.dev, host=gpu-t4-s-kkb-usw1b1-1a03ljxsekluj.us-west1-b.c.codatalab-user-runtimes.internal:8007
2026-08-28 06:51:16.068 Rejecting WebSocket connection with disallowed Origin or Host header: origin=https://8501-gpu-t4-s-kkb-usw1b1-1a03ljxsekluj-b.us-west1-1.prod.colab.dev, host=gpu-t4-s-kkb-usw1b1-1a03ljxsekluj.us-west1-b.c.codatalab-user-runtimes.internal:8007
2026-08-28 06:51:22.295 Rejecting WebSocket connection with disallowed Origin or Host header: origin=https://8501-gpu-t4-s-kkb-usw1b1-1a03ljxsekluj-b.us-west1-1.prod.colab.dev, host=gpu-t4-s-kkb-usw1b1-1a03ljxsekluj.us-west1-b.c.codatalab-user-runtimes.internal:8007
2026-08-28 06:51:25.980 Rejecting WebSocket connection with disallowed Origin or Host header: origin=https://8501-gpu-t4-s-kkb-usw1b1-1a03ljxsekluj-b.us-west1-1.prod.colab.dev, host=gpu-t4-s-kkb-usw1b1-1a03ljxsekluj.us-west1-b.c.codatalab-user-runtimes.internal:8007
2026-08-28 06:51:28.990 Rejecting WebSocket connection with disallowed Origin or Host header: origin=https://8501-gpu-t4-s-kkb-usw1b1-1a03ljxsekluj-b.us-west1-1.prod.colab.dev, host=gpu-t4-s-kkb-usw1b1-1a03ljxsekluj.us-west1-b.c.codatalab-user-runtimes.internal:8007
2026-08-28 06:51:32.977 Rejecting WebSocket connection with disallowed Origin or Host header: origin=https://8501-gpu-t4-s-kkb-usw1b1-1a03ljxsekluj-b.us-west1-1.prod.colab.dev, host=gpu-t4-s-kkb-usw1b1-1a03ljxsekluj.us-west1-b.c.codatalab-user-runtimes.internal:8007
2026-08-28 06:51:37.882 Rejecting WebSocket connection with disallowed Origin or Host header: origin=https://8501-gpu-t4-s-kkb-usw1b1-1a03ljxsekluj-b.us-west1-1.prod.colab.dev, host=gpu-t4-s-kkb-usw1b1-1a03ljxsekluj.us-west1-b.c.codatalab-user-runtimes.internal:8007
2026-08-28 06:51:40.860 Rejecting WebSocket connection with disallowed Origin or Host header: origin=https://8501-gpu-t4-s-kkb-usw1b1-1a03ljxsekluj-b.us-west1-1.prod.colab.dev, host=gpu-t4-s-kkb-usw1b1-1a03ljxsekluj.us-west1-b.c.codatalab-user-runtimes.internal:8007
2026-08-28 06:51:48.858 Rejecting WebSocket connection with disallowed Origin or Host header: origin=https://8501-gpu-t4-s-kkb-usw1b1-1a03ljxsekluj-b.us-west1-1.prod.colab.dev, host=gpu-t4-s-kkb-usw1b1-1a03ljxsekluj.us-west1-b.c.codatalab-user-runtimes.internal:8007
2026-08-28 06:51:53.941 Rejecting WebSocket connection with disallowed Origin or Host header: origin=https://8501-gpu-t4-s-kkb-usw1b1-1a03ljxsekluj-b.us-west1-1.prod.colab.dev, host=gpu-t4-s-kkb-usw1b1-1a03ljxsekluj.us-west1-b.c.codatalab-user-runtimes.internal:8007
2026-08-28 06:51:57.968 Rejecting WebSocket connection with disallowed Origin or Host header: origin=https://8501-gpu-t4-s-kkb-usw1b1-1a03ljxsekluj-b.us-west1-1.prod.colab.dev, host=gpu-t4-s-kkb-usw1b1-1a03ljxsekluj.us-west1-b.c.codatalab-user-runtimes.internal:8007
2026-08-28 06:52:01.290 Rejecting WebSocket connection with disallowed Origin or Host header: origin=https://8501-gpu-t4-s-kkb-usw1b1-1a03ljxsekluj-b.us-west1-1.prod.colab.dev, host=gpu-t4-s-kkb-usw1b1-1a03ljxsekluj.us-west1-b.c.codatalab-user-runtimes.internal:8007
2026-08-28 06:52:12.303 Rejecting WebSocket connection with disallowed Origin or Host header: origin=https://8501-gpu-t4-s-kkb-usw1b1-1a03ljxsekluj-b.us-west1-1.prod.colab.dev, host=gpu-t4-s-kkb-usw1b1-1a03ljxsekluj.us-west1-b.c.codatalab-user-runtimes.internal:8007
2026-08-28 06:52:15.992 Rejecting WebSocket connection with disallowed Origin or Host header: origin=https://8501-gpu-t4-s-kkb-usw1b1-1a03ljxsekluj-b.us-west1-1.prod.colab.dev, host=gpu-t4-s-kkb-usw1b1-1a03ljxsekluj.us-west1-b.c.codatalab-user-runtimes.internal:8007
2026-08-28 06:52:19.944 Rejecting WebSocket connection with disallowed Origin or Host header: origin=https://8501-gpu-t4-s-kkb-usw1b1-1a03ljxsekluj-b.us-west1-1.prod.colab.dev, host=gpu-t4-s-kkb-usw1b1-1a03ljxsekluj.us-west1-b.c.codatalab-user-runtimes.internal:8007
2026-08-28 06:52:24.112 Rejecting WebSocket connection with disallowed Origin or Host header: origin=https://8501-gpu-t4-s-kkb-usw1b1-1a03ljxsekluj-b.us-west1-1.prod.colab.dev, host=gpu-t4-s-kkb-usw1b1-1a03ljxsekluj.us-west1-b.c.codatalab-user-runtimes.internal:8007
2026-08-28 06:52:28.451 Rejecting WebSocket connection with disallowed Origin or Host header: origin=https://8501-gpu-t4-s-kkb-usw1b1-1a03ljxsekluj-b.us-west1-1.prod.colab.dev, host=gpu-t4-s-kkb-usw1b1-1a03ljxsekluj.us-west1-b.c.codatalab-user-runtimes.internal:8007
2026-08-28 06:52:33.586 Rejecting WebSocket connection with disallowed Origin or Host header: origin=https://8501-gpu-t4-s-kkb-usw1b1-1a03ljxsekluj-b.us-west1-1.prod.colab.dev, host=gpu-t4-s-kkb-usw1b1-1a03ljxsekluj.us-west1-b.c.codatalab-user-runtimes.internal:8007
2026-08-28 06:52:38.488 Rejecting WebSocket connection with disallowed Origin or Host header: origin=https://8501-gpu-t4-s-kkb-usw1b1-1a03ljxsekluj-b.us-west1-1.prod.colab.dev, host=gpu-t4-s-kkb-usw1b1-1a03ljxsekluj.us-west1-b.c.codatalab-user-runtimes.internal:8007
2026-08-28 06:52:51.405 Rejecting WebSocket connection with disallowed Origin or Host header: origin=https://8501-gpu-t4-s-kkb-usw1b1-1a03ljxsekluj-b.us-west1-1.prod.colab.dev, host=gpu-t4-s-kkb-usw1b1-1a03ljxsekluj.us-west1-b.c.codatalab-user-runtimes.internal:8007
2026-08-28 06:53:07.225 Rejecting WebSocket connection with disallowed Origin or Host header: origin=https://8501-gpu-t4-s-kkb-usw1b1-1a03ljxsekluj-b.us-west1-1.prod.colab.dev, host=gpu-t4-s-kkb-usw1b1-1a03ljxsekluj.us-west1-b.c.codatalab-user-runtimes.internal:8007
2026-08-28 06:53:14.884 Rejecting WebSocket connection with disallowed Origin or Host header: origin=https://8501-gpu-t4-s-kkb-usw1b1-1a03ljxsekluj-b.us-west1-1.prod.colab.dev, host=gpu-t4-s-kkb-usw1b1-1a03ljxsekluj.us-west1-b.c.codatalab-user-runtimes.internal:8007
2026-08-28 06:53:23.011 Rejecting WebSocket connection with disallowed Origin or Host header: origin=https://8501-gpu-t4-s-kkb-usw1b1-1a03ljxsekluj-b.us-west1-1.prod.colab.dev, host=gpu-t4-s-kkb-usw1b1-1a03ljxsekluj.us-west1-b.c.codatalab-user-runtimes.internal:8007
2026-08-28 06:53:26.872 Rejecting WebSocket connection with disallowed Origin or Host header: origin=https://8501-gpu-t4-s-kkb-usw1b1-1a03ljxsekluj-b.us-west1-1.prod.colab.dev, host=gpu-t4-s-kkb-usw1b1-1a03ljxsekluj.us-west1-b.c.codatalab-user-runtimes.internal:8007
2026-08-28 06:53:31.235 Rejecting WebSocket connection with disallowed Origin or Host header: origin=https://8501-gpu-t4-s-kkb-usw1b1-1a03ljxsekluj-b.us-west1-1.prod.colab.dev, host=gpu-t4-s-kkb-usw1b1-1a03ljxsekluj.us-west1-b.c.codatalab-user-runtimes.internal:8007
2026-08-28 06:53:36.267 Rejecting WebSocket connection with disallowed Origin or Host header: origin=https://8501-gpu-t4-s-kkb-usw1b1-1a03ljxsekluj-b.us-west1-1.prod.colab.dev, host=gpu-t4-s-kkb-usw1b1-1a03ljxsekluj.us-west1-b.c.codatalab-user-runtimes.internal:8007
2026-08-28 06:53:40.334 Rejecting WebSocket connection with disallowed Origin or Host header: origin=https://8501-gpu-t4-s-kkb-usw1b1-1a03ljxsekluj-b.us-west1-1.prod.colab.dev, host=gpu-t4-s-kkb-usw1b1-1a03ljxsekluj.us-west1-b.c.codatalab-user-runtimes.internal:8007
2026-08-28 06:53:44.328 Rejecting WebSocket connection with disallowed Origin or Host header: origin=https://8501-gpu-t4-s-kkb-usw1b1-1a03ljxsekluj-b.us-west1-1.prod.colab.dev, host=gpu-t4-s-kkb-usw1b1-1a03ljxsekluj.us-west1-b.c.codatalab-user-runtimes.internal:8007
2026-08-28 06:53:47.864 Rejecting WebSocket connection with disallowed Origin or Host header: origin=https://8501-gpu-t4-s-kkb-usw1b1-1a03ljxsekluj-b.us-west1-1.prod.colab.dev, host=gpu-t4-s-kkb-usw1b1-1a03ljxsekluj.us-west1-b.c.codatalab-user-runtimes.internal:8007
2026-08-28 06:53:52.337 Rejecting WebSocket connection with disallowed Origin or Host header: origin=https://8501-gpu-t4-s-kkb-usw1b1-1a03ljxsekluj-b.us-west1-1.prod.colab.dev, host=gpu-t4-s-kkb-usw1b1-1a03ljxsekluj.us-west1-b.c.codatalab-user-runtimes.internal:8007
2026-08-28 06:53:56.864 Rejecting WebSocket connection with disallowed Origin or Host header: origin=https://8501-gpu-t4-s-kkb-usw1b1-1a03ljxsekluj-b.us-west1-1.prod.colab.dev, host=gpu-t4-s-kkb-usw1b1-1a03ljxsekluj.us-west1-b.c.codatalab-user-runtimes.internal:8007
2026-08-28 06:54:01.418 Rejecting WebSocket connection with disallowed Origin or Host header: origin=https://8501-gpu-t4-s-kkb-usw1b1-1a03ljxsekluj-b.us-west1-1.prod.colab.dev, host=gpu-t4-s-kkb-usw1b1-1a03ljxsekluj.us-west1-b.c.codatalab-user-runtimes.internal:8007
2026-08-28 06:54:06.394 Rejecting WebSocket connection with disallowed Origin or Host header: origin=https://8501-gpu-t4-s-kkb-usw1b1-1a03ljxsekluj-b.us-west1-1.prod.colab.dev, host=gpu-t4-s-kkb-usw1b1-1a03ljxsekluj.us-west1-b.c.codatalab-user-runtimes.internal:8007
2026-08-28 06:54:10.051 Rejecting WebSocket connection with disallowed Origin or Host header: origin=https://8501-gpu-t4-s-kkb-usw1b1-1a03ljxsekluj-b.us-west1-1.prod.colab.dev, host=gpu-t4-s-kkb-usw1b1-1a03ljxsekluj.us-west1-b.c.codatalab-user-runtimes.internal:8007
2026-08-28 06:54:13.961 Rejecting WebSocket connection with disallowed Origin or Host header: origin=https://8501-gpu-t4-s-kkb-usw1b1-1a03ljxsekluj-b.us-west1-1.prod.colab.dev, host=gpu-t4-s-kkb-usw1b1-1a03ljxsekluj.us-west1-b.c.codatalab-user-runtimes.internal:8007
2026-08-28 06:54:18.997 Rejecting WebSocket connection with disallowed Origin or Host header: origin=https://8501-gpu-t4-s-kkb-usw1b1-1a03ljxsekluj-b.us-west1-1.prod.colab.dev, host=gpu-t4-s-kkb-usw1b1-1a03ljxsekluj.us-west1-b.c.codatalab-user-runtimes.internal:8007
2026-08-28 06:54:24.494 Rejecting WebSocket connection with disallowed Origin or Host header: origin=https://8501-gpu-t4-s-kkb-usw1b1-1a03ljxsekluj-b.us-west1-1.prod.colab.dev, host=gpu-t4-s-kkb-usw1b1-1a03ljxsekluj.us-west1-b.c.codatalab-user-runtimes.internal:8007
2026-08-28 06:54:30.058 Rejecting WebSocket connection with disallowed Origin or Host header: origin=https://8501-gpu-t4-s-kkb-usw1b1-1a03ljxsekluj-b.us-west1-1.prod.colab.dev, host=gpu-t4-s-kkb-usw1b1-1a03ljxsekluj.us-west1-b.c.codatalab-user-runtimes.internal:8007
2026-08-28 06:54:34.385 Rejecting WebSocket connection with disallowed Origin or Host header: origin=https://8501-gpu-t4-s-kkb-usw1b1-1a03ljxsekluj-b.us-west1-1.prod.colab.dev, host=gpu-t4-s-kkb-usw1b1-1a03ljxsekluj.us-west1-b.c.codatalab-user-runtimes.internal:8007
2026-08-28 06:54:43.405 Rejecting WebSocket connection with disallowed Origin or Host header: origin=https://8501-gpu-t4-s-kkb-usw1b1-1a03ljxsekluj-b.us-west1-1.prod.colab.dev, host=gpu-t4-s-kkb-usw1b1-1a03ljxsekluj.us-west1-b.c.codatalab-user-runtimes.internal:8007
2026-08-28 06:54:50.443 Rejecting WebSocket connection with disallowed Origin or Host header: origin=https://8501-gpu-t4-s-kkb-usw1b1-1a03ljxsekluj-b.us-west1-1.prod.colab.dev, host=gpu-t4-s-kkb-usw1b1-1a03ljxsekluj.us-west1-b.c.codatalab-user-runtimes.internal:8007
2026-08-28 06:54:59.445 Rejecting WebSocket connection with disallowed Origin or Host header: origin=https://8501-gpu-t4-s-kkb-usw1b1-1a03ljxsekluj-b.us-west1-1.prod.colab.dev, host=gpu-t4-s-kkb-usw1b1-1a03ljxsekluj.us-west1-b.c.codatalab-user-runtimes.internal:8007
2026-08-28 06:55:05.065 Rejecting WebSocket connection with disallowed Origin or Host header: origin=https://8501-gpu-t4-s-kkb-usw1b1-1a03ljxsekluj-b.us-west1-1.prod.colab.dev, host=gpu-t4-s-kkb-usw1b1-1a03ljxsekluj.us-west1-b.c.codatalab-user-runtimes.internal:8007
2026-08-28 06:55:10.933 Rejecting WebSocket connection with disallowed Origin or Host header: origin=https://8501-gpu-t4-s-kkb-usw1b1-1a03ljxsekluj-b.us-west1-1.prod.colab.dev, host=gpu-t4-s-kkb-usw1b1-1a03ljxsekluj.us-west1-b.c.codatalab-user-runtimes.internal:8007
2026-08-28 06:55:17.712 Rejecting WebSocket connection with disallowed Origin or Host header: origin=https://8501-gpu-t4-s-kkb-usw1b1-1a03ljxsekluj-b.us-west1-1.prod.colab.dev, host=gpu-t4-s-kkb-usw1b1-1a03ljxsekluj.us-west1-b.c.codatalab-user-runtimes.internal:8007
2026-08-28 06:55:25.768 Rejecting WebSocket connection with disallowed Origin or Host header: origin=https://8501-gpu-t4-s-kkb-usw1b1-1a03ljxsekluj-b.us-west1-1.prod.colab.dev, host=gpu-t4-s-kkb-usw1b1-1a03ljxsekluj.us-west1-b.c.codatalab-user-runtimes.internal:8007
2026-08-28 06:55:38.103 Rejecting WebSocket connection with disallowed Origin or Host header: origin=https://8501-gpu-t4-s-kkb-usw1b1-1a03ljxsekluj-b.us-west1-1.prod.colab.dev, host=gpu-t4-s-kkb-usw1b1-1a03ljxsekluj.us-west1-b.c.codatalab-user-runtimes.internal:8007
2026-08-28 06:55:42.973 Rejecting WebSocket connection with disallowed Origin or Host header: origin=https://8501-gpu-t4-s-kkb-usw1b1-1a03ljxsekluj-b.us-west1-1.prod.colab.dev, host=gpu-t4-s-kkb-usw1b1-1a03ljxsekluj.us-west1-b.c.codatalab-user-runtimes.internal:8007
2026-08-28 06:55:47.014 Rejecting WebSocket connection with disallowed Origin or Host header: origin=https://8501-gpu-t4-s-kkb-usw1b1-1a03ljxsekluj-b.us-west1-1.prod.colab.dev, host=gpu-t4-s-kkb-usw1b1-1a03ljxsekluj.us-west1-b.c.codatalab-user-runtimes.internal:8007
2026-08-28 06:55:50.906 Rejecting WebSocket connection with disallowed Origin or Host header: origin=https://8501-gpu-t4-s-kkb-usw1b1-1a03ljxsekluj-b.us-west1-1.prod.colab.dev, host=gpu-t4-s-kkb-usw1b1-1a03ljxsekluj.us-west1-b.c.codatalab-user-runtimes.internal:8007
2026-08-28 06:55:54.876 Rejecting WebSocket connection with disallowed Origin or Host header: origin=https://8501-gpu-t4-s-kkb-usw1b1-1a03ljxsekluj-b.us-west1-1.prod.colab.dev, host=gpu-t4-s-kkb-usw1b1-1a03ljxsekluj.us-west1-b.c.codatalab-user-runtimes.internal:8007
2026-08-28 06:55:59.909 Rejecting WebSocket connection with disallowed Origin or Host header: origin=https://8501-gpu-t4-s-kkb-usw1b1-1a03ljxsekluj-b.us-west1-1.prod.colab.dev, host=gpu-t4-s-kkb-usw1b1-1a03ljxsekluj.us-west1-b.c.codatalab-user-runtimes.internal:8007
2026-08-28 06:56:04.371 Rejecting WebSocket connection with disallowed Origin or Host header: origin=https://8501-gpu-t4-s-kkb-usw1b1-1a03ljxsekluj-b.us-west1-1.prod.colab.dev, host=gpu-t4-s-kkb-usw1b1-1a03ljxsekluj.us-west1-b.c.codatalab-user-runtimes.internal:8007
2026-08-28 06:56:12.944 Rejecting WebSocket connection with disallowed Origin or Host header: origin=https://8501-gpu-t4-s-kkb-usw1b1-1a03ljxsekluj-b.us-west1-1.prod.colab.dev, host=gpu-t4-s-kkb-usw1b1-1a03ljxsekluj.us-west1-b.c.codatalab-user-runtimes.internal:8007
2026-08-28 06:56:15.914 Rejecting WebSocket connection with disallowed Origin or Host header: origin=https://8501-gpu-t4-s-kkb-usw1b1-1a03ljxsekluj-b.us-west1-1.prod.colab.dev, host=gpu-t4-s-kkb-usw1b1-1a03ljxsekluj.us-west1-b.c.codatalab-user-runtimes.internal:8007
2026-08-28 06:56:19.873 Rejecting WebSocket connection with disallowed Origin or Host header: origin=https://8501-gpu-t4-s-kkb-usw1b1-1a03ljxsekluj-b.us-west1-1.prod.colab.dev, host=gpu-t4-s-kkb-usw1b1-1a03ljxsekluj.us-west1-b.c.codatalab-user-runtimes.internal:8007
2026-08-28 06:56:33.222 Rejecting WebSocket connection with disallowed Origin or Host header: origin=https://8501-gpu-t4-s-kkb-usw1b1-1a03ljxsekluj-b.us-west1-1.prod.colab.dev, host=gpu-t4-s-kkb-usw1b1-1a03ljxsekluj.us-west1-b.c.codatalab-user-runtimes.internal:8007
2026-08-28 06:56:36.987 Rejecting WebSocket connection with disallowed Origin or Host header: origin=https://8501-gpu-t4-s-kkb-usw1b1-1a03ljxsekluj-b.us-west1-1.prod.colab.dev, host=gpu-t4-s-kkb-usw1b1-1a03ljxsekluj.us-west1-b.c.codatalab-user-runtimes.internal:8007
2026-08-28 06:56:41.187 Rejecting WebSocket connection with disallowed Origin or Host header: origin=https://8501-gpu-t4-s-kkb-usw1b1-1a03ljxsekluj-b.us-west1-1.prod.colab.dev, host=gpu-t4-s-kkb-usw1b1-1a03ljxsekluj.us-west1-b.c.codatalab-user-runtimes.internal:8007
2026-08-28 06:56:45.576 Rejecting WebSocket connection with disallowed Origin or Host header: origin=https://8501-gpu-t4-s-kkb-usw1b1-1a03ljxsekluj-b.us-west1-1.prod.colab.dev, host=gpu-t4-s-kkb-usw1b1-1a03ljxsekluj.us-west1-b.c.codatalab-user-runtimes.internal:8007
2026-08-28 06:56:50.524 Rejecting WebSocket connection with disallowed Origin or Host header: origin=https://8501-gpu-t4-s-kkb-usw1b1-1a03ljxsekluj-b.us-west1-1.prod.colab.dev, host=gpu-t4-s-kkb-usw1b1-1a03ljxsekluj.us-west1-b.c.codatalab-user-runtimes.internal:8007
2026-08-28 06:56:55.248 Rejecting WebSocket connection with disallowed Origin or Host header: origin=https://8501-gpu-t4-s-kkb-usw1b1-1a03ljxsekluj-b.us-west1-1.prod.colab.dev, host=gpu-t4-s-kkb-usw1b1-1a03ljxsekluj.us-west1-b.c.codatalab-user-runtimes.internal:8007
2026-08-28 06:57:04.713 Rejecting WebSocket connection with disallowed Origin or Host header: origin=https://8501-gpu-t4-s-kkb-usw1b1-1a03ljxsekluj-b.us-west1-1.prod.colab.dev, host=gpu-t4-s-kkb-usw1b1-1a03ljxsekluj.us-west1-b.c.codatalab-user-runtimes.internal:8007
2026-08-28 06:57:12.125 Rejecting WebSocket connection with disallowed Origin or Host header: origin=https://8501-gpu-t4-s-kkb-usw1b1-1a03ljxsekluj-b.us-west1-1.prod.colab.dev, host=gpu-t4-s-kkb-usw1b1-1a03ljxsekluj.us-west1-b.c.codatalab-user-runtimes.internal:8007
2026-08-28 06:57:19.974 Rejecting WebSocket connection with disallowed Origin or Host header: origin=https://8501-gpu-t4-s-kkb-usw1b1-1a03ljxsekluj-b.us-west1-1.prod.colab.dev, host=gpu-t4-s-kkb-usw1b1-1a03ljxsekluj.us-west1-b.c.codatalab-user-runtimes.internal:8007
2026-08-28 06:57:29.357 Rejecting WebSocket connection with disallowed Origin or Host header: origin=https://8501-gpu-t4-s-kkb-usw1b1-1a03ljxsekluj-b.us-west1-1.prod.colab.dev, host=gpu-t4-s-kkb-usw1b1-1a03ljxsekluj.us-west1-b.c.codatalab-user-runtimes.internal:8007
2026-08-28 06:57:38.225 Rejecting WebSocket connection with disallowed Origin or Host header: origin=https://8501-gpu-t4-s-kkb-usw1b1-1a03ljxsekluj-b.us-west1-1.prod.colab.dev, host=gpu-t4-s-kkb-usw1b1-1a03ljxsekluj.us-west1-b.c.codatalab-user-runtimes.internal:8007
2026-08-28 06:57:44.067 Rejecting WebSocket connection with disallowed Origin or Host header: origin=https://8501-gpu-t4-s-kkb-usw1b1-1a03ljxsekluj-b.us-west1-1.prod.colab.dev, host=gpu-t4-s-kkb-usw1b1-1a03ljxsekluj.us-west1-b.c.codatalab-user-runtimes.internal:8007
2026-08-28 06:57:52.407 Rejecting WebSocket connection with disallowed Origin or Host header: origin=https://8501-gpu-t4-s-kkb-usw1b1-1a03ljxsekluj-b.us-west1-1.prod.colab.dev, host=gpu-t4-s-kkb-usw1b1-1a03ljxsekluj.us-west1-b.c.codatalab-user-runtimes.internal:8007
2026-08-28 06:57:59.643 Rejecting WebSocket connection with disallowed Origin or Host header: origin=https://8501-gpu-t4-s-kkb-usw1b1-1a03ljxsekluj-b.us-west1-1.prod.colab.dev, host=gpu-t4-s-kkb-usw1b1-1a03ljxsekluj.us-west1-b.c.codatalab-user-runtimes.internal:8007
2026-08-28 06:58:06.855 Rejecting WebSocket connection with disallowed Origin or Host header: origin=https://8501-gpu-t4-s-kkb-usw1b1-1a03ljxsekluj-b.us-west1-1.prod.colab.dev, host=gpu-t4-s-kkb-usw1b1-1a03ljxsekluj.us-west1-b.c.codatalab-user-runtimes.internal:8007
2026-08-28 06:58:15.746 Rejecting WebSocket connection with disallowed Origin or Host header: origin=https://8501-gpu-t4-s-kkb-usw1b1-1a03ljxsekluj-b.us-west1-1.prod.colab.dev, host=gpu-t4-s-kkb-usw1b1-1a03ljxsekluj.us-west1-b.c.codatalab-user-runtimes.internal:8007
2026-08-28 06:58:22.414 Rejecting WebSocket connection with disallowed Origin or Host header: origin=https://8501-gpu-t4-s-kkb-usw1b1-1a03ljxsekluj-b.us-west1-1.prod.colab.dev, host=gpu-t4-s-kkb-usw1b1-1a03ljxsekluj.us-west1-b.c.codatalab-user-runtimes.internal:8007
2026-08-28 06:58:30.424 Rejecting WebSocket connection with disallowed Origin or Host header: origin=https://8501-gpu-t4-s-kkb-usw1b1-1a03ljxsekluj-b.us-west1-1.prod.colab.dev, host=gpu-t4-s-kkb-usw1b1-1a03ljxsekluj.us-west1-b.c.codatalab-user-runtimes.internal:8007
2026-08-28 06:58:37.602 Rejecting WebSocket connection with disallowed Origin or Host header: origin=https://8501-gpu-t4-s-kkb-usw1b1-1a03ljxsekluj-b.us-west1-1.prod.colab.dev, host=gpu-t4-s-kkb-usw1b1-1a03ljxsekluj.us-west1-b.c.codatalab-user-runtimes.internal:8007
2026-08-28 06:58:44.505 Rejecting WebSocket connection with disallowed Origin or Host header: origin=https://8501-gpu-t4-s-kkb-usw1b1-1a03ljxsekluj-b.us-west1-1.prod.colab.dev, host=gpu-t4-s-kkb-usw1b1-1a03ljxsekluj.us-west1-b.c.codatalab-user-runtimes.internal:8007
2026-08-28 06:58:53.304 Rejecting WebSocket connection with disallowed Origin or Host header: origin=https://8501-gpu-t4-s-kkb-usw1b1-1a03ljxsekluj-b.us-west1-1.prod.colab.dev, host=gpu-t4-s-kkb-usw1b1-1a03ljxsekluj.us-west1-b.c.codatalab-user-runtimes.internal:8007
2026-08-28 06:58:59.477 Rejecting WebSocket connection with disallowed Origin or Host header: origin=https://8501-gpu-t4-s-kkb-usw1b1-1a03ljxsekluj-b.us-west1-1.prod.colab.dev, host=gpu-t4-s-kkb-usw1b1-1a03ljxsekluj.us-west1-b.c.codatalab-user-runtimes.internal:8007
2026-08-28 06:59:06.130 Rejecting WebSocket connection with disallowed Origin or Host header: origin=https://8501-gpu-t4-s-kkb-usw1b1-1a03ljxsekluj-b.us-west1-1.prod.colab.dev, host=gpu-t4-s-kkb-usw1b1-1a03ljxsekluj.us-west1-b.c.codatalab-user-runtimes.internal:8007
2026-08-28 06:59:11.919 Rejecting WebSocket connection with disallowed Origin or Host header: origin=https://8501-gpu-t4-s-kkb-usw1b1-1a03ljxsekluj-b.us-west1-1.prod.colab.dev, host=gpu-t4-s-kkb-usw1b1-1a03ljxsekluj.us-west1-b.c.codatalab-user-runtimes.internal:8007
2026-08-28 06:59:18.231 Rejecting WebSocket connection with disallowed Origin or Host header: origin=https://8501-gpu-t4-s-kkb-usw1b1-1a03ljxsekluj-b.us-west1-1.prod.colab.dev, host=gpu-t4-s-kkb-usw1b1-1a03ljxsekluj.us-west1-b.c.codatalab-user-runtimes.internal:8007
2026-08-28 06:59:26.190 Rejecting WebSocket connection with disallowed Origin or Host header: origin=https://8501-gpu-t4-s-kkb-usw1b1-1a03ljxsekluj-b.us-west1-1.prod.colab.dev, host=gpu-t4-s-kkb-usw1b1-1a03ljxsekluj.us-west1-b.c.codatalab-user-runtimes.internal:8007
2026-08-28 06:59:33.859 Rejecting WebSocket connection with disallowed Origin or Host header: origin=https://8501-gpu-t4-s-kkb-usw1b1-1a03ljxsekluj-b.us-west1-1.prod.colab.dev, host=gpu-t4-s-kkb-usw1b1-1a03ljxsekluj.us-west1-b.c.codatalab-user-runtimes.internal:8007
2026-08-28 06:59:40.349 Rejecting WebSocket connection with disallowed Origin or Host header: origin=https://8501-gpu-t4-s-kkb-usw1b1-1a03ljxsekluj-b.us-west1-1.prod.colab.dev, host=gpu-t4-s-kkb-usw1b1-1a03ljxsekluj.us-west1-b.c.codatalab-user-runtimes.internal:8007
2026-08-28 06:59:46.578 Rejecting WebSocket connection with disallowed Origin or Host header: origin=https://8501-gpu-t4-s-kkb-usw1b1-1a03ljxsekluj-b.us-west1-1.prod.colab.dev, host=gpu-t4-s-kkb-usw1b1-1a03ljxsekluj.us-west1-b.c.codatalab-user-runtimes.internal:8007
2026-08-28 06:59:51.328 Rejecting WebSocket connection with disallowed Origin or Host header: origin=https://8501-gpu-t4-s-kkb-usw1b1-1a03ljxsekluj-b.us-west1-1.prod.colab.dev, host=gpu-t4-s-kkb-usw1b1-1a03ljxsekluj.us-west1-b.c.codatalab-user-runtimes.internal:8007
2026-08-28 07:00:06.906 Rejecting WebSocket connection with disallowed Origin or Host header: origin=https://8501-gpu-t4-s-kkb-usw1b1-1a03ljxsekluj-b.us-west1-1.prod.colab.dev, host=gpu-t4-s-kkb-usw1b1-1a03ljxsekluj.us-west1-b.c.codatalab-user-runtimes.internal:8007
2026-08-28 07:00:15.747 Rejecting WebSocket connection with disallowed Origin or Host header: origin=https://8501-gpu-t4-s-kkb-usw1b1-1a03ljxsekluj-b.us-west1-1.prod.colab.dev, host=gpu-t4-s-kkb-usw1b1-1a03ljxsekluj.us-west1-b.c.codatalab-user-runtimes.internal:8007
2026-08-28 07:00:23.301 Rejecting WebSocket connection with disallowed Origin or Host header: origin=https://8501-gpu-t4-s-kkb-usw1b1-1a03ljxsekluj-b.us-west1-1.prod.colab.dev, host=gpu-t4-s-kkb-usw1b1-1a03ljxsekluj.us-west1-b.c.codatalab-user-runtimes.internal:8007
2026-08-28 07:00:33.145 Rejecting WebSocket connection with disallowed Origin or Host header: origin=https://8501-gpu-t4-s-kkb-usw1b1-1a03ljxsekluj-b.us-west1-1.prod.colab.dev, host=gpu-t4-s-kkb-usw1b1-1a03ljxsekluj.us-west1-b.c.codatalab-user-runtimes.internal:8007
2026-08-28 07:00:37.942 Rejecting WebSocket connection with disallowed Origin or Host header: origin=https://8501-gpu-t4-s-kkb-usw1b1-1a03ljxsekluj-b.us-west1-1.prod.colab.dev, host=gpu-t4-s-kkb-usw1b1-1a03ljxsekluj.us-west1-b.c.codatalab-user-runtimes.internal:8007
2026-08-28 07:00:46.535 Rejecting WebSocket connection with disallowed Origin or Host header: origin=https://8501-gpu-t4-s-kkb-usw1b1-1a03ljxsekluj-b.us-west1-1.prod.colab.dev, host=gpu-t4-s-kkb-usw1b1-1a03ljxsekluj.us-west1-b.c.codatalab-user-runtimes.internal:8007
2026-08-28 07:00:53.174 Rejecting WebSocket connection with disallowed Origin or Host header: origin=https://8501-gpu-t4-s-kkb-usw1b1-1a03ljxsekluj-b.us-west1-1.prod.colab.dev, host=gpu-t4-s-kkb-usw1b1-1a03ljxsekluj.us-west1-b.c.codatalab-user-runtimes.internal:8007
2026-08-28 07:01:02.630 Rejecting WebSocket connection with disallowed Origin or Host header: origin=https://8501-gpu-t4-s-kkb-usw1b1-1a03ljxsekluj-b.us-west1-1.prod.colab.dev, host=gpu-t4-s-kkb-usw1b1-1a03ljxsekluj.us-west1-b.c.codatalab-user-runtimes.internal:8007
2026-08-28 07:01:11.359 Rejecting WebSocket connection with disallowed Origin or Host header: origin=https://8501-gpu-t4-s-kkb-usw1b1-1a03ljxsekluj-b.us-west1-1.prod.colab.dev, host=gpu-t4-s-kkb-usw1b1-1a03ljxsekluj.us-west1-b.c.codatalab-user-runtimes.internal:8007
2026-08-28 07:01:18.612 Rejecting WebSocket connection with disallowed Origin or Host header: origin=https://8501-gpu-t4-s-kkb-usw1b1-1a03ljxsekluj-b.us-west1-1.prod.colab.dev, host=gpu-t4-s-kkb-usw1b1-1a03ljxsekluj.us-west1-b.c.codatalab-user-runtimes.internal:8007
2026-08-28 07:01:26.665 Rejecting WebSocket connection with disallowed Origin or Host header: origin=https://8501-gpu-t4-s-kkb-usw1b1-1a03ljxsekluj-b.us-west1-1.prod.colab.dev, host=gpu-t4-s-kkb-usw1b1-1a03ljxsekluj.us-west1-b.c.codatalab-user-runtimes.internal:8007
2026-08-28 07:01:34.246 Rejecting WebSocket connection with disallowed Origin or Host header: origin=https://8501-gpu-t4-s-kkb-usw1b1-1a03ljxsekluj-b.us-west1-1.prod.colab.dev, host=gpu-t4-s-kkb-usw1b1-1a03ljxsekluj.us-west1-b.c.codatalab-user-runtimes.internal:8007
2026-08-28 07:01:41.946 Rejecting WebSocket connection with disallowed Origin or Host header: origin=https://8501-gpu-t4-s-kkb-usw1b1-1a03ljxsekluj-b.us-west1-1.prod.colab.dev, host=gpu-t4-s-kkb-usw1b1-1a03ljxsekluj.us-west1-b.c.codatalab-user-runtimes.internal:8007
2026-08-28 07:01:50.939 Rejecting WebSocket connection with disallowed Origin or Host header: origin=https://8501-gpu-t4-s-kkb-usw1b1-1a03ljxsekluj-b.us-west1-1.prod.colab.dev, host=gpu-t4-s-kkb-usw1b1-1a03ljxsekluj.us-west1-b.c.codatalab-user-runtimes.internal:8007
2026-08-28 07:01:55.159 Rejecting WebSocket connection with disallowed Origin or Host header: origin=https://8501-gpu-t4-s-kkb-usw1b1-1a03ljxsekluj-b.us-west1-1.prod.colab.dev, host=gpu-t4-s-kkb-usw1b1-1a03ljxsekluj.us-west1-b.c.codatalab-user-runtimes.internal:8007
2026-08-28 07:02:04.035 Rejecting WebSocket connection with disallowed Origin or Host header: origin=https://8501-gpu-t4-s-kkb-usw1b1-1a03ljxsekluj-b.us-west1-1.prod.colab.dev, host=gpu-t4-s-kkb-usw1b1-1a03ljxsekluj.us-west1-b.c.codatalab-user-runtimes.internal:8007
2026-08-28 07:02:09.896 Rejecting WebSocket connection with disallowed Origin or Host header: origin=https://8501-gpu-t4-s-kkb-usw1b1-1a03ljxsekluj-b.us-west1-1.prod.colab.dev, host=gpu-t4-s-kkb-usw1b1-1a03ljxsekluj.us-west1-b.c.codatalab-user-runtimes.internal:8007
2026-08-28 07:02:17.151 Rejecting WebSocket connection with disallowed Origin or Host header: origin=https://8501-gpu-t4-s-kkb-usw1b1-1a03ljxsekluj-b.us-west1-1.prod.colab.dev, host=gpu-t4-s-kkb-usw1b1-1a03ljxsekluj.us-west1-b.c.codatalab-user-runtimes.internal:8007
2026-08-28 07:02:23.082 Rejecting WebSocket connection with disallowed Origin or Host header: origin=https://8501-gpu-t4-s-kkb-usw1b1-1a03ljxsekluj-b.us-west1-1.prod.colab.dev, host=gpu-t4-s-kkb-usw1b1-1a03ljxsekluj.us-west1-b.c.codatalab-user-runtimes.internal:8007
2026-08-28 07:02:33.133 Rejecting WebSocket connection with disallowed Origin or Host header: origin=https://8501-gpu-t4-s-kkb-usw1b1-1a03ljxsekluj-b.us-west1-1.prod.colab.dev, host=gpu-t4-s-kkb-usw1b1-1a03ljxsekluj.us-west1-b.c.codatalab-user-runtimes.internal:8007
2026-08-28 07:02:40.078 Rejecting WebSocket connection with disallowed Origin or Host header: origin=https://8501-gpu-t4-s-kkb-usw1b1-1a03ljxsekluj-b.us-west1-1.prod.colab.dev, host=gpu-t4-s-kkb-usw1b1-1a03ljxsekluj.us-west1-b.c.codatalab-user-runtimes.internal:8007
2026-08-28 07:02:54.441 Rejecting WebSocket connection with disallowed Origin or Host header: origin=https://8501-gpu-t4-s-kkb-usw1b1-1a03ljxsekluj-b.us-west1-1.prod.colab.dev, host=gpu-t4-s-kkb-usw1b1-1a03ljxsekluj.us-west1-b.c.codatalab-user-runtimes.internal:8007
2026-08-28 07:03:01.992 Rejecting WebSocket connection with disallowed Origin or Host header: origin=https://8501-gpu-t4-s-kkb-usw1b1-1a03ljxsekluj-b.us-west1-1.prod.colab.dev, host=gpu-t4-s-kkb-usw1b1-1a03ljxsekluj.us-west1-b.c.codatalab-user-runtimes.internal:8007
2026-08-28 07:03:06.917 Rejecting WebSocket connection with disallowed Origin or Host header: origin=https://8501-gpu-t4-s-kkb-usw1b1-1a03ljxsekluj-b.us-west1-1.prod.colab.dev, host=gpu-t4-s-kkb-usw1b1-1a03ljxsekluj.us-west1-b.c.codatalab-user-runtimes.internal:8007
2026-08-28 07:03:13.780 Rejecting WebSocket connection with disallowed Origin or Host header: origin=https://8501-gpu-t4-s-kkb-usw1b1-1a03ljxsekluj-b.us-west1-1.prod.colab.dev, host=gpu-t4-s-kkb-usw1b1-1a03ljxsekluj.us-west1-b.c.codatalab-user-runtimes.internal:8007
2026-08-28 07:03:19.824 Rejecting WebSocket connection with disallowed Origin or Host header: origin=https://8501-gpu-t4-s-kkb-usw1b1-1a03ljxsekluj-b.us-west1-1.prod.colab.dev, host=gpu-t4-s-kkb-usw1b1-1a03ljxsekluj.us-west1-b.c.codatalab-user-runtimes.internal:8007
2026-08-28 07:03:28.531 Rejecting WebSocket connection with disallowed Origin or Host header: origin=https://8501-gpu-t4-s-kkb-usw1b1-1a03ljxsekluj-b.us-west1-1.prod.colab.dev, host=gpu-t4-s-kkb-usw1b1-1a03ljxsekluj.us-west1-b.c.codatalab-user-runtimes.internal:8007
2026-08-28 07:03:40.821 Rejecting WebSocket connection with disallowed Origin or Host header: origin=https://8501-gpu-t4-s-kkb-usw1b1-1a03ljxsekluj-b.us-west1-1.prod.colab.dev, host=gpu-t4-s-kkb-usw1b1-1a03ljxsekluj.us-west1-b.c.codatalab-user-runtimes.internal:8007
2026-08-28 07:03:50.675 Rejecting WebSocket connection with disallowed Origin or Host header: origin=https://8501-gpu-t4-s-kkb-usw1b1-1a03ljxsekluj-b.us-west1-1.prod.colab.dev, host=gpu-t4-s-kkb-usw1b1-1a03ljxsekluj.us-west1-b.c.codatalab-user-runtimes.internal:8007
2026-08-28 07:03:56.657 Rejecting WebSocket connection with disallowed Origin or Host header: origin=https://8501-gpu-t4-s-kkb-usw1b1-1a03ljxsekluj-b.us-west1-1.prod.colab.dev, host=gpu-t4-s-kkb-usw1b1-1a03ljxsekluj.us-west1-b.c.codatalab-user-runtimes.internal:8007
2026-08-28 07:04:02.012 Rejecting WebSocket connection with disallowed Origin or Host header: origin=https://8501-gpu-t4-s-kkb-usw1b1-1a03ljxsekluj-b.us-west1-1.prod.colab.dev, host=gpu-t4-s-kkb-usw1b1-1a03ljxsekluj.us-west1-b.c.codatalab-user-runtimes.internal:8007
2026-08-28 07:04:09.993 Rejecting WebSocket connection with disallowed Origin or Host header: origin=https://8501-gpu-t4-s-kkb-usw1b1-1a03ljxsekluj-b.us-west1-1.prod.colab.dev, host=gpu-t4-s-kkb-usw1b1-1a03ljxsekluj.us-west1-b.c.codatalab-user-runtimes.internal:8007
2026-08-28 07:04:18.260 Rejecting WebSocket connection with disallowed Origin or Host header: origin=https://8501-gpu-t4-s-kkb-usw1b1-1a03ljxsekluj-b.us-west1-1.prod.colab.dev, host=gpu-t4-s-kkb-usw1b1-1a03ljxsekluj.us-west1-b.c.codatalab-user-runtimes.internal:8007
2026-08-28 07:04:24.711 Rejecting WebSocket connection with disallowed Origin or Host header: origin=https://8501-gpu-t4-s-kkb-usw1b1-1a03ljxsekluj-b.us-west1-1.prod.colab.dev, host=gpu-t4-s-kkb-usw1b1-1a03ljxsekluj.us-west1-b.c.codatalab-user-runtimes.internal:8007
2026-08-28 07:04:32.030 Rejecting WebSocket connection with disallowed Origin or Host header: origin=https://8501-gpu-t4-s-kkb-usw1b1-1a03ljxsekluj-b.us-west1-1.prod.colab.dev, host=gpu-t4-s-kkb-usw1b1-1a03ljxsekluj.us-west1-b.c.codatalab-user-runtimes.internal:8007
2026-08-28 07:04:38.369 Rejecting WebSocket connection with disallowed Origin or Host header: origin=https://8501-gpu-t4-s-kkb-usw1b1-1a03ljxsekluj-b.us-west1-1.prod.colab.dev, host=gpu-t4-s-kkb-usw1b1-1a03ljxsekluj.us-west1-b.c.codatalab-user-runtimes.internal:8007
2026-08-28 07:04:43.795 Rejecting WebSocket connection with disallowed Origin or Host header: origin=https://8501-gpu-t4-s-kkb-usw1b1-1a03ljxsekluj-b.us-west1-1.prod.colab.dev, host=gpu-t4-s-kkb-usw1b1-1a03ljxsekluj.us-west1-b.c.codatalab-user-runtimes.internal:8007
2026-08-28 07:04:54.273 Rejecting WebSocket connection with disallowed Origin or Host header: origin=https://8501-gpu-t4-s-kkb-usw1b1-1a03ljxsekluj-b.us-west1-1.prod.colab.dev, host=gpu-t4-s-kkb-usw1b1-1a03ljxsekluj.us-west1-b.c.codatalab-user-runtimes.internal:8007
2026-08-28 07:05:01.327 Rejecting WebSocket connection with disallowed Origin or Host header: origin=https://8501-gpu-t4-s-kkb-usw1b1-1a03ljxsekluj-b.us-west1-1.prod.colab.dev, host=gpu-t4-s-kkb-usw1b1-1a03ljxsekluj.us-west1-b.c.codatalab-user-runtimes.internal:8007
2026-08-28 07:05:08.904 Rejecting WebSocket connection with disallowed Origin or Host header: origin=https://8501-gpu-t4-s-kkb-usw1b1-1a03ljxsekluj-b.us-west1-1.prod.colab.dev, host=gpu-t4-s-kkb-usw1b1-1a03ljxsekluj.us-west1-b.c.codatalab-user-runtimes.internal:8007
2026-08-28 07:05:17.281 Rejecting WebSocket connection with disallowed Origin or Host header: origin=https://8501-gpu-t4-s-kkb-usw1b1-1a03ljxsekluj-b.us-west1-1.prod.colab.dev, host=gpu-t4-s-kkb-usw1b1-1a03ljxsekluj.us-west1-b.c.codatalab-user-runtimes.internal:8007
2026-08-28 07:05:23.484 Rejecting WebSocket connection with disallowed Origin or Host header: origin=https://8501-gpu-t4-s-kkb-usw1b1-1a03ljxsekluj-b.us-west1-1.prod.colab.dev, host=gpu-t4-s-kkb-usw1b1-1a03ljxsekluj.us-west1-b.c.codatalab-user-runtimes.internal:8007
2026-08-28 07:05:28.669 Rejecting WebSocket connection with disallowed Origin or Host header: origin=https://8501-gpu-t4-s-kkb-usw1b1-1a03ljxsekluj-b.us-west1-1.prod.colab.dev, host=gpu-t4-s-kkb-usw1b1-1a03ljxsekluj.us-west1-b.c.codatalab-user-runtimes.internal:8007
2026-08-28 07:05:33.986 Rejecting WebSocket connection with disallowed Origin or Host header: origin=https://8501-gpu-t4-s-kkb-usw1b1-1a03ljxsekluj-b.us-west1-1.prod.colab.dev, host=gpu-t4-s-kkb-usw1b1-1a03ljxsekluj.us-west1-b.c.codatalab-user-runtimes.internal:8007
2026-08-28 07:05:38.983 Rejecting WebSocket connection with disallowed Origin or Host header: origin=https://8501-gpu-t4-s-kkb-usw1b1-1a03ljxsekluj-b.us-west1-1.prod.colab.dev, host=gpu-t4-s-kkb-usw1b1-1a03ljxsekluj.us-west1-b.c.codatalab-user-runtimes.internal:8007
2026-08-28 07:05:43.085 Rejecting WebSocket connection with disallowed Origin or Host header: origin=https://8501-gpu-t4-s-kkb-usw1b1-1a03ljxsekluj-b.us-west1-1.prod.colab.dev, host=gpu-t4-s-kkb-usw1b1-1a03ljxsekluj.us-west1-b.c.codatalab-user-runtimes.internal:8007
2026-08-28 07:05:47.394 Rejecting WebSocket connection with disallowed Origin or Host header: origin=https://8501-gpu-t4-s-kkb-usw1b1-1a03ljxsekluj-b.us-west1-1.prod.colab.dev, host=gpu-t4-s-kkb-usw1b1-1a03ljxsekluj.us-west1-b.c.codatalab-user-runtimes.internal:8007
2026-08-28 07:05:51.382 Rejecting WebSocket connection with disallowed Origin or Host header: origin=https://8501-gpu-t4-s-kkb-usw1b1-1a03ljxsekluj-b.us-west1-1.prod.colab.dev, host=gpu-t4-s-kkb-usw1b1-1a03ljxsekluj.us-west1-b.c.codatalab-user-runtimes.internal:8007
2026-08-28 07:05:59.889 Rejecting WebSocket connection with disallowed Origin or Host header: origin=https://8501-gpu-t4-s-kkb-usw1b1-1a03ljxsekluj-b.us-west1-1.prod.colab.dev, host=gpu-t4-s-kkb-usw1b1-1a03ljxsekluj.us-west1-b.c.codatalab-user-runtimes.internal:8007
2026-08-28 07:06:02.914 Rejecting WebSocket connection with disallowed Origin or Host header: origin=https://8501-gpu-t4-s-kkb-usw1b1-1a03ljxsekluj-b.us-west1-1.prod.colab.dev, host=gpu-t4-s-kkb-usw1b1-1a03ljxsekluj.us-west1-b.c.codatalab-user-runtimes.internal:8007
2026-08-28 07:06:07.298 Rejecting WebSocket connection with disallowed Origin or Host header: origin=https://8501-gpu-t4-s-kkb-usw1b1-1a03ljxsekluj-b.us-west1-1.prod.colab.dev, host=gpu-t4-s-kkb-usw1b1-1a03ljxsekluj.us-west1-b.c.codatalab-user-runtimes.internal:8007
2026-08-28 07:06:18.668 Rejecting WebSocket connection with disallowed Origin or Host header: origin=https://8501-gpu-t4-s-kkb-usw1b1-1a03ljxsekluj-b.us-west1-1.prod.colab.dev, host=gpu-t4-s-kkb-usw1b1-1a03ljxsekluj.us-west1-b.c.codatalab-user-runtimes.internal:8007
2026-08-28 07:06:22.893 Rejecting WebSocket connection with disallowed Origin or Host header: origin=https://8501-gpu-t4-s-kkb-usw1b1-1a03ljxsekluj-b.us-west1-1.prod.colab.dev, host=gpu-t4-s-kkb-usw1b1-1a03ljxsekluj.us-west1-b.c.codatalab-user-runtimes.internal:8007
2026-08-28 07:06:28.023 Rejecting WebSocket connection with disallowed Origin or Host header: origin=https://8501-gpu-t4-s-kkb-usw1b1-1a03ljxsekluj-b.us-west1-1.prod.colab.dev, host=gpu-t4-s-kkb-usw1b1-1a03ljxsekluj.us-west1-b.c.codatalab-user-runtimes.internal:8007
2026-08-28 07:06:32.949 Rejecting WebSocket connection with disallowed Origin or Host header: origin=https://8501-gpu-t4-s-kkb-usw1b1-1a03ljxsekluj-b.us-west1-1.prod.colab.dev, host=gpu-t4-s-kkb-usw1b1-1a03ljxsekluj.us-west1-b.c.codatalab-user-runtimes.internal:8007
2026-08-28 07:06:38.566 Rejecting WebSocket connection with disallowed Origin or Host header: origin=https://8501-gpu-t4-s-kkb-usw1b1-1a03ljxsekluj-b.us-west1-1.prod.colab.dev, host=gpu-t4-s-kkb-usw1b1-1a03ljxsekluj.us-west1-b.c.codatalab-user-runtimes.internal:8007
2026-08-28 07:06:42.148 Rejecting WebSocket connection with disallowed Origin or Host header: origin=https://8501-gpu-t4-s-kkb-usw1b1-1a03ljxsekluj-b.us-west1-1.prod.colab.dev, host=gpu-t4-s-kkb-usw1b1-1a03ljxsekluj.us-west1-b.c.codatalab-user-runtimes.internal:8007
2026-08-28 07:06:45.728 Rejecting WebSocket connection with disallowed Origin or Host header: origin=https://8501-gpu-t4-s-kkb-usw1b1-1a03ljxsekluj-b.us-west1-1.prod.colab.dev, host=gpu-t4-s-kkb-usw1b1-1a03ljxsekluj.us-west1-b.c.codatalab-user-runtimes.internal:8007
2026-08-28 07:06:51.686 Rejecting WebSocket connection with disallowed Origin or Host header: origin=https://8501-gpu-t4-s-kkb-usw1b1-1a03ljxsekluj-b.us-west1-1.prod.colab.dev, host=gpu-t4-s-kkb-usw1b1-1a03ljxsekluj.us-west1-b.c.codatalab-user-runtimes.internal:8007
2026-08-28 07:06:57.423 Rejecting WebSocket connection with disallowed Origin or Host header: origin=https://8501-gpu-t4-s-kkb-usw1b1-1a03ljxsekluj-b.us-west1-1.prod.colab.dev, host=gpu-t4-s-kkb-usw1b1-1a03ljxsekluj.us-west1-b.c.codatalab-user-runtimes.internal:8007
2026-08-28 07:07:03.587 Rejecting WebSocket connection with disallowed Origin or Host header: origin=https://8501-gpu-t4-s-kkb-usw1b1-1a03ljxsekluj-b.us-west1-1.prod.colab.dev, host=gpu-t4-s-kkb-usw1b1-1a03ljxsekluj.us-west1-b.c.codatalab-user-runtimes.internal:8007
2026-08-28 07:07:16.476 Rejecting WebSocket connection with disallowed Origin or Host header: origin=https://8501-gpu-t4-s-kkb-usw1b1-1a03ljxsekluj-b.us-west1-1.prod.colab.dev, host=gpu-t4-s-kkb-usw1b1-1a03ljxsekluj.us-west1-b.c.codatalab-user-runtimes.internal:8007
2026-08-28 07:07:22.399 Rejecting WebSocket connection with disallowed Origin or Host header: origin=https://8501-gpu-t4-s-kkb-usw1b1-1a03ljxsekluj-b.us-west1-1.prod.colab.dev, host=gpu-t4-s-kkb-usw1b1-1a03ljxsekluj.us-west1-b.c.codatalab-user-runtimes.internal:8007
2026-08-28 07:07:31.419 Rejecting WebSocket connection with disallowed Origin or Host header: origin=https://8501-gpu-t4-s-kkb-usw1b1-1a03ljxsekluj-b.us-west1-1.prod.colab.dev, host=gpu-t4-s-kkb-usw1b1-1a03ljxsekluj.us-west1-b.c.codatalab-user-runtimes.internal:8007
2026-08-28 07:07:36.132 Rejecting WebSocket connection with disallowed Origin or Host header: origin=https://8501-gpu-t4-s-kkb-usw1b1-1a03ljxsekluj-b.us-west1-1.prod.colab.dev, host=gpu-t4-s-kkb-usw1b1-1a03ljxsekluj.us-west1-b.c.codatalab-user-runtimes.internal:8007
2026-08-28 07:07:39.906 Rejecting WebSocket connection with disallowed Origin or Host header: origin=https://8501-gpu-t4-s-kkb-usw1b1-1a03ljxsekluj-b.us-west1-1.prod.colab.dev, host=gpu-t4-s-kkb-usw1b1-1a03ljxsekluj.us-west1-b.c.codatalab-user-runtimes.internal:8007
2026-08-28 07:07:43.855 Rejecting WebSocket connection with disallowed Origin or Host header: origin=https://8501-gpu-t4-s-kkb-usw1b1-1a03ljxsekluj-b.us-west1-1.prod.colab.dev, host=gpu-t4-s-kkb-usw1b1-1a03ljxsekluj.us-west1-b.c.codatalab-user-runtimes.internal:8007
2026-08-28 07:07:48.854 Rejecting WebSocket connection with disallowed Origin or Host header: origin=https://8501-gpu-t4-s-kkb-usw1b1-1a03ljxsekluj-b.us-west1-1.prod.colab.dev, host=gpu-t4-s-kkb-usw1b1-1a03ljxsekluj.us-west1-b.c.codatalab-user-runtimes.internal:8007
2026-08-28 07:07:53.044 Rejecting WebSocket connection with disallowed Origin or Host header: origin=https://8501-gpu-t4-s-kkb-usw1b1-1a03ljxsekluj-b.us-west1-1.prod.colab.dev, host=gpu-t4-s-kkb-usw1b1-1a03ljxsekluj.us-west1-b.c.codatalab-user-runtimes.internal:8007
2026-08-28 07:07:57.883 Rejecting WebSocket connection with disallowed Origin or Host header: origin=https://8501-gpu-t4-s-kkb-usw1b1-1a03ljxsekluj-b.us-west1-1.prod.colab.dev, host=gpu-t4-s-kkb-usw1b1-1a03ljxsekluj.us-west1-b.c.codatalab-user-runtimes.internal:8007
2026-08-28 07:08:02.066 Rejecting WebSocket connection with disallowed Origin or Host header: origin=https://8501-gpu-t4-s-kkb-usw1b1-1a03ljxsekluj-b.us-west1-1.prod.colab.dev, host=gpu-t4-s-kkb-usw1b1-1a03ljxsekluj.us-west1-b.c.codatalab-user-runtimes.internal:8007
2026-08-28 07:08:05.926 Rejecting WebSocket connection with disallowed Origin or Host header: origin=https://8501-gpu-t4-s-kkb-usw1b1-1a03ljxsekluj-b.us-west1-1.prod.colab.dev, host=gpu-t4-s-kkb-usw1b1-1a03ljxsekluj.us-west1-b.c.codatalab-user-runtimes.internal:8007
2026-08-28 07:08:10.133 Rejecting WebSocket connection with disallowed Origin or Host header: origin=https://8501-gpu-t4-s-kkb-usw1b1-1a03ljxsekluj-b.us-west1-1.prod.colab.dev, host=gpu-t4-s-kkb-usw1b1-1a03ljxsekluj.us-west1-b.c.codatalab-user-runtimes.internal:8007
2026-08-28 07:08:14.424 Rejecting WebSocket connection with disallowed Origin or Host header: origin=https://8501-gpu-t4-s-kkb-usw1b1-1a03ljxsekluj-b.us-west1-1.prod.colab.dev, host=gpu-t4-s-kkb-usw1b1-1a03ljxsekluj.us-west1-b.c.codatalab-user-runtimes.internal:8007
2026-08-28 07:08:19.995 Rejecting WebSocket connection with disallowed Origin or Host header: origin=https://8501-gpu-t4-s-kkb-usw1b1-1a03ljxsekluj-b.us-west1-1.prod.colab.dev, host=gpu-t4-s-kkb-usw1b1-1a03ljxsekluj.us-west1-b.c.codatalab-user-runtimes.internal:8007
2026-08-28 07:08:24.169 Rejecting WebSocket connection with disallowed Origin or Host header: origin=https://8501-gpu-t4-s-kkb-usw1b1-1a03ljxsekluj-b.us-west1-1.prod.colab.dev, host=gpu-t4-s-kkb-usw1b1-1a03ljxsekluj.us-west1-b.c.codatalab-user-runtimes.internal:8007
2026-08-28 07:08:28.155 Rejecting WebSocket connection with disallowed Origin or Host header: origin=https://8501-gpu-t4-s-kkb-usw1b1-1a03ljxsekluj-b.us-west1-1.prod.colab.dev, host=gpu-t4-s-kkb-usw1b1-1a03ljxsekluj.us-west1-b.c.codatalab-user-runtimes.internal:8007
2026-08-28 07:08:33.675 Rejecting WebSocket connection with disallowed Origin or Host header: origin=https://8501-gpu-t4-s-kkb-usw1b1-1a03ljxsekluj-b.us-west1-1.prod.colab.dev, host=gpu-t4-s-kkb-usw1b1-1a03ljxsekluj.us-west1-b.c.codatalab-user-runtimes.internal:8007
2026-08-28 07:08:37.162 Rejecting WebSocket connection with disallowed Origin or Host header: origin=https://8501-gpu-t4-s-kkb-usw1b1-1a03ljxsekluj-b.us-west1-1.prod.colab.dev, host=gpu-t4-s-kkb-usw1b1-1a03ljxsekluj.us-west1-b.c.codatalab-user-runtimes.internal:8007
2026-08-28 07:08:43.282 Rejecting WebSocket connection with disallowed Origin or Host header: origin=https://8501-gpu-t4-s-kkb-usw1b1-1a03ljxsekluj-b.us-west1-1.prod.colab.dev, host=gpu-t4-s-kkb-usw1b1-1a03ljxsekluj.us-west1-b.c.codatalab-user-runtimes.internal:8007
2026-08-28 07:08:48.734 Rejecting WebSocket connection with disallowed Origin or Host header: origin=https://8501-gpu-t4-s-kkb-usw1b1-1a03ljxsekluj-b.us-west1-1.prod.colab.dev, host=gpu-t4-s-kkb-usw1b1-1a03ljxsekluj.us-west1-b.c.codatalab-user-runtimes.internal:8007
2026-08-28 07:08:57.082 Rejecting WebSocket connection with disallowed Origin or Host header: origin=https://8501-gpu-t4-s-kkb-usw1b1-1a03ljxsekluj-b.us-west1-1.prod.colab.dev, host=gpu-t4-s-kkb-usw1b1-1a03ljxsekluj.us-west1-b.c.codatalab-user-runtimes.internal:8007
2026-08-28 07:09:04.810 Rejecting WebSocket connection with disallowed Origin or Host header: origin=https://8501-gpu-t4-s-kkb-usw1b1-1a03ljxsekluj-b.us-west1-1.prod.colab.dev, host=gpu-t4-s-kkb-usw1b1-1a03ljxsekluj.us-west1-b.c.codatalab-user-runtimes.internal:8007
2026-08-28 07:09:11.364 Rejecting WebSocket connection with disallowed Origin or Host header: origin=https://8501-gpu-t4-s-kkb-usw1b1-1a03ljxsekluj-b.us-west1-1.prod.colab.dev, host=gpu-t4-s-kkb-usw1b1-1a03ljxsekluj.us-west1-b.c.codatalab-user-runtimes.internal:8007
2026-08-28 07:09:18.835 Rejecting WebSocket connection with disallowed Origin or Host header: origin=https://8501-gpu-t4-s-kkb-usw1b1-1a03ljxsekluj-b.us-west1-1.prod.colab.dev, host=gpu-t4-s-kkb-usw1b1-1a03ljxsekluj.us-west1-b.c.codatalab-user-runtimes.internal:8007
2026-08-28 07:09:27.712 Rejecting WebSocket connection with disallowed Origin or Host header: origin=https://8501-gpu-t4-s-kkb-usw1b1-1a03ljxsekluj-b.us-west1-1.prod.colab.dev, host=gpu-t4-s-kkb-usw1b1-1a03ljxsekluj.us-west1-b.c.codatalab-user-runtimes.internal:8007
2026-08-28 07:09:36.761 Rejecting WebSocket connection with disallowed Origin or Host header: origin=https://8501-gpu-t4-s-kkb-usw1b1-1a03ljxsekluj-b.us-west1-1.prod.colab.dev, host=gpu-t4-s-kkb-usw1b1-1a03ljxsekluj.us-west1-b.c.codatalab-user-runtimes.internal:8007
2026-08-28 07:09:40.958 Rejecting WebSocket connection with disallowed Origin or Host header: origin=https://8501-gpu-t4-s-kkb-usw1b1-1a03ljxsekluj-b.us-west1-1.prod.colab.dev, host=gpu-t4-s-kkb-usw1b1-1a03ljxsekluj.us-west1-b.c.codatalab-user-runtimes.internal:8007
2026-08-28 07:09:46.045 Rejecting WebSocket connection with disallowed Origin or Host header: origin=https://8501-gpu-t4-s-kkb-usw1b1-1a03ljxsekluj-b.us-west1-1.prod.colab.dev, host=gpu-t4-s-kkb-usw1b1-1a03ljxsekluj.us-west1-b.c.codatalab-user-runtimes.internal:8007
2026-08-28 07:09:51.488 Rejecting WebSocket connection with disallowed Origin or Host header: origin=https://8501-gpu-t4-s-kkb-usw1b1-1a03ljxsekluj-b.us-west1-1.prod.colab.dev, host=gpu-t4-s-kkb-usw1b1-1a03ljxsekluj.us-west1-b.c.codatalab-user-runtimes.internal:8007
2026-08-28 07:09:59.821 Rejecting WebSocket connection with disallowed Origin or Host header: origin=https://8501-gpu-t4-s-kkb-usw1b1-1a03ljxsekluj-b.us-west1-1.prod.colab.dev, host=gpu-t4-s-kkb-usw1b1-1a03ljxsekluj.us-west1-b.c.codatalab-user-runtimes.internal:8007
2026-08-28 07:10:05.032 Rejecting WebSocket connection with disallowed Origin or Host header: origin=https://8501-gpu-t4-s-kkb-usw1b1-1a03ljxsekluj-b.us-west1-1.prod.colab.dev, host=gpu-t4-s-kkb-usw1b1-1a03ljxsekluj.us-west1-b.c.codatalab-user-runtimes.internal:8007
2026-08-28 07:10:09.864 Rejecting WebSocket connection with disallowed Origin or Host header: origin=https://8501-gpu-t4-s-kkb-usw1b1-1a03ljxsekluj-b.us-west1-1.prod.colab.dev, host=gpu-t4-s-kkb-usw1b1-1a03ljxsekluj.us-west1-b.c.codatalab-user-runtimes.internal:8007
2026-08-28 07:10:14.440 Rejecting WebSocket connection with disallowed Origin or Host header: origin=https://8501-gpu-t4-s-kkb-usw1b1-1a03ljxsekluj-b.us-west1-1.prod.colab.dev, host=gpu-t4-s-kkb-usw1b1-1a03ljxsekluj.us-west1-b.c.codatalab-user-runtimes.internal:8007
2026-08-28 07:10:19.256 Rejecting WebSocket connection with disallowed Origin or Host header: origin=https://8501-gpu-t4-s-kkb-usw1b1-1a03ljxsekluj-b.us-west1-1.prod.colab.dev, host=gpu-t4-s-kkb-usw1b1-1a03ljxsekluj.us-west1-b.c.codatalab-user-runtimes.internal:8007
2026-08-28 07:10:23.867 Rejecting WebSocket connection with disallowed Origin or Host header: origin=https://8501-gpu-t4-s-kkb-usw1b1-1a03ljxsekluj-b.us-west1-1.prod.colab.dev, host=gpu-t4-s-kkb-usw1b1-1a03ljxsekluj.us-west1-b.c.codatalab-user-runtimes.internal:8007
2026-08-28 07:10:29.013 Rejecting WebSocket connection with disallowed Origin or Host header: origin=https://8501-gpu-t4-s-kkb-usw1b1-1a03ljxsekluj-b.us-west1-1.prod.colab.dev, host=gpu-t4-s-kkb-usw1b1-1a03ljxsekluj.us-west1-b.c.codatalab-user-runtimes.internal:8007
2026-08-28 07:10:39.909 Rejecting WebSocket connection with disallowed Origin or Host header: origin=https://8501-gpu-t4-s-kkb-usw1b1-1a03ljxsekluj-b.us-west1-1.prod.colab.dev, host=gpu-t4-s-kkb-usw1b1-1a03ljxsekluj.us-west1-b.c.codatalab-user-runtimes.internal:8007
2026-08-28 07:10:52.996 Rejecting WebSocket connection with disallowed Origin or Host header: origin=https://8501-gpu-t4-s-kkb-usw1b1-1a03ljxsekluj-b.us-west1-1.prod.colab.dev, host=gpu-t4-s-kkb-usw1b1-1a03ljxsekluj.us-west1-b.c.codatalab-user-runtimes.internal:8007
2026-08-28 07:10:57.670 Rejecting WebSocket connection with disallowed Origin or Host header: origin=https://8501-gpu-t4-s-kkb-usw1b1-1a03ljxsekluj-b.us-west1-1.prod.colab.dev, host=gpu-t4-s-kkb-usw1b1-1a03ljxsekluj.us-west1-b.c.codatalab-user-runtimes.internal:8007
2026-08-28 07:11:01.015 Rejecting WebSocket connection with disallowed Origin or Host header: origin=https://8501-gpu-t4-s-kkb-usw1b1-1a03ljxsekluj-b.us-west1-1.prod.colab.dev, host=gpu-t4-s-kkb-usw1b1-1a03ljxsekluj.us-west1-b.c.codatalab-user-runtimes.internal:8007
2026-08-28 07:11:05.115 Rejecting WebSocket connection with disallowed Origin or Host header: origin=https://8501-gpu-t4-s-kkb-usw1b1-1a03ljxsekluj-b.us-west1-1.prod.colab.dev, host=gpu-t4-s-kkb-usw1b1-1a03ljxsekluj.us-west1-b.c.codatalab-user-runtimes.internal:8007
2026-08-28 07:11:11.232 Rejecting WebSocket connection with disallowed Origin or Host header: origin=https://8501-gpu-t4-s-kkb-usw1b1-1a03ljxsekluj-b.us-west1-1.prod.colab.dev, host=gpu-t4-s-kkb-usw1b1-1a03ljxsekluj.us-west1-b.c.codatalab-user-runtimes.internal:8007
2026-08-28 07:11:18.483 Rejecting WebSocket connection with disallowed Origin or Host header: origin=https://8501-gpu-t4-s-kkb-usw1b1-1a03ljxsekluj-b.us-west1-1.prod.colab.dev, host=gpu-t4-s-kkb-usw1b1-1a03ljxsekluj.us-west1-b.c.codatalab-user-runtimes.internal:8007
2026-08-28 07:11:26.740 Rejecting WebSocket connection with disallowed Origin or Host header: origin=https://8501-gpu-t4-s-kkb-usw1b1-1a03ljxsekluj-b.us-west1-1.prod.colab.dev, host=gpu-t4-s-kkb-usw1b1-1a03ljxsekluj.us-west1-b.c.codatalab-user-runtimes.internal:8007
2026-08-28 07:11:34.140 Rejecting WebSocket connection with disallowed Origin or Host header: origin=https://8501-gpu-t4-s-kkb-usw1b1-1a03ljxsekluj-b.us-west1-1.prod.colab.dev, host=gpu-t4-s-kkb-usw1b1-1a03ljxsekluj.us-west1-b.c.codatalab-user-runtimes.internal:8007
2026-08-28 07:11:40.652 Rejecting WebSocket connection with disallowed Origin or Host header: origin=https://8501-gpu-t4-s-kkb-usw1b1-1a03ljxsekluj-b.us-west1-1.prod.colab.dev, host=gpu-t4-s-kkb-usw1b1-1a03ljxsekluj.us-west1-b.c.codatalab-user-runtimes.internal:8007
2026-08-28 07:11:51.401 Rejecting WebSocket connection with disallowed Origin or Host header: origin=https://8501-gpu-t4-s-kkb-usw1b1-1a03ljxsekluj-b.us-west1-1.prod.colab.dev, host=gpu-t4-s-kkb-usw1b1-1a03ljxsekluj.us-west1-b.c.codatalab-user-runtimes.internal:8007
2026-08-28 07:12:02.669 Rejecting WebSocket connection with disallowed Origin or Host header: origin=https://8501-gpu-t4-s-kkb-usw1b1-1a03ljxsekluj-b.us-west1-1.prod.colab.dev, host=gpu-t4-s-kkb-usw1b1-1a03ljxsekluj.us-west1-b.c.codatalab-user-runtimes.internal:8007
2026-08-28 07:12:13.060 Rejecting WebSocket connection with disallowed Origin or Host header: origin=https://8501-gpu-t4-s-kkb-usw1b1-1a03ljxsekluj-b.us-west1-1.prod.colab.dev, host=gpu-t4-s-kkb-usw1b1-1a03ljxsekluj.us-west1-b.c.codatalab-user-runtimes.internal:8007
2026-08-28 07:12:25.728 Rejecting WebSocket connection with disallowed Origin or Host header: origin=https://8501-gpu-t4-s-kkb-usw1b1-1a03ljxsekluj-b.us-west1-1.prod.colab.dev, host=gpu-t4-s-kkb-usw1b1-1a03ljxsekluj.us-west1-b.c.codatalab-user-runtimes.internal:8007
2026-08-28 07:12:36.356 Rejecting WebSocket connection with disallowed Origin or Host header: origin=https://8501-gpu-t4-s-kkb-usw1b1-1a03ljxsekluj-b.us-west1-1.prod.colab.dev, host=gpu-t4-s-kkb-usw1b1-1a03ljxsekluj.us-west1-b.c.codatalab-user-runtimes.internal:8007
2026-08-28 07:12:46.758 Rejecting WebSocket connection with disallowed Origin or Host header: origin=https://8501-gpu-t4-s-kkb-usw1b1-1a03ljxsekluj-b.us-west1-1.prod.colab.dev, host=gpu-t4-s-kkb-usw1b1-1a03ljxsekluj.us-west1-b.c.codatalab-user-runtimes.internal:8007
2026-08-28 07:12:58.144 Rejecting WebSocket connection with disallowed Origin or Host header: origin=https://8501-gpu-t4-s-kkb-usw1b1-1a03ljxsekluj-b.us-west1-1.prod.colab.dev, host=gpu-t4-s-kkb-usw1b1-1a03ljxsekluj.us-west1-b.c.codatalab-user-runtimes.internal:8007
2026-08-28 07:13:09.739 Rejecting WebSocket connection with disallowed Origin or Host header: origin=https://8501-gpu-t4-s-kkb-usw1b1-1a03ljxsekluj-b.us-west1-1.prod.colab.dev, host=gpu-t4-s-kkb-usw1b1-1a03ljxsekluj.us-west1-b.c.codatalab-user-runtimes.internal:8007
2026-08-28 07:13:20.918 Rejecting WebSocket connection with disallowed Origin or Host header: origin=https://8501-gpu-t4-s-kkb-usw1b1-1a03ljxsekluj-b.us-west1-1.prod.colab.dev, host=gpu-t4-s-kkb-usw1b1-1a03ljxsekluj.us-west1-b.c.codatalab-user-runtimes.internal:8007
2026-08-28 07:13:32.367 Rejecting WebSocket connection with disallowed Origin or Host header: origin=https://8501-gpu-t4-s-kkb-usw1b1-1a03ljxsekluj-b.us-west1-1.prod.colab.dev, host=gpu-t4-s-kkb-usw1b1-1a03ljxsekluj.us-west1-b.c.codatalab-user-runtimes.internal:8007
2026-08-28 07:13:42.066 Rejecting WebSocket connection with disallowed Origin or Host header: origin=https://8501-gpu-t4-s-kkb-usw1b1-1a03ljxsekluj-b.us-west1-1.prod.colab.dev, host=gpu-t4-s-kkb-usw1b1-1a03ljxsekluj.us-west1-b.c.codatalab-user-runtimes.internal:8007
2026-08-28 07:13:49.415 Rejecting WebSocket connection with disallowed Origin or Host header: origin=https://8501-gpu-t4-s-kkb-usw1b1-1a03ljxsekluj-b.us-west1-1.prod.colab.dev, host=gpu-t4-s-kkb-usw1b1-1a03ljxsekluj.us-west1-b.c.codatalab-user-runtimes.internal:8007
2026-08-28 07:14:05.410 Rejecting WebSocket connection with disallowed Origin or Host header: origin=https://8501-gpu-t4-s-kkb-usw1b1-1a03ljxsekluj-b.us-west1-1.prod.colab.dev, host=gpu-t4-s-kkb-usw1b1-1a03ljxsekluj.us-west1-b.c.codatalab-user-runtimes.internal:8007
2026-08-28 07:14:13.128 Rejecting WebSocket connection with disallowed Origin or Host header: origin=https://8501-gpu-t4-s-kkb-usw1b1-1a03ljxsekluj-b.us-west1-1.prod.colab.dev, host=gpu-t4-s-kkb-usw1b1-1a03ljxsekluj.us-west1-b.c.codatalab-user-runtimes.internal:8007
2026-08-28 07:14:22.137 Rejecting WebSocket connection with disallowed Origin or Host header: origin=https://8501-gpu-t4-s-kkb-usw1b1-1a03ljxsekluj-b.us-west1-1.prod.colab.dev, host=gpu-t4-s-kkb-usw1b1-1a03ljxsekluj.us-west1-b.c.codatalab-user-runtimes.internal:8007
2026-08-28 07:14:32.392 Rejecting WebSocket connection with disallowed Origin or Host header: origin=https://8501-gpu-t4-s-kkb-usw1b1-1a03ljxsekluj-b.us-west1-1.prod.colab.dev, host=gpu-t4-s-kkb-usw1b1-1a03ljxsekluj.us-west1-b.c.codatalab-user-runtimes.internal:8007
2026-08-28 07:14:43.416 Rejecting WebSocket connection with disallowed Origin or Host header: origin=https://8501-gpu-t4-s-kkb-usw1b1-1a03ljxsekluj-b.us-west1-1.prod.colab.dev, host=gpu-t4-s-kkb-usw1b1-1a03ljxsekluj.us-west1-b.c.codatalab-user-runtimes.internal:8007
2026-08-28 07:14:54.574 Rejecting WebSocket connection with disallowed Origin or Host header: origin=https://8501-gpu-t4-s-kkb-usw1b1-1a03ljxsekluj-b.us-west1-1.prod.colab.dev, host=gpu-t4-s-kkb-usw1b1-1a03ljxsekluj.us-west1-b.c.codatalab-user-runtimes.internal:8007
2026-08-28 07:15:03.665 Rejecting WebSocket connection with disallowed Origin or Host header: origin=https://8501-gpu-t4-s-kkb-usw1b1-1a03ljxsekluj-b.us-west1-1.prod.colab.dev, host=gpu-t4-s-kkb-usw1b1-1a03ljxsekluj.us-west1-b.c.codatalab-user-runtimes.internal:8007
2026-08-28 07:15:13.067 Rejecting WebSocket connection with disallowed Origin or Host header: origin=https://8501-gpu-t4-s-kkb-usw1b1-1a03ljxsekluj-b.us-west1-1.prod.colab.dev, host=gpu-t4-s-kkb-usw1b1-1a03ljxsekluj.us-west1-b.c.codatalab-user-runtimes.internal:8007
2026-08-28 07:15:21.528 Rejecting WebSocket connection with disallowed Origin or Host header: origin=https://8501-gpu-t4-s-kkb-usw1b1-1a03ljxsekluj-b.us-west1-1.prod.colab.dev, host=gpu-t4-s-kkb-usw1b1-1a03ljxsekluj.us-west1-b.c.codatalab-user-runtimes.internal:8007
2026-08-28 07:15:29.528 Rejecting WebSocket connection with disallowed Origin or Host header: origin=https://8501-gpu-t4-s-kkb-usw1b1-1a03ljxsekluj-b.us-west1-1.prod.colab.dev, host=gpu-t4-s-kkb-usw1b1-1a03ljxsekluj.us-west1-b.c.codatalab-user-runtimes.internal:8007
2026-08-28 07:15:36.572 Rejecting WebSocket connection with disallowed Origin or Host header: origin=https://8501-gpu-t4-s-kkb-usw1b1-1a03ljxsekluj-b.us-west1-1.prod.colab.dev, host=gpu-t4-s-kkb-usw1b1-1a03ljxsekluj.us-west1-b.c.codatalab-user-runtimes.internal:8007
2026-08-28 07:15:42.646 Rejecting WebSocket connection with disallowed Origin or Host header: origin=https://8501-gpu-t4-s-kkb-usw1b1-1a03ljxsekluj-b.us-west1-1.prod.colab.dev, host=gpu-t4-s-kkb-usw1b1-1a03ljxsekluj.us-west1-b.c.codatalab-user-runtimes.internal:8007
2026-08-28 07:15:48.972 Rejecting WebSocket connection with disallowed Origin or Host header: origin=https://8501-gpu-t4-s-kkb-usw1b1-1a03ljxsekluj-b.us-west1-1.prod.colab.dev, host=gpu-t4-s-kkb-usw1b1-1a03ljxsekluj.us-west1-b.c.codatalab-user-runtimes.internal:8007
2026-08-28 07:15:55.200 Rejecting WebSocket connection with disallowed Origin or Host header: origin=https://8501-gpu-t4-s-kkb-usw1b1-1a03ljxsekluj-b.us-west1-1.prod.colab.dev, host=gpu-t4-s-kkb-usw1b1-1a03ljxsekluj.us-west1-b.c.codatalab-user-runtimes.internal:8007
2026-08-28 07:16:02.307 Rejecting WebSocket connection with disallowed Origin or Host header: origin=https://8501-gpu-t4-s-kkb-usw1b1-1a03ljxsekluj-b.us-west1-1.prod.colab.dev, host=gpu-t4-s-kkb-usw1b1-1a03ljxsekluj.us-west1-b.c.codatalab-user-runtimes.internal:8007
2026-08-28 07:16:08.083 Rejecting WebSocket connection with disallowed Origin or Host header: origin=https://8501-gpu-t4-s-kkb-usw1b1-1a03ljxsekluj-b.us-west1-1.prod.colab.dev, host=gpu-t4-s-kkb-usw1b1-1a03ljxsekluj.us-west1-b.c.codatalab-user-runtimes.internal:8007
2026-08-28 07:16:16.481 Rejecting WebSocket connection with disallowed Origin or Host header: origin=https://8501-gpu-t4-s-kkb-usw1b1-1a03ljxsekluj-b.us-west1-1.prod.colab.dev, host=gpu-t4-s-kkb-usw1b1-1a03ljxsekluj.us-west1-b.c.codatalab-user-runtimes.internal:8007
2026-08-28 07:16:24.763 Rejecting WebSocket connection with disallowed Origin or Host header: origin=https://8501-gpu-t4-s-kkb-usw1b1-1a03ljxsekluj-b.us-west1-1.prod.colab.dev, host=gpu-t4-s-kkb-usw1b1-1a03ljxsekluj.us-west1-b.c.codatalab-user-runtimes.internal:8007
2026-08-28 07:16:30.969 Rejecting WebSocket connection with disallowed Origin or Host header: origin=https://8501-gpu-t4-s-kkb-usw1b1-1a03ljxsekluj-b.us-west1-1.prod.colab.dev, host=gpu-t4-s-kkb-usw1b1-1a03ljxsekluj.us-west1-b.c.codatalab-user-runtimes.internal:8007
2026-08-28 07:16:38.275 Rejecting WebSocket connection with disallowed Origin or Host header: origin=https://8501-gpu-t4-s-kkb-usw1b1-1a03ljxsekluj-b.us-west1-1.prod.colab.dev, host=gpu-t4-s-kkb-usw1b1-1a03ljxsekluj.us-west1-b.c.codatalab-user-runtimes.internal:8007
2026-08-28 07:16:49.287 Rejecting WebSocket connection with disallowed Origin or Host header: origin=https://8501-gpu-t4-s-kkb-usw1b1-1a03ljxsekluj-b.us-west1-1.prod.colab.dev, host=gpu-t4-s-kkb-usw1b1-1a03ljxsekluj.us-west1-b.c.codatalab-user-runtimes.internal:8007
2026-08-28 07:16:54.335 Rejecting WebSocket connection with disallowed Origin or Host header: origin=https://8501-gpu-t4-s-kkb-usw1b1-1a03ljxsekluj-b.us-west1-1.prod.colab.dev, host=gpu-t4-s-kkb-usw1b1-1a03ljxsekluj.us-west1-b.c.codatalab-user-runtimes.internal:8007
2026-08-28 07:17:02.795 Rejecting WebSocket connection with disallowed Origin or Host header: origin=https://8501-gpu-t4-s-kkb-usw1b1-1a03ljxsekluj-b.us-west1-1.prod.colab.dev, host=gpu-t4-s-kkb-usw1b1-1a03ljxsekluj.us-west1-b.c.codatalab-user-runtimes.internal:8007
2026-08-28 07:17:06.944 Rejecting WebSocket connection with disallowed Origin or Host header: origin=https://8501-gpu-t4-s-kkb-usw1b1-1a03ljxsekluj-b.us-west1-1.prod.colab.dev, host=gpu-t4-s-kkb-usw1b1-1a03ljxsekluj.us-west1-b.c.codatalab-user-runtimes.internal:8007
2026-08-28 07:17:14.488 Rejecting WebSocket connection with disallowed Origin or Host header: origin=https://8501-gpu-t4-s-kkb-usw1b1-1a03ljxsekluj-b.us-west1-1.prod.colab.dev, host=gpu-t4-s-kkb-usw1b1-1a03ljxsekluj.us-west1-b.c.codatalab-user-runtimes.internal:8007
2026-08-28 07:17:22.366 Rejecting WebSocket connection with disallowed Origin or Host header: origin=https://8501-gpu-t4-s-kkb-usw1b1-1a03ljxsekluj-b.us-west1-1.prod.colab.dev, host=gpu-t4-s-kkb-usw1b1-1a03ljxsekluj.us-west1-b.c.codatalab-user-runtimes.internal:8007
2026-08-28 07:17:30.786 Rejecting WebSocket connection with disallowed Origin or Host header: origin=https://8501-gpu-t4-s-kkb-usw1b1-1a03ljxsekluj-b.us-west1-1.prod.colab.dev, host=gpu-t4-s-kkb-usw1b1-1a03ljxsekluj.us-west1-b.c.codatalab-user-runtimes.internal:8007
2026-08-28 07:17:39.795 Rejecting WebSocket connection with disallowed Origin or Host header: origin=https://8501-gpu-t4-s-kkb-usw1b1-1a03ljxsekluj-b.us-west1-1.prod.colab.dev, host=gpu-t4-s-kkb-usw1b1-1a03ljxsekluj.us-west1-b.c.codatalab-user-runtimes.internal:8007
2026-08-28 07:17:46.318 Rejecting WebSocket connection with disallowed Origin or Host header: origin=https://8501-gpu-t4-s-kkb-usw1b1-1a03ljxsekluj-b.us-west1-1.prod.colab.dev, host=gpu-t4-s-kkb-usw1b1-1a03ljxsekluj.us-west1-b.c.codatalab-user-runtimes.internal:8007
2026-08-28 07:17:49.854 Rejecting WebSocket connection with disallowed Origin or Host header: origin=https://8501-gpu-t4-s-kkb-usw1b1-1a03ljxsekluj-b.us-west1-1.prod.colab.dev, host=gpu-t4-s-kkb-usw1b1-1a03ljxsekluj.us-west1-b.c.codatalab-user-runtimes.internal:8007
2026-08-28 07:17:52.995 Rejecting WebSocket connection with disallowed Origin or Host header: origin=https://8501-gpu-t4-s-kkb-usw1b1-1a03ljxsekluj-b.us-west1-1.prod.colab.dev, host=gpu-t4-s-kkb-usw1b1-1a03ljxsekluj.us-west1-b.c.codatalab-user-runtimes.internal:8007
2026-08-28 07:17:56.882 Rejecting WebSocket connection with disallowed Origin or Host header: origin=https://8501-gpu-t4-s-kkb-usw1b1-1a03ljxsekluj-b.us-west1-1.prod.colab.dev, host=gpu-t4-s-kkb-usw1b1-1a03ljxsekluj.us-west1-b.c.codatalab-user-runtimes.internal:8007
2026-08-28 07:18:00.258 Rejecting WebSocket connection with disallowed Origin or Host header: origin=https://8501-gpu-t4-s-kkb-usw1b1-1a03ljxsekluj-b.us-west1-1.prod.colab.dev, host=gpu-t4-s-kkb-usw1b1-1a03ljxsekluj.us-west1-b.c.codatalab-user-runtimes.internal:8007
2026-08-28 07:18:04.961 Rejecting WebSocket connection with disallowed Origin or Host header: origin=https://8501-gpu-t4-s-kkb-usw1b1-1a03ljxsekluj-b.us-west1-1.prod.colab.dev, host=gpu-t4-s-kkb-usw1b1-1a03ljxsekluj.us-west1-b.c.codatalab-user-runtimes.internal:8007
2026-08-28 07:18:09.058 Rejecting WebSocket connection with disallowed Origin or Host header: origin=https://8501-gpu-t4-s-kkb-usw1b1-1a03ljxsekluj-b.us-west1-1.prod.colab.dev, host=gpu-t4-s-kkb-usw1b1-1a03ljxsekluj.us-west1-b.c.codatalab-user-runtimes.internal:8007
2026-08-28 07:18:14.131 Rejecting WebSocket connection with disallowed Origin or Host header: origin=https://8501-gpu-t4-s-kkb-usw1b1-1a03ljxsekluj-b.us-west1-1.prod.colab.dev, host=gpu-t4-s-kkb-usw1b1-1a03ljxsekluj.us-west1-b.c.codatalab-user-runtimes.internal:8007
2026-08-28 07:18:18.887 Rejecting WebSocket connection with disallowed Origin or Host header: origin=https://8501-gpu-t4-s-kkb-usw1b1-1a03ljxsekluj-b.us-west1-1.prod.colab.dev, host=gpu-t4-s-kkb-usw1b1-1a03ljxsekluj.us-west1-b.c.codatalab-user-runtimes.internal:8007
2026-08-28 07:18:23.122 Rejecting WebSocket connection with disallowed Origin or Host header: origin=https://8501-gpu-t4-s-kkb-usw1b1-1a03ljxsekluj-b.us-west1-1.prod.colab.dev, host=gpu-t4-s-kkb-usw1b1-1a03ljxsekluj.us-west1-b.c.codatalab-user-runtimes.internal:8007
2026-08-28 07:18:27.674 Rejecting WebSocket connection with disallowed Origin or Host header: origin=https://8501-gpu-t4-s-kkb-usw1b1-1a03ljxsekluj-b.us-west1-1.prod.colab.dev, host=gpu-t4-s-kkb-usw1b1-1a03ljxsekluj.us-west1-b.c.codatalab-user-runtimes.internal:8007
2026-08-28 07:18:33.470 Rejecting WebSocket connection with disallowed Origin or Host header: origin=https://8501-gpu-t4-s-kkb-usw1b1-1a03ljxsekluj-b.us-west1-1.prod.colab.dev, host=gpu-t4-s-kkb-usw1b1-1a03ljxsekluj.us-west1-b.c.codatalab-user-runtimes.internal:8007
2026-08-28 07:18:37.343 Rejecting WebSocket connection with disallowed Origin or Host header: origin=https://8501-gpu-t4-s-kkb-usw1b1-1a03ljxsekluj-b.us-west1-1.prod.colab.dev, host=gpu-t4-s-kkb-usw1b1-1a03ljxsekluj.us-west1-b.c.codatalab-user-runtimes.internal:8007
2026-08-28 07:18:41.127 Rejecting WebSocket connection with disallowed Origin or Host header: origin=https://8501-gpu-t4-s-kkb-usw1b1-1a03ljxsekluj-b.us-west1-1.prod.colab.dev, host=gpu-t4-s-kkb-usw1b1-1a03ljxsekluj.us-west1-b.c.codatalab-user-runtimes.internal:8007
2026-08-28 07:18:47.020 Rejecting WebSocket connection with disallowed Origin or Host header: origin=https://8501-gpu-t4-s-kkb-usw1b1-1a03ljxsekluj-b.us-west1-1.prod.colab.dev, host=gpu-t4-s-kkb-usw1b1-1a03ljxsekluj.us-west1-b.c.codatalab-user-runtimes.internal:8007
2026-08-28 07:18:51.408 Rejecting WebSocket connection with disallowed Origin or Host header: origin=https://8501-gpu-t4-s-kkb-usw1b1-1a03ljxsekluj-b.us-west1-1.prod.colab.dev, host=gpu-t4-s-kkb-usw1b1-1a03ljxsekluj.us-west1-b.c.codatalab-user-runtimes.internal:8007
2026-08-28 07:18:59.802 Rejecting WebSocket connection with disallowed Origin or Host header: origin=https://8501-gpu-t4-s-kkb-usw1b1-1a03ljxsekluj-b.us-west1-1.prod.colab.dev, host=gpu-t4-s-kkb-usw1b1-1a03ljxsekluj.us-west1-b.c.codatalab-user-runtimes.internal:8007
2026-08-28 07:19:08.562 Rejecting WebSocket connection with disallowed Origin or Host header: origin=https://8501-gpu-t4-s-kkb-usw1b1-1a03ljxsekluj-b.us-west1-1.prod.colab.dev, host=gpu-t4-s-kkb-usw1b1-1a03ljxsekluj.us-west1-b.c.codatalab-user-runtimes.internal:8007
2026-08-28 07:19:15.458 Rejecting WebSocket connection with disallowed Origin or Host header: origin=https://8501-gpu-t4-s-kkb-usw1b1-1a03ljxsekluj-b.us-west1-1.prod.colab.dev, host=gpu-t4-s-kkb-usw1b1-1a03ljxsekluj.us-west1-b.c.codatalab-user-runtimes.internal:8007
2026-08-28 07:19:25.017 Rejecting WebSocket connection with disallowed Origin or Host header: origin=https://8501-gpu-t4-s-kkb-usw1b1-1a03ljxsekluj-b.us-west1-1.prod.colab.dev, host=gpu-t4-s-kkb-usw1b1-1a03ljxsekluj.us-west1-b.c.codatalab-user-runtimes.internal:8007
2026-08-28 07:19:32.602 Rejecting WebSocket connection with disallowed Origin or Host header: origin=https://8501-gpu-t4-s-kkb-usw1b1-1a03ljxsekluj-b.us-west1-1.prod.colab.dev, host=gpu-t4-s-kkb-usw1b1-1a03ljxsekluj.us-west1-b.c.codatalab-user-runtimes.internal:8007
2026-08-28 07:19:42.273 Rejecting WebSocket connection with disallowed Origin or Host header: origin=https://8501-gpu-t4-s-kkb-usw1b1-1a03ljxsekluj-b.us-west1-1.prod.colab.dev, host=gpu-t4-s-kkb-usw1b1-1a03ljxsekluj.us-west1-b.c.codatalab-user-runtimes.internal:8007
2026-08-28 07:19:46.084 Rejecting WebSocket connection with disallowed Origin or Host header: origin=https://8501-gpu-t4-s-kkb-usw1b1-1a03ljxsekluj-b.us-west1-1.prod.colab.dev, host=gpu-t4-s-kkb-usw1b1-1a03ljxsekluj.us-west1-b.c.codatalab-user-runtimes.internal:8007
2026-08-28 07:19:51.793 Rejecting WebSocket connection with disallowed Origin or Host header: origin=https://8501-gpu-t4-s-kkb-usw1b1-1a03ljxsekluj-b.us-west1-1.prod.colab.dev, host=gpu-t4-s-kkb-usw1b1-1a03ljxsekluj.us-west1-b.c.codatalab-user-runtimes.internal:8007
2026-08-28 07:19:57.726 Rejecting WebSocket connection with disallowed Origin or Host header: origin=https://8501-gpu-t4-s-kkb-usw1b1-1a03ljxsekluj-b.us-west1-1.prod.colab.dev, host=gpu-t4-s-kkb-usw1b1-1a03ljxsekluj.us-west1-b.c.codatalab-user-runtimes.internal:8007
2026-08-28 07:20:05.695 Rejecting WebSocket connection with disallowed Origin or Host header: origin=https://8501-gpu-t4-s-kkb-usw1b1-1a03ljxsekluj-b.us-west1-1.prod.colab.dev, host=gpu-t4-s-kkb-usw1b1-1a03ljxsekluj.us-west1-b.c.codatalab-user-runtimes.internal:8007
2026-08-28 07:20:17.520 Rejecting WebSocket connection with disallowed Origin or Host header: origin=https://8501-gpu-t4-s-kkb-usw1b1-1a03ljxsekluj-b.us-west1-1.prod.colab.dev, host=gpu-t4-s-kkb-usw1b1-1a03ljxsekluj.us-west1-b.c.codatalab-user-runtimes.internal:8007
2026-08-28 07:20:25.652 Rejecting WebSocket connection with disallowed Origin or Host header: origin=https://8501-gpu-t4-s-kkb-usw1b1-1a03ljxsekluj-b.us-west1-1.prod.colab.dev, host=gpu-t4-s-kkb-usw1b1-1a03ljxsekluj.us-west1-b.c.codatalab-user-runtimes.internal:8007
2026-08-28 07:20:32.148 Rejecting WebSocket connection with disallowed Origin or Host header: origin=https://8501-gpu-t4-s-kkb-usw1b1-1a03ljxsekluj-b.us-west1-1.prod.colab.dev, host=gpu-t4-s-kkb-usw1b1-1a03ljxsekluj.us-west1-b.c.codatalab-user-runtimes.internal:8007
2026-08-28 07:20:39.083 Rejecting WebSocket connection with disallowed Origin or Host header: origin=https://8501-gpu-t4-s-kkb-usw1b1-1a03ljxsekluj-b.us-west1-1.prod.colab.dev, host=gpu-t4-s-kkb-usw1b1-1a03ljxsekluj.us-west1-b.c.codatalab-user-runtimes.internal:8007
2026-08-28 07:20:44.803 Rejecting WebSocket connection with disallowed Origin or Host header: origin=https://8501-gpu-t4-s-kkb-usw1b1-1a03ljxsekluj-b.us-west1-1.prod.colab.dev, host=gpu-t4-s-kkb-usw1b1-1a03ljxsekluj.us-west1-b.c.codatalab-user-runtimes.internal:8007
2026-08-28 07:20:50.241 Rejecting WebSocket connection with disallowed Origin or Host header: origin=https://8501-gpu-t4-s-kkb-usw1b1-1a03ljxsekluj-b.us-west1-1.prod.colab.dev, host=gpu-t4-s-kkb-usw1b1-1a03ljxsekluj.us-west1-b.c.codatalab-user-runtimes.internal:8007
2026-08-28 07:20:56.124 Rejecting WebSocket connection with disallowed Origin or Host header: origin=https://8501-gpu-t4-s-kkb-usw1b1-1a03ljxsekluj-b.us-west1-1.prod.colab.dev, host=gpu-t4-s-kkb-usw1b1-1a03ljxsekluj.us-west1-b.c.codatalab-user-runtimes.internal:8007
2026-08-28 07:21:04.784 Rejecting WebSocket connection with disallowed Origin or Host header: origin=https://8501-gpu-t4-s-kkb-usw1b1-1a03ljxsekluj-b.us-west1-1.prod.colab.dev, host=gpu-t4-s-kkb-usw1b1-1a03ljxsekluj.us-west1-b.c.codatalab-user-runtimes.internal:8007
2026-08-28 07:21:12.773 Rejecting WebSocket connection with disallowed Origin or Host header: origin=https://8501-gpu-t4-s-kkb-usw1b1-1a03ljxsekluj-b.us-west1-1.prod.colab.dev, host=gpu-t4-s-kkb-usw1b1-1a03ljxsekluj.us-west1-b.c.codatalab-user-runtimes.internal:8007
2026-08-28 07:21:25.556 Rejecting WebSocket connection with disallowed Origin or Host header: origin=https://8501-gpu-t4-s-kkb-usw1b1-1a03ljxsekluj-b.us-west1-1.prod.colab.dev, host=gpu-t4-s-kkb-usw1b1-1a03ljxsekluj.us-west1-b.c.codatalab-user-runtimes.internal:8007
2026-08-28 07:21:33.520 Rejecting WebSocket connection with disallowed Origin or Host header: origin=https://8501-gpu-t4-s-kkb-usw1b1-1a03ljxsekluj-b.us-west1-1.prod.colab.dev, host=gpu-t4-s-kkb-usw1b1-1a03ljxsekluj.us-west1-b.c.codatalab-user-runtimes.internal:8007
2026-08-28 07:21:39.346 Rejecting WebSocket connection with disallowed Origin or Host header: origin=https://8501-gpu-t4-s-kkb-usw1b1-1a03ljxsekluj-b.us-west1-1.prod.colab.dev, host=gpu-t4-s-kkb-usw1b1-1a03ljxsekluj.us-west1-b.c.codatalab-user-runtimes.internal:8007
2026-08-28 07:21:48.271 Rejecting WebSocket connection with disallowed Origin or Host header: origin=https://8501-gpu-t4-s-kkb-usw1b1-1a03ljxsekluj-b.us-west1-1.prod.colab.dev, host=gpu-t4-s-kkb-usw1b1-1a03ljxsekluj.us-west1-b.c.codatalab-user-runtimes.internal:8007
2026-08-28 07:21:54.331 Rejecting WebSocket connection with disallowed Origin or Host header: origin=https://8501-gpu-t4-s-kkb-usw1b1-1a03ljxsekluj-b.us-west1-1.prod.colab.dev, host=gpu-t4-s-kkb-usw1b1-1a03ljxsekluj.us-west1-b.c.codatalab-user-runtimes.internal:8007
2026-08-28 07:22:04.263 Rejecting WebSocket connection with disallowed Origin or Host header: origin=https://8501-gpu-t4-s-kkb-usw1b1-1a03ljxsekluj-b.us-west1-1.prod.colab.dev, host=gpu-t4-s-kkb-usw1b1-1a03ljxsekluj.us-west1-b.c.codatalab-user-runtimes.internal:8007
2026-08-28 07:22:11.225 Rejecting WebSocket connection with disallowed Origin or Host header: origin=https://8501-gpu-t4-s-kkb-usw1b1-1a03ljxsekluj-b.us-west1-1.prod.colab.dev, host=gpu-t4-s-kkb-usw1b1-1a03ljxsekluj.us-west1-b.c.codatalab-user-runtimes.internal:8007
2026-08-28 07:22:20.134 Rejecting WebSocket connection with disallowed Origin or Host header: origin=https://8501-gpu-t4-s-kkb-usw1b1-1a03ljxsekluj-b.us-west1-1.prod.colab.dev, host=gpu-t4-s-kkb-usw1b1-1a03ljxsekluj.us-west1-b.c.codatalab-user-runtimes.internal:8007
2026-08-28 07:22:27.725 Rejecting WebSocket connection with disallowed Origin or Host header: origin=https://8501-gpu-t4-s-kkb-usw1b1-1a03ljxsekluj-b.us-west1-1.prod.colab.dev, host=gpu-t4-s-kkb-usw1b1-1a03ljxsekluj.us-west1-b.c.codatalab-user-runtimes.internal:8007
2026-08-28 07:22:36.230 Rejecting WebSocket connection with disallowed Origin or Host header: origin=https://8501-gpu-t4-s-kkb-usw1b1-1a03ljxsekluj-b.us-west1-1.prod.colab.dev, host=gpu-t4-s-kkb-usw1b1-1a03ljxsekluj.us-west1-b.c.codatalab-user-runtimes.internal:8007
2026-08-28 07:22:44.320 Rejecting WebSocket connection with disallowed Origin or Host header: origin=https://8501-gpu-t4-s-kkb-usw1b1-1a03ljxsekluj-b.us-west1-1.prod.colab.dev, host=gpu-t4-s-kkb-usw1b1-1a03ljxsekluj.us-west1-b.c.codatalab-user-runtimes.internal:8007
2026-08-28 07:22:52.762 Rejecting WebSocket connection with disallowed Origin or Host header: origin=https://8501-gpu-t4-s-kkb-usw1b1-1a03ljxsekluj-b.us-west1-1.prod.colab.dev, host=gpu-t4-s-kkb-usw1b1-1a03ljxsekluj.us-west1-b.c.codatalab-user-runtimes.internal:8007
2026-08-28 07:22:58.799 Rejecting WebSocket connection with disallowed Origin or Host header: origin=https://8501-gpu-t4-s-kkb-usw1b1-1a03ljxsekluj-b.us-west1-1.prod.colab.dev, host=gpu-t4-s-kkb-usw1b1-1a03ljxsekluj.us-west1-b.c.codatalab-user-runtimes.internal:8007
2026-08-28 07:23:05.897 Rejecting WebSocket connection with disallowed Origin or Host header: origin=https://8501-gpu-t4-s-kkb-usw1b1-1a03ljxsekluj-b.us-west1-1.prod.colab.dev, host=gpu-t4-s-kkb-usw1b1-1a03ljxsekluj.us-west1-b.c.codatalab-user-runtimes.internal:8007
2026-08-28 07:23:12.281 Rejecting WebSocket connection with disallowed Origin or Host header: origin=https://8501-gpu-t4-s-kkb-usw1b1-1a03ljxsekluj-b.us-west1-1.prod.colab.dev, host=gpu-t4-s-kkb-usw1b1-1a03ljxsekluj.us-west1-b.c.codatalab-user-runtimes.internal:8007
2026-08-28 07:23:22.612 Rejecting WebSocket connection with disallowed Origin or Host header: origin=https://8501-gpu-t4-s-kkb-usw1b1-1a03ljxsekluj-b.us-west1-1.prod.colab.dev, host=gpu-t4-s-kkb-usw1b1-1a03ljxsekluj.us-west1-b.c.codatalab-user-runtimes.internal:8007
2026-08-28 07:23:29.127 Rejecting WebSocket connection with disallowed Origin or Host header: origin=https://8501-gpu-t4-s-kkb-usw1b1-1a03ljxsekluj-b.us-west1-1.prod.colab.dev, host=gpu-t4-s-kkb-usw1b1-1a03ljxsekluj.us-west1-b.c.codatalab-user-runtimes.internal:8007
2026-08-28 07:23:34.087 Rejecting WebSocket connection with disallowed Origin or Host header: origin=https://8501-gpu-t4-s-kkb-usw1b1-1a03ljxsekluj-b.us-west1-1.prod.colab.dev, host=gpu-t4-s-kkb-usw1b1-1a03ljxsekluj.us-west1-b.c.codatalab-user-runtimes.internal:8007
2026-08-28 07:23:41.215 Rejecting WebSocket connection with disallowed Origin or Host header: origin=https://8501-gpu-t4-s-kkb-usw1b1-1a03ljxsekluj-b.us-west1-1.prod.colab.dev, host=gpu-t4-s-kkb-usw1b1-1a03ljxsekluj.us-west1-b.c.codatalab-user-runtimes.internal:8007
2026-08-28 07:23:48.826 Rejecting WebSocket connection with disallowed Origin or Host header: origin=https://8501-gpu-t4-s-kkb-usw1b1-1a03ljxsekluj-b.us-west1-1.prod.colab.dev, host=gpu-t4-s-kkb-usw1b1-1a03ljxsekluj.us-west1-b.c.codatalab-user-runtimes.internal:8007
2026-08-28 07:23:55.442 Rejecting WebSocket connection with disallowed Origin or Host header: origin=https://8501-gpu-t4-s-kkb-usw1b1-1a03ljxsekluj-b.us-west1-1.prod.colab.dev, host=gpu-t4-s-kkb-usw1b1-1a03ljxsekluj.us-west1-b.c.codatalab-user-runtimes.internal:8007
2026-08-28 07:24:00.271 Rejecting WebSocket connection with disallowed Origin or Host header: origin=https://8501-gpu-t4-s-kkb-usw1b1-1a03ljxsekluj-b.us-west1-1.prod.colab.dev, host=gpu-t4-s-kkb-usw1b1-1a03ljxsekluj.us-west1-b.c.codatalab-user-runtimes.internal:8007
2026-08-28 07:24:07.098 Rejecting WebSocket connection with disallowed Origin or Host header: origin=https://8501-gpu-t4-s-kkb-usw1b1-1a03ljxsekluj-b.us-west1-1.prod.colab.dev, host=gpu-t4-s-kkb-usw1b1-1a03ljxsekluj.us-west1-b.c.codatalab-user-runtimes.internal:8007
2026-08-28 07:24:11.601 Rejecting WebSocket connection with disallowed Origin or Host header: origin=https://8501-gpu-t4-s-kkb-usw1b1-1a03ljxsekluj-b.us-west1-1.prod.colab.dev, host=gpu-t4-s-kkb-usw1b1-1a03ljxsekluj.us-west1-b.c.codatalab-user-runtimes.internal:8007
2026-08-28 07:24:18.470 Rejecting WebSocket connection with disallowed Origin or Host header: origin=https://8501-gpu-t4-s-kkb-usw1b1-1a03ljxsekluj-b.us-west1-1.prod.colab.dev, host=gpu-t4-s-kkb-usw1b1-1a03ljxsekluj.us-west1-b.c.codatalab-user-runtimes.internal:8007
2026-08-28 07:24:25.131 Rejecting WebSocket connection with disallowed Origin or Host header: origin=https://8501-gpu-t4-s-kkb-usw1b1-1a03ljxsekluj-b.us-west1-1.prod.colab.dev, host=gpu-t4-s-kkb-usw1b1-1a03ljxsekluj.us-west1-b.c.codatalab-user-runtimes.internal:8007
2026-08-28 07:24:31.205 Rejecting WebSocket connection with disallowed Origin or Host header: origin=https://8501-gpu-t4-s-kkb-usw1b1-1a03ljxsekluj-b.us-west1-1.prod.colab.dev, host=gpu-t4-s-kkb-usw1b1-1a03ljxsekluj.us-west1-b.c.codatalab-user-runtimes.internal:8007
2026-08-28 07:24:39.443 Rejecting WebSocket connection with disallowed Origin or Host header: origin=https://8501-gpu-t4-s-kkb-usw1b1-1a03ljxsekluj-b.us-west1-1.prod.colab.dev, host=gpu-t4-s-kkb-usw1b1-1a03ljxsekluj.us-west1-b.c.codatalab-user-runtimes.internal:8007
2026-08-28 07:24:46.216 Rejecting WebSocket connection with disallowed Origin or Host header: origin=https://8501-gpu-t4-s-kkb-usw1b1-1a03ljxsekluj-b.us-west1-1.prod.colab.dev, host=gpu-t4-s-kkb-usw1b1-1a03ljxsekluj.us-west1-b.c.codatalab-user-runtimes.internal:8007
2026-08-28 07:24:55.841 Rejecting WebSocket connection with disallowed Origin or Host header: origin=https://8501-gpu-t4-s-kkb-usw1b1-1a03ljxsekluj-b.us-west1-1.prod.colab.dev, host=gpu-t4-s-kkb-usw1b1-1a03ljxsekluj.us-west1-b.c.codatalab-user-runtimes.internal:8007
2026-08-28 07:25:03.093 Rejecting WebSocket connection with disallowed Origin or Host header: origin=https://8501-gpu-t4-s-kkb-usw1b1-1a03ljxsekluj-b.us-west1-1.prod.colab.dev, host=gpu-t4-s-kkb-usw1b1-1a03ljxsekluj.us-west1-b.c.codatalab-user-runtimes.internal:8007
2026-08-28 07:25:09.634 Rejecting WebSocket connection with disallowed Origin or Host header: origin=https://8501-gpu-t4-s-kkb-usw1b1-1a03ljxsekluj-b.us-west1-1.prod.colab.dev, host=gpu-t4-s-kkb-usw1b1-1a03ljxsekluj.us-west1-b.c.codatalab-user-runtimes.internal:8007
2026-08-28 07:25:14.014 Rejecting WebSocket connection with disallowed Origin or Host header: origin=https://8501-gpu-t4-s-kkb-usw1b1-1a03ljxsekluj-b.us-west1-1.prod.colab.dev, host=gpu-t4-s-kkb-usw1b1-1a03ljxsekluj.us-west1-b.c.codatalab-user-runtimes.internal:8007
2026-08-28 07:25:20.383 Rejecting WebSocket connection with disallowed Origin or Host header: origin=https://8501-gpu-t4-s-kkb-usw1b1-1a03ljxsekluj-b.us-west1-1.prod.colab.dev, host=gpu-t4-s-kkb-usw1b1-1a03ljxsekluj.us-west1-b.c.codatalab-user-runtimes.internal:8007
2026-08-28 07:25:27.525 Rejecting WebSocket connection with disallowed Origin or Host header: origin=https://8501-gpu-t4-s-kkb-usw1b1-1a03ljxsekluj-b.us-west1-1.prod.colab.dev, host=gpu-t4-s-kkb-usw1b1-1a03ljxsekluj.us-west1-b.c.codatalab-user-runtimes.internal:8007
2026-08-28 07:25:32.557 Rejecting WebSocket connection with disallowed Origin or Host header: origin=https://8501-gpu-t4-s-kkb-usw1b1-1a03ljxsekluj-b.us-west1-1.prod.colab.dev, host=gpu-t4-s-kkb-usw1b1-1a03ljxsekluj.us-west1-b.c.codatalab-user-runtimes.internal:8007
2026-08-28 07:25:41.146 Rejecting WebSocket connection with disallowed Origin or Host header: origin=https://8501-gpu-t4-s-kkb-usw1b1-1a03ljxsekluj-b.us-west1-1.prod.colab.dev, host=gpu-t4-s-kkb-usw1b1-1a03ljxsekluj.us-west1-b.c.codatalab-user-runtimes.internal:8007
2026-08-28 07:25:50.053 Rejecting WebSocket connection with disallowed Origin or Host header: origin=https://8501-gpu-t4-s-kkb-usw1b1-1a03ljxsekluj-b.us-west1-1.prod.colab.dev, host=gpu-t4-s-kkb-usw1b1-1a03ljxsekluj.us-west1-b.c.codatalab-user-runtimes.internal:8007
2026-08-28 07:25:55.311 Rejecting WebSocket connection with disallowed Origin or Host header: origin=https://8501-gpu-t4-s-kkb-usw1b1-1a03ljxsekluj-b.us-west1-1.prod.colab.dev, host=gpu-t4-s-kkb-usw1b1-1a03ljxsekluj.us-west1-b.c.codatalab-user-runtimes.internal:8007
2026-08-28 07:26:01.654 Rejecting WebSocket connection with disallowed Origin or Host header: origin=https://8501-gpu-t4-s-kkb-usw1b1-1a03ljxsekluj-b.us-west1-1.prod.colab.dev, host=gpu-t4-s-kkb-usw1b1-1a03ljxsekluj.us-west1-b.c.codatalab-user-runtimes.internal:8007
2026-08-28 07:26:10.080 Rejecting WebSocket connection with disallowed Origin or Host header: origin=https://8501-gpu-t4-s-kkb-usw1b1-1a03ljxsekluj-b.us-west1-1.prod.colab.dev, host=gpu-t4-s-kkb-usw1b1-1a03ljxsekluj.us-west1-b.c.codatalab-user-runtimes.internal:8007
2026-08-28 07:26:16.379 Rejecting WebSocket connection with disallowed Origin or Host header: origin=https://8501-gpu-t4-s-kkb-usw1b1-1a03ljxsekluj-b.us-west1-1.prod.colab.dev, host=gpu-t4-s-kkb-usw1b1-1a03ljxsekluj.us-west1-b.c.codatalab-user-runtimes.internal:8007
2026-08-28 07:26:26.122 Rejecting WebSocket connection with disallowed Origin or Host header: origin=https://8501-gpu-t4-s-kkb-usw1b1-1a03ljxsekluj-b.us-west1-1.prod.colab.dev, host=gpu-t4-s-kkb-usw1b1-1a03ljxsekluj.us-west1-b.c.codatalab-user-runtimes.internal:8007
2026-08-28 07:26:33.683 Rejecting WebSocket connection with disallowed Origin or Host header: origin=https://8501-gpu-t4-s-kkb-usw1b1-1a03ljxsekluj-b.us-west1-1.prod.colab.dev, host=gpu-t4-s-kkb-usw1b1-1a03ljxsekluj.us-west1-b.c.codatalab-user-runtimes.internal:8007
2026-08-28 07:26:39.848 Rejecting WebSocket connection with disallowed Origin or Host header: origin=https://8501-gpu-t4-s-kkb-usw1b1-1a03ljxsekluj-b.us-west1-1.prod.colab.dev, host=gpu-t4-s-kkb-usw1b1-1a03ljxsekluj.us-west1-b.c.codatalab-user-runtimes.internal:8007
2026-08-28 07:26:49.293 Rejecting WebSocket connection with disallowed Origin or Host header: origin=https://8501-gpu-t4-s-kkb-usw1b1-1a03ljxsekluj-b.us-west1-1.prod.colab.dev, host=gpu-t4-s-kkb-usw1b1-1a03ljxsekluj.us-west1-b.c.codatalab-user-runtimes.internal:8007
2026-08-28 07:26:56.711 Rejecting WebSocket connection with disallowed Origin or Host header: origin=https://8501-gpu-t4-s-kkb-usw1b1-1a03ljxsekluj-b.us-west1-1.prod.colab.dev, host=gpu-t4-s-kkb-usw1b1-1a03ljxsekluj.us-west1-b.c.codatalab-user-runtimes.internal:8007
2026-08-28 07:27:01.472 Rejecting WebSocket connection with disallowed Origin or Host header: origin=https://8501-gpu-t4-s-kkb-usw1b1-1a03ljxsekluj-b.us-west1-1.prod.colab.dev, host=gpu-t4-s-kkb-usw1b1-1a03ljxsekluj.us-west1-b.c.codatalab-user-runtimes.internal:8007
2026-08-28 07:27:08.692 Rejecting WebSocket connection with disallowed Origin or Host header: origin=https://8501-gpu-t4-s-kkb-usw1b1-1a03ljxsekluj-b.us-west1-1.prod.colab.dev, host=gpu-t4-s-kkb-usw1b1-1a03ljxsekluj.us-west1-b.c.codatalab-user-runtimes.internal:8007
2026-08-28 07:27:13.983 Rejecting WebSocket connection with disallowed Origin or Host header: origin=https://8501-gpu-t4-s-kkb-usw1b1-1a03ljxsekluj-b.us-west1-1.prod.colab.dev, host=gpu-t4-s-kkb-usw1b1-1a03ljxsekluj.us-west1-b.c.codatalab-user-runtimes.internal:8007
2026-08-28 07:27:21.622 Rejecting WebSocket connection with disallowed Origin or Host header: origin=https://8501-gpu-t4-s-kkb-usw1b1-1a03ljxsekluj-b.us-west1-1.prod.colab.dev, host=gpu-t4-s-kkb-usw1b1-1a03ljxsekluj.us-west1-b.c.codatalab-user-runtimes.internal:8007
2026-08-28 07:27:29.185 Rejecting WebSocket connection with disallowed Origin or Host header: origin=https://8501-gpu-t4-s-kkb-usw1b1-1a03ljxsekluj-b.us-west1-1.prod.colab.dev, host=gpu-t4-s-kkb-usw1b1-1a03ljxsekluj.us-west1-b.c.codatalab-user-runtimes.internal:8007
2026-08-28 07:27:43.229 Rejecting WebSocket connection with disallowed Origin or Host header: origin=https://8501-gpu-t4-s-kkb-usw1b1-1a03ljxsekluj-b.us-west1-1.prod.colab.dev, host=gpu-t4-s-kkb-usw1b1-1a03ljxsekluj.us-west1-b.c.codatalab-user-runtimes.internal:8007
2026-08-28 07:27:48.248 Rejecting WebSocket connection with disallowed Origin or Host header: origin=https://8501-gpu-t4-s-kkb-usw1b1-1a03ljxsekluj-b.us-west1-1.prod.colab.dev, host=gpu-t4-s-kkb-usw1b1-1a03ljxsekluj.us-west1-b.c.codatalab-user-runtimes.internal:8007
2026-08-28 07:27:51.865 Rejecting WebSocket connection with disallowed Origin or Host header: origin=https://8501-gpu-t4-s-kkb-usw1b1-1a03ljxsekluj-b.us-west1-1.prod.colab.dev, host=gpu-t4-s-kkb-usw1b1-1a03ljxsekluj.us-west1-b.c.codatalab-user-runtimes.internal:8007
2026-08-28 07:27:56.278 Rejecting WebSocket connection with disallowed Origin or Host header: origin=https://8501-gpu-t4-s-kkb-usw1b1-1a03ljxsekluj-b.us-west1-1.prod.colab.dev, host=gpu-t4-s-kkb-usw1b1-1a03ljxsekluj.us-west1-b.c.codatalab-user-runtimes.internal:8007
2026-08-28 07:27:59.841 Rejecting WebSocket connection with disallowed Origin or Host header: origin=https://8501-gpu-t4-s-kkb-usw1b1-1a03ljxsekluj-b.us-west1-1.prod.colab.dev, host=gpu-t4-s-kkb-usw1b1-1a03ljxsekluj.us-west1-b.c.codatalab-user-runtimes.internal:8007
2026-08-28 07:28:03.848 Rejecting WebSocket connection with disallowed Origin or Host header: origin=https://8501-gpu-t4-s-kkb-usw1b1-1a03ljxsekluj-b.us-west1-1.prod.colab.dev, host=gpu-t4-s-kkb-usw1b1-1a03ljxsekluj.us-west1-b.c.codatalab-user-runtimes.internal:8007
2026-08-28 07:28:08.944 Rejecting WebSocket connection with disallowed Origin or Host header: origin=https://8501-gpu-t4-s-kkb-usw1b1-1a03ljxsekluj-b.us-west1-1.prod.colab.dev, host=gpu-t4-s-kkb-usw1b1-1a03ljxsekluj.us-west1-b.c.codatalab-user-runtimes.internal:8007
2026-08-28 07:28:12.852 Rejecting WebSocket connection with disallowed Origin or Host header: origin=https://8501-gpu-t4-s-kkb-usw1b1-1a03ljxsekluj-b.us-west1-1.prod.colab.dev, host=gpu-t4-s-kkb-usw1b1-1a03ljxsekluj.us-west1-b.c.codatalab-user-runtimes.internal:8007
2026-08-28 07:28:17.288 Rejecting WebSocket connection with disallowed Origin or Host header: origin=https://8501-gpu-t4-s-kkb-usw1b1-1a03ljxsekluj-b.us-west1-1.prod.colab.dev, host=gpu-t4-s-kkb-usw1b1-1a03ljxsekluj.us-west1-b.c.codatalab-user-runtimes.internal:8007
2026-08-28 07:28:21.855 Rejecting WebSocket connection with disallowed Origin or Host header: origin=https://8501-gpu-t4-s-kkb-usw1b1-1a03ljxsekluj-b.us-west1-1.prod.colab.dev, host=gpu-t4-s-kkb-usw1b1-1a03ljxsekluj.us-west1-b.c.codatalab-user-runtimes.internal:8007
2026-08-28 07:28:30.884 Rejecting WebSocket connection with disallowed Origin or Host header: origin=https://8501-gpu-t4-s-kkb-usw1b1-1a03ljxsekluj-b.us-west1-1.prod.colab.dev, host=gpu-t4-s-kkb-usw1b1-1a03ljxsekluj.us-west1-b.c.codatalab-user-runtimes.internal:8007
2026-08-28 07:28:34.890 Rejecting WebSocket connection with disallowed Origin or Host header: origin=https://8501-gpu-t4-s-kkb-usw1b1-1a03ljxsekluj-b.us-west1-1.prod.colab.dev, host=gpu-t4-s-kkb-usw1b1-1a03ljxsekluj.us-west1-b.c.codatalab-user-runtimes.internal:8007
2026-08-28 07:28:38.027 Rejecting WebSocket connection with disallowed Origin or Host header: origin=https://8501-gpu-t4-s-kkb-usw1b1-1a03ljxsekluj-b.us-west1-1.prod.colab.dev, host=gpu-t4-s-kkb-usw1b1-1a03ljxsekluj.us-west1-b.c.codatalab-user-runtimes.internal:8007
2026-08-28 07:28:43.104 Rejecting WebSocket connection with disallowed Origin or Host header: origin=https://8501-gpu-t4-s-kkb-usw1b1-1a03ljxsekluj-b.us-west1-1.prod.colab.dev, host=gpu-t4-s-kkb-usw1b1-1a03ljxsekluj.us-west1-b.c.codatalab-user-runtimes.internal:8007
2026-08-28 07:28:48.348 Rejecting WebSocket connection with disallowed Origin or Host header: origin=https://8501-gpu-t4-s-kkb-usw1b1-1a03ljxsekluj-b.us-west1-1.prod.colab.dev, host=gpu-t4-s-kkb-usw1b1-1a03ljxsekluj.us-west1-b.c.codatalab-user-runtimes.internal:8007
2026-08-28 07:28:53.794 Rejecting WebSocket connection with disallowed Origin or Host header: origin=https://8501-gpu-t4-s-kkb-usw1b1-1a03ljxsekluj-b.us-west1-1.prod.colab.dev, host=gpu-t4-s-kkb-usw1b1-1a03ljxsekluj.us-west1-b.c.codatalab-user-runtimes.internal:8007
2026-08-28 07:29:00.105 Rejecting WebSocket connection with disallowed Origin or Host header: origin=https://8501-gpu-t4-s-kkb-usw1b1-1a03ljxsekluj-b.us-west1-1.prod.colab.dev, host=gpu-t4-s-kkb-usw1b1-1a03ljxsekluj.us-west1-b.c.codatalab-user-runtimes.internal:8007
2026-08-28 07:29:06.355 Rejecting WebSocket connection with disallowed Origin or Host header: origin=https://8501-gpu-t4-s-kkb-usw1b1-1a03ljxsekluj-b.us-west1-1.prod.colab.dev, host=gpu-t4-s-kkb-usw1b1-1a03ljxsekluj.us-west1-b.c.codatalab-user-runtimes.internal:8007
2026-08-28 07:29:12.803 Rejecting WebSocket connection with disallowed Origin or Host header: origin=https://8501-gpu-t4-s-kkb-usw1b1-1a03ljxsekluj-b.us-west1-1.prod.colab.dev, host=gpu-t4-s-kkb-usw1b1-1a03ljxsekluj.us-west1-b.c.codatalab-user-runtimes.internal:8007
2026-08-28 07:29:21.265 Rejecting WebSocket connection with disallowed Origin or Host header: origin=https://8501-gpu-t4-s-kkb-usw1b1-1a03ljxsekluj-b.us-west1-1.prod.colab.dev, host=gpu-t4-s-kkb-usw1b1-1a03ljxsekluj.us-west1-b.c.codatalab-user-runtimes.internal:8007
2026-08-28 07:29:26.898 Rejecting WebSocket connection with disallowed Origin or Host header: origin=https://8501-gpu-t4-s-kkb-usw1b1-1a03ljxsekluj-b.us-west1-1.prod.colab.dev, host=gpu-t4-s-kkb-usw1b1-1a03ljxsekluj.us-west1-b.c.codatalab-user-runtimes.internal:8007
2026-08-28 07:29:35.929 Rejecting WebSocket connection with disallowed Origin or Host header: origin=https://8501-gpu-t4-s-kkb-usw1b1-1a03ljxsekluj-b.us-west1-1.prod.colab.dev, host=gpu-t4-s-kkb-usw1b1-1a03ljxsekluj.us-west1-b.c.codatalab-user-runtimes.internal:8007
2026-08-28 07:29:45.995 Rejecting WebSocket connection with disallowed Origin or Host header: origin=https://8501-gpu-t4-s-kkb-usw1b1-1a03ljxsekluj-b.us-west1-1.prod.colab.dev, host=gpu-t4-s-kkb-usw1b1-1a03ljxsekluj.us-west1-b.c.codatalab-user-runtimes.internal:8007
2026-08-28 07:29:51.298 Rejecting WebSocket connection with disallowed Origin or Host header: origin=https://8501-gpu-t4-s-kkb-usw1b1-1a03ljxsekluj-b.us-west1-1.prod.colab.dev, host=gpu-t4-s-kkb-usw1b1-1a03ljxsekluj.us-west1-b.c.codatalab-user-runtimes.internal:8007
2026-08-28 07:30:00.313 Rejecting WebSocket connection with disallowed Origin or Host header: origin=https://8501-gpu-t4-s-kkb-usw1b1-1a03ljxsekluj-b.us-west1-1.prod.colab.dev, host=gpu-t4-s-kkb-usw1b1-1a03ljxsekluj.us-west1-b.c.codatalab-user-runtimes.internal:8007
2026-08-28 07:30:05.458 Rejecting WebSocket connection with disallowed Origin or Host header: origin=https://8501-gpu-t4-s-kkb-usw1b1-1a03ljxsekluj-b.us-west1-1.prod.colab.dev, host=gpu-t4-s-kkb-usw1b1-1a03ljxsekluj.us-west1-b.c.codatalab-user-runtimes.internal:8007
2026-08-28 07:30:10.583 Rejecting WebSocket connection with disallowed Origin or Host header: origin=https://8501-gpu-t4-s-kkb-usw1b1-1a03ljxsekluj-b.us-west1-1.prod.colab.dev, host=gpu-t4-s-kkb-usw1b1-1a03ljxsekluj.us-west1-b.c.codatalab-user-runtimes.internal:8007
2026-08-28 07:30:19.985 Rejecting WebSocket connection with disallowed Origin or Host header: origin=https://8501-gpu-t4-s-kkb-usw1b1-1a03ljxsekluj-b.us-west1-1.prod.colab.dev, host=gpu-t4-s-kkb-usw1b1-1a03ljxsekluj.us-west1-b.c.codatalab-user-runtimes.internal:8007
2026-08-28 07:30:24.855 Rejecting WebSocket connection with disallowed Origin or Host header: origin=https://8501-gpu-t4-s-kkb-usw1b1-1a03ljxsekluj-b.us-west1-1.prod.colab.dev, host=gpu-t4-s-kkb-usw1b1-1a03ljxsekluj.us-west1-b.c.codatalab-user-runtimes.internal:8007
2026-08-28 07:30:27.858 Rejecting WebSocket connection with disallowed Origin or Host header: origin=https://8501-gpu-t4-s-kkb-usw1b1-1a03ljxsekluj-b.us-west1-1.prod.colab.dev, host=gpu-t4-s-kkb-usw1b1-1a03ljxsekluj.us-west1-b.c.codatalab-user-runtimes.internal:8007
2026-08-28 07:30:39.971 Rejecting WebSocket connection with disallowed Origin or Host header: origin=https://8501-gpu-t4-s-kkb-usw1b1-1a03ljxsekluj-b.us-west1-1.prod.colab.dev, host=gpu-t4-s-kkb-usw1b1-1a03ljxsekluj.us-west1-b.c.codatalab-user-runtimes.internal:8007
2026-08-28 07:30:43.906 Rejecting WebSocket connection with disallowed Origin or Host header: origin=https://8501-gpu-t4-s-kkb-usw1b1-1a03ljxsekluj-b.us-west1-1.prod.colab.dev, host=gpu-t4-s-kkb-usw1b1-1a03ljxsekluj.us-west1-b.c.codatalab-user-runtimes.internal:8007
2026-08-28 07:30:48.966 Rejecting WebSocket connection with disallowed Origin or Host header: origin=https://8501-gpu-t4-s-kkb-usw1b1-1a03ljxsekluj-b.us-west1-1.prod.colab.dev, host=gpu-t4-s-kkb-usw1b1-1a03ljxsekluj.us-west1-b.c.codatalab-user-runtimes.internal:8007
2026-08-28 07:30:52.341 Rejecting WebSocket connection with disallowed Origin or Host header: origin=https://8501-gpu-t4-s-kkb-usw1b1-1a03ljxsekluj-b.us-west1-1.prod.colab.dev, host=gpu-t4-s-kkb-usw1b1-1a03ljxsekluj.us-west1-b.c.codatalab-user-runtimes.internal:8007
2026-08-28 07:30:57.126 Rejecting WebSocket connection with disallowed Origin or Host header: origin=https://8501-gpu-t4-s-kkb-usw1b1-1a03ljxsekluj-b.us-west1-1.prod.colab.dev, host=gpu-t4-s-kkb-usw1b1-1a03ljxsekluj.us-west1-b.c.codatalab-user-runtimes.internal:8007
2026-08-28 07:31:00.976 Rejecting WebSocket connection with disallowed Origin or Host header: origin=https://8501-gpu-t4-s-kkb-usw1b1-1a03ljxsekluj-b.us-west1-1.prod.colab.dev, host=gpu-t4-s-kkb-usw1b1-1a03ljxsekluj.us-west1-b.c.codatalab-user-runtimes.internal:8007
2026-08-28 07:31:06.597 Rejecting WebSocket connection with disallowed Origin or Host header: origin=https://8501-gpu-t4-s-kkb-usw1b1-1a03ljxsekluj-b.us-west1-1.prod.colab.dev, host=gpu-t4-s-kkb-usw1b1-1a03ljxsekluj.us-west1-b.c.codatalab-user-runtimes.internal:8007
2026-08-28 07:31:12.065 Rejecting WebSocket connection with disallowed Origin or Host header: origin=https://8501-gpu-t4-s-kkb-usw1b1-1a03ljxsekluj-b.us-west1-1.prod.colab.dev, host=gpu-t4-s-kkb-usw1b1-1a03ljxsekluj.us-west1-b.c.codatalab-user-runtimes.internal:8007
2026-08-28 07:31:17.854 Rejecting WebSocket connection with disallowed Origin or Host header: origin=https://8501-gpu-t4-s-kkb-usw1b1-1a03ljxsekluj-b.us-west1-1.prod.colab.dev, host=gpu-t4-s-kkb-usw1b1-1a03ljxsekluj.us-west1-b.c.codatalab-user-runtimes.internal:8007
2026-08-28 07:31:26.569 Rejecting WebSocket connection with disallowed Origin or Host header: origin=https://8501-gpu-t4-s-kkb-usw1b1-1a03ljxsekluj-b.us-west1-1.prod.colab.dev, host=gpu-t4-s-kkb-usw1b1-1a03ljxsekluj.us-west1-b.c.codatalab-user-runtimes.internal:8007
2026-08-28 07:31:33.211 Rejecting WebSocket connection with disallowed Origin or Host header: origin=https://8501-gpu-t4-s-kkb-usw1b1-1a03ljxsekluj-b.us-west1-1.prod.colab.dev, host=gpu-t4-s-kkb-usw1b1-1a03ljxsekluj.us-west1-b.c.codatalab-user-runtimes.internal:8007
2026-08-28 07:31:43.353 Rejecting WebSocket connection with disallowed Origin or Host header: origin=https://8501-gpu-t4-s-kkb-usw1b1-1a03ljxsekluj-b.us-west1-1.prod.colab.dev, host=gpu-t4-s-kkb-usw1b1-1a03ljxsekluj.us-west1-b.c.codatalab-user-runtimes.internal:8007
2026-08-28 07:31:51.360 Rejecting WebSocket connection with disallowed Origin or Host header: origin=https://8501-gpu-t4-s-kkb-usw1b1-1a03ljxsekluj-b.us-west1-1.prod.colab.dev, host=gpu-t4-s-kkb-usw1b1-1a03ljxsekluj.us-west1-b.c.codatalab-user-runtimes.internal:8007
2026-08-28 07:31:58.195 Rejecting WebSocket connection with disallowed Origin or Host header: origin=https://8501-gpu-t4-s-kkb-usw1b1-1a03ljxsekluj-b.us-west1-1.prod.colab.dev, host=gpu-t4-s-kkb-usw1b1-1a03ljxsekluj.us-west1-b.c.codatalab-user-runtimes.internal:8007
2026-08-28 07:32:06.081 Rejecting WebSocket connection with disallowed Origin or Host header: origin=https://8501-gpu-t4-s-kkb-usw1b1-1a03ljxsekluj-b.us-west1-1.prod.colab.dev, host=gpu-t4-s-kkb-usw1b1-1a03ljxsekluj.us-west1-b.c.codatalab-user-runtimes.internal:8007
2026-08-28 07:32:13.732 Rejecting WebSocket connection with disallowed Origin or Host header: origin=https://8501-gpu-t4-s-kkb-usw1b1-1a03ljxsekluj-b.us-west1-1.prod.colab.dev, host=gpu-t4-s-kkb-usw1b1-1a03ljxsekluj.us-west1-b.c.codatalab-user-runtimes.internal:8007
2026-08-28 07:32:20.720 Rejecting WebSocket connection with disallowed Origin or Host header: origin=https://8501-gpu-t4-s-kkb-usw1b1-1a03ljxsekluj-b.us-west1-1.prod.colab.dev, host=gpu-t4-s-kkb-usw1b1-1a03ljxsekluj.us-west1-b.c.codatalab-user-runtimes.internal:8007
2026-08-28 07:32:29.947 Rejecting WebSocket connection with disallowed Origin or Host header: origin=https://8501-gpu-t4-s-kkb-usw1b1-1a03ljxsekluj-b.us-west1-1.prod.colab.dev, host=gpu-t4-s-kkb-usw1b1-1a03ljxsekluj.us-west1-b.c.codatalab-user-runtimes.internal:8007
2026-08-28 07:32:37.550 Rejecting WebSocket connection with disallowed Origin or Host header: origin=https://8501-gpu-t4-s-kkb-usw1b1-1a03ljxsekluj-b.us-west1-1.prod.colab.dev, host=gpu-t4-s-kkb-usw1b1-1a03ljxsekluj.us-west1-b.c.codatalab-user-runtimes.internal:8007
2026-08-28 07:32:45.668 Rejecting WebSocket connection with disallowed Origin or Host header: origin=https://8501-gpu-t4-s-kkb-usw1b1-1a03ljxsekluj-b.us-west1-1.prod.colab.dev, host=gpu-t4-s-kkb-usw1b1-1a03ljxsekluj.us-west1-b.c.codatalab-user-runtimes.internal:8007
2026-08-28 07:32:54.320 Rejecting WebSocket connection with disallowed Origin or Host header: origin=https://8501-gpu-t4-s-kkb-usw1b1-1a03ljxsekluj-b.us-west1-1.prod.colab.dev, host=gpu-t4-s-kkb-usw1b1-1a03ljxsekluj.us-west1-b.c.codatalab-user-runtimes.internal:8007
2026-08-28 07:33:11.227 Rejecting WebSocket connection with disallowed Origin or Host header: origin=https://8501-gpu-t4-s-kkb-usw1b1-1a03ljxsekluj-b.us-west1-1.prod.colab.dev, host=gpu-t4-s-kkb-usw1b1-1a03ljxsekluj.us-west1-b.c.codatalab-user-runtimes.internal:8007
2026-08-28 07:33:19.119 Rejecting WebSocket connection with disallowed Origin or Host header: origin=https://8501-gpu-t4-s-kkb-usw1b1-1a03ljxsekluj-b.us-west1-1.prod.colab.dev, host=gpu-t4-s-kkb-usw1b1-1a03ljxsekluj.us-west1-b.c.codatalab-user-runtimes.internal:8007
2026-08-28 07:33:27.230 Rejecting WebSocket connection with disallowed Origin or Host header: origin=https://8501-gpu-t4-s-kkb-usw1b1-1a03ljxsekluj-b.us-west1-1.prod.colab.dev, host=gpu-t4-s-kkb-usw1b1-1a03ljxsekluj.us-west1-b.c.codatalab-user-runtimes.internal:8007
2026-08-28 07:33:31.806 Rejecting WebSocket connection with disallowed Origin or Host header: origin=https://8501-gpu-t4-s-kkb-usw1b1-1a03ljxsekluj-b.us-west1-1.prod.colab.dev, host=gpu-t4-s-kkb-usw1b1-1a03ljxsekluj.us-west1-b.c.codatalab-user-runtimes.internal:8007
2026-08-28 07:33:43.146 Rejecting WebSocket connection with disallowed Origin or Host header: origin=https://8501-gpu-t4-s-kkb-usw1b1-1a03ljxsekluj-b.us-west1-1.prod.colab.dev, host=gpu-t4-s-kkb-usw1b1-1a03ljxsekluj.us-west1-b.c.codatalab-user-runtimes.internal:8007
2026-08-28 07:33:52.005 Rejecting WebSocket connection with disallowed Origin or Host header: origin=https://8501-gpu-t4-s-kkb-usw1b1-1a03ljxsekluj-b.us-west1-1.prod.colab.dev, host=gpu-t4-s-kkb-usw1b1-1a03ljxsekluj.us-west1-b.c.codatalab-user-runtimes.internal:8007
2026-08-28 07:33:56.783 Rejecting WebSocket connection with disallowed Origin or Host header: origin=https://8501-gpu-t4-s-kkb-usw1b1-1a03ljxsekluj-b.us-west1-1.prod.colab.dev, host=gpu-t4-s-kkb-usw1b1-1a03ljxsekluj.us-west1-b.c.codatalab-user-runtimes.internal:8007
2026-08-28 07:34:04.164 Rejecting WebSocket connection with disallowed Origin or Host header: origin=https://8501-gpu-t4-s-kkb-usw1b1-1a03ljxsekluj-b.us-west1-1.prod.colab.dev, host=gpu-t4-s-kkb-usw1b1-1a03ljxsekluj.us-west1-b.c.codatalab-user-runtimes.internal:8007
2026-08-28 07:34:10.819 Rejecting WebSocket connection with disallowed Origin or Host header: origin=https://8501-gpu-t4-s-kkb-usw1b1-1a03ljxsekluj-b.us-west1-1.prod.colab.dev, host=gpu-t4-s-kkb-usw1b1-1a03ljxsekluj.us-west1-b.c.codatalab-user-runtimes.internal:8007
2026-08-28 07:34:18.240 Rejecting WebSocket connection with disallowed Origin or Host header: origin=https://8501-gpu-t4-s-kkb-usw1b1-1a03ljxsekluj-b.us-west1-1.prod.colab.dev, host=gpu-t4-s-kkb-usw1b1-1a03ljxsekluj.us-west1-b.c.codatalab-user-runtimes.internal:8007
2026-08-28 07:34:23.028 Rejecting WebSocket connection with disallowed Origin or Host header: origin=https://8501-gpu-t4-s-kkb-usw1b1-1a03ljxsekluj-b.us-west1-1.prod.colab.dev, host=gpu-t4-s-kkb-usw1b1-1a03ljxsekluj.us-west1-b.c.codatalab-user-runtimes.internal:8007
2026-08-28 07:34:30.211 Rejecting WebSocket connection with disallowed Origin or Host header: origin=https://8501-gpu-t4-s-kkb-usw1b1-1a03ljxsekluj-b.us-west1-1.prod.colab.dev, host=gpu-t4-s-kkb-usw1b1-1a03ljxsekluj.us-west1-b.c.codatalab-user-runtimes.internal:8007
2026-08-28 07:34:37.288 Rejecting WebSocket connection with disallowed Origin or Host header: origin=https://8501-gpu-t4-s-kkb-usw1b1-1a03ljxsekluj-b.us-west1-1.prod.colab.dev, host=gpu-t4-s-kkb-usw1b1-1a03ljxsekluj.us-west1-b.c.codatalab-user-runtimes.internal:8007
2026-08-28 07:34:46.481 Rejecting WebSocket connection with disallowed Origin or Host header: origin=https://8501-gpu-t4-s-kkb-usw1b1-1a03ljxsekluj-b.us-west1-1.prod.colab.dev, host=gpu-t4-s-kkb-usw1b1-1a03ljxsekluj.us-west1-b.c.codatalab-user-runtimes.internal:8007
2026-08-28 07:34:53.265 Rejecting WebSocket connection with disallowed Origin or Host header: origin=https://8501-gpu-t4-s-kkb-usw1b1-1a03ljxsekluj-b.us-west1-1.prod.colab.dev, host=gpu-t4-s-kkb-usw1b1-1a03ljxsekluj.us-west1-b.c.codatalab-user-runtimes.internal:8007
2026-08-28 07:35:01.171 Rejecting WebSocket connection with disallowed Origin or Host header: origin=https://8501-gpu-t4-s-kkb-usw1b1-1a03ljxsekluj-b.us-west1-1.prod.colab.dev, host=gpu-t4-s-kkb-usw1b1-1a03ljxsekluj.us-west1-b.c.codatalab-user-runtimes.internal:8007
2026-08-28 07:35:09.413 Rejecting WebSocket connection with disallowed Origin or Host header: origin=https://8501-gpu-t4-s-kkb-usw1b1-1a03ljxsekluj-b.us-west1-1.prod.colab.dev, host=gpu-t4-s-kkb-usw1b1-1a03ljxsekluj.us-west1-b.c.codatalab-user-runtimes.internal:8007
2026-08-28 07:35:16.766 Rejecting WebSocket connection with disallowed Origin or Host header: origin=https://8501-gpu-t4-s-kkb-usw1b1-1a03ljxsekluj-b.us-west1-1.prod.colab.dev, host=gpu-t4-s-kkb-usw1b1-1a03ljxsekluj.us-west1-b.c.codatalab-user-runtimes.internal:8007
2026-08-28 07:35:24.457 Rejecting WebSocket connection with disallowed Origin or Host header: origin=https://8501-gpu-t4-s-kkb-usw1b1-1a03ljxsekluj-b.us-west1-1.prod.colab.dev, host=gpu-t4-s-kkb-usw1b1-1a03ljxsekluj.us-west1-b.c.codatalab-user-runtimes.internal:8007
2026-08-28 07:35:29.459 Rejecting WebSocket connection with disallowed Origin or Host header: origin=https://8501-gpu-t4-s-kkb-usw1b1-1a03ljxsekluj-b.us-west1-1.prod.colab.dev, host=gpu-t4-s-kkb-usw1b1-1a03ljxsekluj.us-west1-b.c.codatalab-user-runtimes.internal:8007
2026-08-28 07:35:40.567 Rejecting WebSocket connection with disallowed Origin or Host header: origin=https://8501-gpu-t4-s-kkb-usw1b1-1a03ljxsekluj-b.us-west1-1.prod.colab.dev, host=gpu-t4-s-kkb-usw1b1-1a03ljxsekluj.us-west1-b.c.codatalab-user-runtimes.internal:8007
2026-08-28 07:35:48.080 Rejecting WebSocket connection with disallowed Origin or Host header: origin=https://8501-gpu-t4-s-kkb-usw1b1-1a03ljxsekluj-b.us-west1-1.prod.colab.dev, host=gpu-t4-s-kkb-usw1b1-1a03ljxsekluj.us-west1-b.c.codatalab-user-runtimes.internal:8007
2026-08-28 07:35:52.086 Rejecting WebSocket connection with disallowed Origin or Host header: origin=https://8501-gpu-t4-s-kkb-usw1b1-1a03ljxsekluj-b.us-west1-1.prod.colab.dev, host=gpu-t4-s-kkb-usw1b1-1a03ljxsekluj.us-west1-b.c.codatalab-user-runtimes.internal:8007
2026-08-28 07:35:56.088 Rejecting WebSocket connection with disallowed Origin or Host header: origin=https://8501-gpu-t4-s-kkb-usw1b1-1a03ljxsekluj-b.us-west1-1.prod.colab.dev, host=gpu-t4-s-kkb-usw1b1-1a03ljxsekluj.us-west1-b.c.codatalab-user-runtimes.internal:8007
