r_mean,g_mean,b_mean,r_std,g_std,b_std,h_mean,s_mean,v_mean,excess_green,brightness_mean,contrast_std,laplacian_variance,entropy,edge_density,target_real
0.4521710276603699,0.5229750275611877,0.35471010208129883,0.12803804874420166,0.11697521805763245,0.19219695031642914,88.38803100585938,0.3188479542732239,0.5233672261238098,0.2390689104795456,0.4826224744319916,0.11354190856218338,164.70258524641395,6.680124860119905,0.034210205078125,Tomato___Tomato_Yellow_Leaf_Curl_Virus
0.4708172082901001,0.4684996008872986,0.43936556577682495,0.23001135885715485,0.17507246136665344,0.22164560854434967,17.02276611328125,0.21678030490875244,0.50246262550354,0.02681639976799488,0.46587127447128296,0.19566330313682556,5752.864409237867,7.296521323232996,0.1934661865234375,Tomato___Septoria_leaf_spot
0.4353378415107727,0.3968806862831116,0.37285882234573364,0.14891785383224487,0.1419086903333664,0.12006086111068726,277.01348876953125,0.3122413456439972,0.47488081455230713,-0.014435289427638054,0.40564092993736267,0.1254206895828247,1703.2482805512846,6.8374940276811245,0.0502166748046875,Tomato___Septoria_leaf_spot
0.49769458174705505,0.4935092329978943,0.4700818657875061,0.18781733512878418,0.18505382537841797,0.20600689947605133,342.8640441894531,0.18338654935359955,0.5203748941421509,0.019242050126194954,0.4920898973941803,0.18623611330986023,16640.595101899467,7.492174090579323,0.3229827880859375,Tomato___healthy
0.4969130754470825,0.44742435216903687,0.37103915214538574,0.19890524446964264,0.16268570721149445,0.18231530487537384,37.45947265625,0.3367595374584198,0.5143574476242065,0.026896459981799126,0.4535135328769684,0.17307521402835846,9425.392197690671,7.389387570583943,0.2603607177734375,Tomato___Spider_mites Two-spotted_spider_mite
0.463296115398407,0.43465882539749146,0.40281161665916443,0.08860697597265244,0.09483487904071808,0.10438819974660873,335.8504638671875,0.19534578919410706,0.4743533134460449,0.0032099084928631783,0.43959078192710876,0.08483273535966873,1407.2289769910276,6.349746515109526,0.057708740234375,Tomato___Late_blight
0.5002516508102417,0.5251468420028687,0.5042375326156616,0.2113165557384491,0.19135607779026031,0.24212130904197693,212.67056274414062,0.20639529824256897,0.5579197406768799,0.04580449312925339,0.5153195261955261,0.20079560577869415,6285.769807075849,7.490210223482409,0.177978515625,Tomato___Target_Spot
0.35683709383010864,0.41142338514328003,0.36670273542404175,0.20122486352920532,0.1663549691438675,0.19871747493743896,142.51327514648438,0.2559938132762909,0.4245397746562958,0.09930701553821564,0.39000391960144043,0.17740824818611145,4779.328032281017,7.399540046362704,0.1763153076171875,Tomato___Late_blight
0.5258570313453674,0.5118735432624817,0.49712201952934265,0.11847566813230515,0.1132725179195404,0.13116629421710968,324.9317626953125,0.12194357812404633,0.5390865206718445,0.0007680263370275497,0.5143730044364929,0.11287235468626022,858.4885705129709,6.72674151653125,0.0403289794921875,Tomato___Late_blight
0.506487250328064,0.5063560009002686,0.467379093170166,0.18976081907749176,0.15147849917411804,0.20317107439041138,10.86572265625,0.2004164159297943,0.5352257490158081,0.03884559124708176,0.5019518733024597,0.16695760190486908,4755.722570759943,7.245257458818962,0.14678955078125,Tomato___Spider_mites Two-spotted_spider_mite
0.5178981423377991,0.5076004862785339,0.48128825426101685,0.1976586878299713,0.1720443218946457,0.20367726683616638,3.6790771484375,0.19432798027992249,0.5437562465667725,0.01601460948586464,0.5076799392700195,0.18038171529769897,6846.103357043117,7.368993172286425,0.192291259765625,Tomato___Early_blight
0.41073623299598694,0.47820693254470825,0.31317445635795593,0.10039687156677246,0.10178834199905396,0.1363154649734497,76.07452392578125,0.330443412065506,0.47944504022598267,0.23250320553779602,0.43921953439712524,0.09108109027147293,81.43644738174044,6.488677177831221,0.019866943359375,Tomato___Tomato_Yellow_Leaf_Curl_Virus
0.29232218861579895,0.3646259307861328,0.4155653715133667,0.1089036837220192,0.12110494822263718,0.16623321175575256,188.59848022460938,0.3771648705005646,0.4527800381183624,0.02136434055864811,0.3488142192363739,0.11617206037044525,1517.2470507004764,6.880343878162402,0.1062469482421875,Tomato___Leaf_Mold
0.46415191888809204,0.47217363119125366,0.4055739939212799,0.19554071128368378,0.18246687948703766,0.22255341708660126,5.38934326171875,0.28135034441947937,0.49868255853652954,0.0746212899684906,0.46218276023864746,0.18634290993213654,10334.388354964321,7.509961498460123,0.2609710693359375,Tomato___Spider_mites Two-spotted_spider_mite
0.44280755519866943,0.4237651824951172,0.3735019564628601,0.1723121851682663,0.12463033199310303,0.1687854379415512,29.469024658203125,0.2604781985282898,0.47011417150497437,0.031220857053995132,0.4237288236618042,0.14091356098651886,2837.551792106591,7.116716840778155,0.1350860595703125,Tomato___Tomato_Yellow_Leaf_Curl_Virus
0.41020482778549194,0.43671393394470215,0.3811945617198944,0.12851348519325256,0.0928870439529419,0.16478471457958221,299.5058898925781,0.25428107380867004,0.46405720710754395,0.08202856779098511,0.4224585294723511,0.1042080894112587,451.3681448837742,6.720030703593671,0.040557861328125,Tomato___Tomato_Yellow_Leaf_Curl_Virus
0.40719443559646606,0.44102418422698975,0.38977694511413574,0.16025154292583466,0.10287448018789291,0.1760377734899521,326.64752197265625,0.23005102574825287,0.4585917592048645,0.08507703244686127,0.42506688833236694,0.12439210712909698,1051.7872576022055,6.742548122316125,0.0617828369140625,Tomato___Tomato_Yellow_Leaf_Curl_Virus
0.49135252833366394,0.5052658319473267,0.476165771484375,0.20977260172367096,0.1833767145872116,0.23190924525260925,328.4860534667969,0.20654639601707458,0.5302542448043823,0.04301338642835617,0.49778836965560913,0.1948869824409485,7761.289988092845,7.410946746862059,0.211212158203125,Tomato___Target_Spot
0.4724213480949402,0.49571484327316284,0.46020060777664185,0.211870938539505,0.1822984665632248,0.2358255684375763,279.45855712890625,0.23306173086166382,0.5219995975494385,0.058807674795389175,0.4847014546394348,0.1945488154888153,8191.686080787098,7.477914462889485,0.2312164306640625,Tomato___Target_Spot
0.4989791810512543,0.503919243812561,0.4567447900772095,0.18600313365459442,0.1400127410888672,0.19774995744228363,15.0845947265625,0.20715633034706116,0.5339298248291016,0.052114568650722504,0.4970642924308777,0.15781542658805847,3654.7449106813874,7.2811466510194425,0.1039581298828125,Tomato___Spider_mites Two-spotted_spider_mite
0.480139821767807,0.46423742175102234,0.41227981448173523,0.2054629921913147,0.16243329644203186,0.2041788250207901,24.216064453125,0.23934787511825562,0.5059415102005005,0.03605520725250244,0.4630690813064575,0.17750877141952515,3867.4765407775994,7.26574886855036,0.1456146240234375,Tomato___Leaf_Mold
0.4379556179046631,0.510260820388794,0.35137078166007996,0.1410398781299591,0.1137596070766449,0.1969054490327835,87.86221313476562,0.32688605785369873,0.5109630823135376,0.23119531571865082,0.47052815556526184,0.1206410750746727,58.685251926770434,6.86814039118647,0.0199432373046875,Tomato___Tomato_Yellow_Leaf_Curl_Virus
0.48165419697761536,0.47057753801345825,0.4370028078556061,0.1847766935825348,0.1425962597131729,0.19324375689029694,12.5550537109375,0.20210839807987213,0.5045262575149536,0.022498033940792084,0.47006192803382874,0.15956775844097137,4629.995697028004,7.194300890298724,0.150390625,Tomato___Septoria_leaf_spot
0.5371440649032593,0.49229198694229126,0.4389895796775818,0.24143005907535553,0.22396977245807648,0.23829488456249237,26.563629150390625,0.26333853602409363,0.5466915369033813,0.008450380526483059,0.4996263086795807,0.22912757098674774,2788.382536502322,7.40421716518215,0.11083984375,Tomato___Late_blight
0.500115156173706,0.49365606904029846,0.3157636523246765,0.11433907598257065,0.120029978454113,0.14529463648796082,32.417388916015625,0.4051586389541626,0.5271925926208496,0.17143335938453674,0.4753076434135437,0.10603652894496918,447.6746976522263,6.69486937122829,0.0340118408203125,Tomato___Septoria_leaf_spot
0.38416606187820435,0.416166216135025,0.3601454496383667,0.16415321826934814,0.12360328435897827,0.16786086559295654,46.413970947265625,0.2154935896396637,0.42986470460891724,0.08802089095115662,0.40021178126335144,0.1383393555879593,1104.9767235384788,6.904546276559137,0.0544281005859375,Tomato___Bacterial_spot
0.42745810747146606,0.419196218252182,0.3979596495628357,0.10395249724388123,0.11909663677215576,0.1422947198152542,260.3148498535156,0.3153601288795471,0.48973944783210754,0.012974701821804047,0.41924557089805603,0.09959936887025833,1213.3869627974927,6.626791611243634,0.0350494384765625,Tomato___Septoria_leaf_spot
0.5310051441192627,0.5698992609977722,0.37934714555740356,0.09116750955581665,0.11178833246231079,0.15993764996528625,76.18902587890625,0.30435362458229065,0.5711222887039185,0.22944635152816772,0.536547064781189,0.09225691109895706,157.67357644066215,6.4855055746290695,0.0244293212890625,Tomato___Tomato_Yellow_Leaf_Curl_Virus
0.4507208466529846,0.4628744125366211,0.4219192862510681,0.19347427785396576,0.1885891854763031,0.20749878883361816,31.579193115234375,0.20468343794345856,0.48158127069473267,0.053108785301446915,0.45457160472869873,0.19002239406108856,14106.474816646427,7.465148852652177,0.2885589599609375,Tomato___healthy
0.4701419472694397,0.46162211894989014,0.3751561939716339,0.10469863563776016,0.09285011142492294,0.142343208193779,22.859619140625,0.25828760862350464,0.489973783493042,0.07794608175754547,0.45431244373321533,0.09391392767429352,1321.5314052065369,6.548328857886916,0.108367919921875,Tomato___Bacterial_spot
0.6836966276168823,0.7089530229568481,0.627596378326416,0.20495016872882843,0.14402441680431366,0.24241866171360016,14.78662109375,0.19679799675941467,0.7354553937911987,0.1066131666302681,0.6921267509460449,0.1695232093334198,7470.950138572371,7.22314114530424,0.20147705078125,Tomato___Septoria_leaf_spot
0.4341077506542206,0.43051183223724365,0.4258590638637543,0.16311490535736084,0.12602612376213074,0.15477976202964783,353.056884765625,0.14903457462787628,0.460111141204834,0.001056864857673645,0.4310566186904907,0.13883231580257416,2917.515078700846,7.0708432805577885,0.127105712890625,Tomato___Target_Spot
0.4547152519226074,0.43404290080070496,0.34301725029945374,0.20772255957126617,0.19171153008937836,0.20692580938339233,44.806671142578125,0.3581443428993225,0.47430211305618286,0.07035332173109055,0.42984700202941895,0.19567136466503143,7158.884532392025,7.419286905307876,0.2354888916015625,Tomato___Spider_mites Two-spotted_spider_mite
0.4598204791545868,0.47016263008117676,0.39056363701820374,0.16781094670295715,0.13943706452846527,0.1872991919517517,31.6826171875,0.24766115844249725,0.49167534708976746,0.08994105458259583,0.45799607038497925,0.14894355833530426,6311.105467673391,7.172093003371587,0.2722320556640625,Tomato___Tomato_Yellow_Leaf_Curl_Virus
0.44392311573028564,0.4700360596179962,0.4359542727470398,0.0985269695520401,0.10373858362436295,0.09843414276838303,262.7594909667969,0.11123107373714447,0.4817948341369629,0.06019473075866699,0.45834293961524963,0.09643086045980453,2893.198017901741,6.606969429982994,0.0755462646484375,Tomato___healthy
0.5157491564750671,0.49147799611091614,0.3968079090118408,0.2026391476392746,0.17811383306980133,0.21220237016677856,36.960205078125,0.3252885043621063,0.538364827632904,0.0703989714384079,0.4879426658153534,0.18534596264362335,8722.084398194915,7.435478864901199,0.2802581787109375,Tomato___Tomato_Yellow_Leaf_Curl_Virus
0.5226072072982788,0.5103180408477783,0.5092129707336426,0.1371280699968338,0.11170268058776855,0.1810292750597,290.5758056640625,0.21418721973896027,0.5653178691864014,-0.011184156872332096,0.5138665437698364,0.12045292556285858,1647.600260283798,6.62671346108994,0.0701904296875,Tomato___Septoria_leaf_spot
0.5074158906936646,0.4996882677078247,0.4638044536113739,0.16645579040050507,0.125065878033638,0.1732473224401474,10.71173095703125,0.18039971590042114,0.5363956689834595,0.02815617248415947,0.4979080855846405,0.1402273178100586,2835.0839462128934,7.096688099174115,0.0767669677734375,Tomato___Spider_mites Two-spotted_spider_mite
0.44980132579803467,0.45444732904434204,0.4033728837966919,0.17064131796360016,0.1745024025440216,0.18185892701148987,17.651519775390625,0.23207178711891174,0.48182210326194763,0.0557204894721508,0.44723570346832275,0.17041431367397308,7803.589538574219,7.163032298692066,0.258514404296875,Tomato___healthy
0.5051292181015015,0.5340543389320374,0.4751737415790558,0.16539576649665833,0.15285521745681763,0.2268749624490738,210.69627380371094,0.2714479863643646,0.5712665319442749,0.08780577778816223,0.5186933279037476,0.15943273901939392,5560.065938994056,7.153763203757162,0.1680145263671875,Tomato___Leaf_Mold
0.4973723888397217,0.4917767643928528,0.43791288137435913,0.163530170917511,0.15842726826667786,0.18510249257087708,3.19580078125,0.21146659553050995,0.5193745493888855,0.04826828092336655,0.48730939626693726,0.15873560309410095,9969.619023447623,7.264959508928004,0.2715301513671875,Tomato___Spider_mites Two-spotted_spider_mite
0.5139452815055847,0.5065962076187134,0.4431520104408264,0.1777377724647522,0.1619151532649994,0.19943867623806,21.1627197265625,0.22782695293426514,0.5369932055473328,0.05609507858753204,0.5015609264373779,0.1677861213684082,7646.566438890761,7.319355371458933,0.2231903076171875,Tomato___Spider_mites Two-spotted_spider_mite
0.43641340732574463,0.46419471502304077,0.4243474006652832,0.09938901662826538,0.1074976772069931,0.09794877469539642,309.88189697265625,0.11486189067363739,0.47368332743644714,0.0676286369562149,0.45134544372558594,0.10011863708496094,4419.841705679661,6.658600484025226,0.1226654052734375,Tomato___healthy
0.3897457420825958,0.4161382019519806,0.3290207087993622,0.19175498187541962,0.15816593170166016,0.188175231218338,50.320404052734375,0.30415382981300354,0.437078595161438,0.11350996047258377,0.3983154594898224,0.1675872951745987,167.45269659138285,7.0347884149201265,0.0733184814453125,Tomato___Tomato_Yellow_Leaf_Curl_Virus
0.35947710275650024,0.3770607113838196,0.32440102100372314,0.17106379568576813,0.12543103098869324,0.16508634388446808,48.343994140625,0.2602916359901428,0.40314140915870667,0.07024332880973816,0.36579999327659607,0.14097747206687927,1357.3935241764411,7.030545010429868,0.06024169921875,Tomato___Bacterial_spot
0.3948409855365753,0.40408456325531006,0.353138267993927,0.1720222532749176,0.12926054000854492,0.18386754393577576,16.819976806640625,0.2495114505290985,0.42782092094421387,0.060189880430698395,0.3955128788948059,0.1455533802509308,2566.601934298873,7.116108628744724,0.106719970703125,Tomato___Tomato_Yellow_Leaf_Curl_Virus
0.43000084161758423,0.4760087728500366,0.4287335276603699,0.0765763521194458,0.0774269625544548,0.07643859088420868,177.33349609375,0.13944010436534882,0.4853156805038452,0.09328319877386093,0.45686304569244385,0.07044501602649689,478.8830735569354,6.086758364659348,0.017974853515625,Tomato___healthy
0.35312479734420776,0.38741350173950195,0.3465753495693207,0.20119498670101166,0.15981954336166382,0.1855034977197647,87.3411865234375,0.23481634259223938,0.400495707988739,0.07512698322534561,0.37250563502311707,0.1740514487028122,1458.189547306858,7.151147596864991,0.0628204345703125,Tomato___Bacterial_spot
0.38889381289482117,0.41950923204421997,0.36173978447914124,0.17511121928691864,0.12675516307353973,0.18115456402301788,48.2818603515625,0.25513625144958496,0.44163233041763306,0.08838489651679993,0.40376952290534973,0.1444806456565857,806.9707438179757,7.055119924201955,0.0382232666015625,Tomato___Bacterial_spot
0.42917558550834656,0.3942369818687439,0.40836387872695923,0.1013198271393776,0.10381428152322769,0.128743514418602,274.9045104980469,0.26254209876060486,0.46862316131591797,-0.04906550049781799,0.4062940776348114,0.09265720099210739,2580.657424920937,6.538095885824076,0.08111572265625,Tomato___Septoria_leaf_spot
0.47698691487312317,0.49701425433158875,0.4546870291233063,0.16343264281749725,0.11276398599147797,0.18913960456848145,338.79010009765625,0.2428925335407257,0.5321738719940186,0.06235446780920029,0.486200749874115,0.1315281242132187,4288.174439759692,6.887483520715241,0.139404296875,Tomato___Septoria_leaf_spot
0.4647597670555115,0.4516936242580414,0.41669464111328125,0.18778127431869507,0.16282446682453156,0.20611980557441711,4.1595458984375,0.2508088946342468,0.490051805973053,0.021932857111096382,0.4516105353832245,0.17190413177013397,10304.316973281791,7.426915115995648,0.2714996337890625,Tomato___Target_Spot
0.3816051483154297,0.38129252195358276,0.3661715090274811,0.15874417126178741,0.12398945540189743,0.16528040170669556,332.3101501464844,0.20503546297550201,0.40880435705184937,0.01480832602828741,0.3796621859073639,0.13652631640434265,1695.3423344558105,7.023390530693193,0.0704498291015625,Tomato___Tomato_Yellow_Leaf_Curl_Virus
0.46127966046333313,0.49705231189727783,0.45294854044914246,0.17964498698711395,0.1346895843744278,0.17047230899333954,62.983428955078125,0.1863630712032318,0.5140787959098816,0.07987640798091888,0.48132845759391785,0.1495097130537033,1467.31060308218,7.074639883487019,0.0791168212890625,Tomato___Bacterial_spot
0.493208110332489,0.4707227051258087,0.4378049671649933,0.11274005472660065,0.1076013594865799,0.17086657881736755,310.4190979003906,0.2699320912361145,0.5250793695449829,0.010432275012135506,0.47369325160980225,0.10099852085113525,4466.54687385913,6.597396875976944,0.137908935546875,Tomato___Septoria_leaf_spot
0.4044521152973175,0.47147315740585327,0.3291489779949188,0.1639244258403778,0.13031195104122162,0.2108260989189148,84.96612548828125,0.34610795974731445,0.4719163775444031,0.20934520661830902,0.43520888686180115,0.1427900195121765,348.649855643278,6.982842405068051,0.063568115234375,Tomato___Tomato_Yellow_Leaf_Curl_Virus
0.39027199149131775,0.4111224114894867,0.36805665493011475,0.15030115842819214,0.09054247289896011,0.1673092097043991,346.08966064453125,0.2737587094306946,0.4448602795600891,0.06391619890928268,0.3999786376953125,0.11137711256742477,1193.2368919840083,6.732274511935377,0.0468597412109375,Tomato___Septoria_leaf_spot
0.5222415328025818,0.514237642288208,0.4888867735862732,0.20989124476909637,0.18026438355445862,0.2198610156774521,5.675506591796875,0.1657865345478058,0.5431410074234009,0.017347030341625214,0.5137407779693604,0.19231055676937103,3713.73115710821,7.476861935014317,0.140472412109375,Tomato___Spider_mites Two-spotted_spider_mite
0.38684898614883423,0.4140399694442749,0.3605996370315552,0.15491342544555664,0.10156790912151337,0.13910314440727234,54.530517578125,0.22104331851005554,0.4347153902053833,0.08063127100467682,0.39981767535209656,0.1190653070807457,942.6822193181142,6.779921095346449,0.0442962646484375,Tomato___Bacterial_spot
0.37152379751205444,0.39803624153137207,0.3854781985282898,0.15937788784503937,0.13738146424293518,0.1670583188533783,213.6480255126953,0.17441581189632416,0.4146076440811157,0.03907052055001259,0.38867735862731934,0.14523041248321533,1002.4439754036721,7.071430222196782,0.06524658203125,Tomato___Early_blight
0.42527562379837036,0.4627256393432617,0.3051092028617859,0.07781648635864258,0.09049124270677567,0.1334034651517868,63.40606689453125,0.3192604184150696,0.4644995927810669,0.19506652653217316,0.4335598647594452,0.07673253864049911,301.2610409995541,6.278035827095705,0.0266265869140625,Tomato___Bacterial_spot
0.4682060480117798,0.47078651189804077,0.41845011711120605,0.18819183111190796,0.19273114204406738,0.20194187760353088,20.002410888671875,0.2290840893983841,0.4933479130268097,0.05491674318909645,0.4640485942363739,0.18985041975975037,21509.211295112735,7.551843101562158,0.3419036865234375,Tomato___healthy
0.5286097526550293,0.5451270341873169,0.508934497833252,0.19252823293209076,0.15861566364765167,0.1862010806798935,40.09149169921875,0.14078035950660706,0.5646331310272217,0.05270978808403015,0.5360623598098755,0.17015540599822998,4198.041596282041,7.388045731516625,0.1390533447265625,Tomato___Early_blight
0.4400738477706909,0.4623616337776184,0.4496806561946869,0.16761577129364014,0.16517874598503113,0.19196578860282898,215.03013610839844,0.21692205965518951,0.5015203952789307,0.03496883809566498,0.4542519748210907,0.16567453742027283,16353.058708644472,7.354263233937981,0.32794189453125,Tomato___healthy
0.44841837882995605,0.46828094124794006,0.4271671175956726,0.16965359449386597,0.1704438328742981,0.22546841204166412,236.28883361816406,0.31124627590179443,0.5159386396408081,0.06097639352083206,0.45765501260757446,0.16979964077472687,5970.301858133636,7.31989477962639,0.183502197265625,Tomato___Leaf_Mold
0.4835221469402313,0.536217212677002,0.3511801064014435,0.10062941908836365,0.10621193796396255,0.16614563763141632,84.59585571289062,0.3149171471595764,0.5365065336227417,0.2377321869134903,0.4993671178817749,0.09126925468444824,94.45129386987537,6.440038505723041,0.010955810546875,Tomato___Tomato_Yellow_Leaf_Curl_Virus
0.08551539480686188,0.10576669126749039,0.0740448608994484,0.16437429189682007,0.19852739572525024,0.1423492133617401,19.632293701171875,0.15758517384529114,0.10624413192272186,0.05197310820221901,0.09609527885913849,0.18138843774795532,468.4327392578125,2.8401853411172078,0.029876708984375,Tomato___Late_blight
0.4224812984466553,0.4368966817855835,0.3939213752746582,0.20182070136070251,0.1637543886899948,0.18554845452308655,37.42742919921875,0.20238183438777924,0.46052947640419006,0.05739063769578934,0.42768728733062744,0.17536596953868866,400.35062970011495,6.964028003203149,0.084747314453125,Tomato___Tomato_Yellow_Leaf_Curl_Virus
0.3956822156906128,0.4074026048183441,0.3629118502140045,0.16309772431850433,0.12518994510173798,0.16339103877544403,39.1524658203125,0.21999403834342957,0.433840811252594,0.05621116980910301,0.3988262712955475,0.1382291465997696,816.2803550472017,6.919256969685547,0.05645751953125,Tomato___Bacterial_spot
0.4251307547092438,0.4577691853046417,0.4237760007381439,0.1025988832116127,0.10404025763273239,0.10736359655857086,239.55673217773438,0.13512712717056274,0.47324010729789734,0.06663148105144501,0.44413504004478455,0.09801171720027924,3505.7738915716764,6.639809612045147,0.0859832763671875,Tomato___healthy
0.4297534227371216,0.4425053894519806,0.3863997757434845,0.15385307371616364,0.11355917155742645,0.18228743970394135,359.1576232910156,0.23017734289169312,0.4634731113910675,0.06885753571987152,0.4322965443134308,0.12882938981056213,1769.4479670375586,6.956139687189841,0.0898284912109375,Tomato___Tomato_Yellow_Leaf_Curl_Virus
0.47924044728279114,0.47379037737846375,0.4531930088996887,0.09387405961751938,0.0988006517291069,0.11205875873565674,291.7011413574219,0.1719626784324646,0.5094066858291626,0.015147311612963676,0.4730718433856964,0.08986037969589233,880.4809236486908,6.414562954660388,0.0450897216796875,Tomato___Late_blight
0.4296119213104248,0.4685893952846527,0.423997700214386,0.07901951670646667,0.0795784741640091,0.0854361355304718,204.3310089111328,0.11575156450271606,0.4748917520046234,0.08356916159391403,0.45185166597366333,0.07407219707965851,3855.2659475018736,6.269380101148476,0.10357666015625,Tomato___healthy
0.45392531156539917,0.4608171880245209,0.4626663029193878,0.18264296650886536,0.18459400534629822,0.20453786849975586,214.66612243652344,0.2097916603088379,0.503865659236908,0.005042759235948324,0.45896726846694946,0.1841779202222824,16645.65384566947,7.430683940688156,0.3255462646484375,Tomato___healthy
0.3162178099155426,0.3330381512641907,0.28532010316848755,0.16256918013095856,0.12422291189432144,0.15725137293338776,35.504486083984375,0.256070613861084,0.35258400440216064,0.0645383968949318,0.32256901264190674,0.136831134557724,1205.7083391451743,7.085978474915268,0.071685791015625,Tomato___Tomato_Yellow_Leaf_Curl_Virus
0.3712107539176941,0.39143824577331543,0.33083903789520264,0.1858915239572525,0.14397650957107544,0.18845981359481812,38.63433837890625,0.27286964654922485,0.41128072142601013,0.08082664757966995,0.378481924533844,0.1588333547115326,2396.0301162861288,7.2275179447871185,0.1220550537109375,Tomato___Tomato_Yellow_Leaf_Curl_Virus
0.5137326121330261,0.5077964067459106,0.47610998153686523,0.1922728717327118,0.1541922688484192,0.19459432363510132,16.2113037109375,0.17722442746162415,0.5415276288986206,0.025750255212187767,0.5059590935707092,0.1683264672756195,4207.659356957069,7.301453185070708,0.131591796875,Tomato___Target_Spot
0.4230539798736572,0.44218412041664124,0.42749711871147156,0.19454185664653778,0.19423285126686096,0.21849462389945984,142.009765625,0.21861951053142548,0.4738045334815979,0.03381706774234772,0.43478989601135254,0.1952117532491684,18778.052478834055,7.5794152338115675,0.3275909423828125,Tomato___healthy
0.3968623876571655,0.42828017473220825,0.43551307916641235,0.15237073600292206,0.10665302723646164,0.13607703149318695,239.92892456054688,0.1782650351524353,0.4507053792476654,0.024184880778193474,0.41971075534820557,0.12127714604139328,1506.91059899237,6.84764216949566,0.0772552490234375,Tomato___Early_blight
0.45231547951698303,0.414358913898468,0.38839665055274963,0.21625471115112305,0.2061702162027359,0.23478096723556519,312.98974609375,0.3200480341911316,0.4768160283565521,-0.011994361877441406,0.42274823784828186,0.2079472690820694,6319.178818592569,7.554748444817095,0.1822357177734375,Tomato___Late_blight
0.39014917612075806,0.43209296464920044,0.41731196641921997,0.19105742871761322,0.16539190709590912,0.19960644841194153,180.1018829345703,0.18685853481292725,0.44415751099586487,0.05672476068139076,0.4178667366504669,0.17594659328460693,371.4915595592465,6.8736964314515685,0.059356689453125,Tomato___Early_blight
0.5081369280815125,0.5224581956863403,0.5046963691711426,0.1237931102514267,0.09363188594579697,0.1481073945760727,273.45281982421875,0.1522337794303894,0.5536888837814331,0.032083187252283096,0.5161513090133667,0.10388719290494919,597.6162645956501,6.713477468878171,0.043914794921875,Tomato___Leaf_Mold
0.5356535911560059,0.521519660949707,0.49703189730644226,0.17729543149471283,0.15816470980644226,0.19546076655387878,355.7854309082031,0.15571103990077972,0.5502317547798157,0.010353893041610718,0.5229541659355164,0.16644635796546936,5608.530676794937,7.2929617875824775,0.1573944091796875,Tomato___Spider_mites Two-spotted_spider_mite
0.4637206494808197,0.45816946029663086,0.4368339478969574,0.14363281428813934,0.10130474716424942,0.1496860235929489,341.3201904296875,0.17783862352371216,0.4926983118057251,0.015784405171871185,0.45739710330963135,0.11701814085245132,1212.8096101125702,6.623429767904603,0.0530548095703125,Tomato___Leaf_Mold
0.40268978476524353,0.43528807163238525,0.39953306317329407,0.08637435734272003,0.09708848595619202,0.08945275098085403,209.08941650390625,0.12494628131389618,0.44622358679771423,0.06835326552391052,0.42146509885787964,0.08888112753629684,4061.7203060006723,6.531639161574381,0.1071929931640625,Tomato___healthy
0.4950507879257202,0.483228862285614,0.46083366870880127,0.19748850166797638,0.1970260888338089,0.20797918736934662,7.38214111328125,0.16080066561698914,0.5050504803657532,0.01057332381606102,0.4842105805873871,0.1972634196281433,21028.86789375171,7.552436099532482,0.32830810546875,Tomato___healthy
0.45184120535850525,0.4647439122200012,0.44738835096359253,0.17327839136123657,0.17046526074409485,0.1941273808479309,219.03970336914062,0.19858914613723755,0.4966621696949005,0.030258238315582275,0.45890742540359497,0.1715364009141922,19339.615629464155,7.430827784431891,0.3315582275390625,Tomato___healthy
0.4762575030326843,0.49731892347335815,0.45600542426109314,0.19815261662006378,0.18022748827934265,0.21668288111686707,338.72161865234375,0.22387564182281494,0.5223880410194397,0.062374815344810486,0.48631182312965393,0.18638896942138672,7578.3078919441905,7.426691854581528,0.204132080078125,Tomato___Target_Spot
0.5025115609169006,0.4857533872127533,0.4371257424354553,0.18821074068546295,0.1644338220357895,0.19134078919887543,35.829620361328125,0.20173682272434235,0.5189422369003296,0.03186950832605362,0.4852205216884613,0.17313909530639648,5962.18276631739,7.382315319704137,0.202178955078125,Tomato___Target_Spot
0.5374914407730103,0.5624116659164429,0.5132877826690674,0.20500507950782776,0.18523620069026947,0.24104717373847961,216.3377685546875,0.22101245820522308,0.5890854001045227,0.0740441381931305,0.5493603944778442,0.19443781673908234,10239.295312977396,7.515169587963843,0.2606353759765625,Tomato___Septoria_leaf_spot
0.4380411207675934,0.48654264211654663,0.31228065490722656,0.13022522628307343,0.13033214211463928,0.1794411540031433,74.43701171875,0.35089531540870667,0.48721590638160706,0.2227635532617569,0.4521748423576355,0.1230216920375824,158.1414787620306,6.832617351182572,0.01861572265625,Tomato___Tomato_Yellow_Leaf_Curl_Virus
0.4037623405456543,0.4366756081581116,0.44406208395957947,0.18697240948677063,0.16840556263923645,0.2020237147808075,207.28956604003906,0.19209086894989014,0.46242111921310425,0.02552681788802147,0.42767664790153503,0.1765277236700058,1326.4642438730225,7.023156744353422,0.08099365234375,Tomato___Early_blight
0.3820512592792511,0.44265756011009216,0.36079707741737366,0.1496124416589737,0.05802054703235626,0.13884153962135315,53.46502685546875,0.2701617181301117,0.4640771746635437,0.14246675372123718,0.41520416736602783,0.09075379371643066,700.7439382651355,6.276857045937026,0.0233612060546875,Tomato___Septoria_leaf_spot
0.29791954159736633,0.34103789925575256,0.24134838581085205,0.10424356907606125,0.101960688829422,0.1397424191236496,82.12039184570312,0.2851470410823822,0.3421871066093445,0.14280785620212555,0.3167808949947357,0.09705877304077148,220.31698535382748,6.573527200388519,0.02398681640625,Tomato___Tomato_Yellow_Leaf_Curl_Virus
0.47385692596435547,0.48061802983283997,0.45533227920532227,0.17878086864948273,0.1695251166820526,0.19828951358795166,330.6690979003906,0.17963431775569916,0.5026895999908447,0.03204692527651787,0.4757138788700104,0.17347785830497742,15144.713444173336,7.404389574488697,0.3215789794921875,Tomato___healthy
0.39401233196258545,0.4124036133289337,0.3868730962276459,0.10177095979452133,0.1029101088643074,0.10379789769649506,278.9931945800781,0.1248636469244957,0.42832767963409424,0.04392179846763611,0.4039941430091858,0.09749317169189453,4585.974929259857,6.6428599472779135,0.1142578125,Tomato___healthy
0.3950878083705902,0.4155561923980713,0.3437935709953308,0.11808369308710098,0.09069137275218964,0.1279877871274948,34.533355712890625,0.23317544162273407,0.43390291929244995,0.09223099797964096,0.40125519037246704,0.09651684761047363,771.6943005239591,6.575105633973206,0.050445556640625,Tomato___Bacterial_spot
0.43725717067718506,0.4224749505519867,0.3569989800453186,0.11819040030241013,0.14125864207744598,0.15515963733196259,285.7735595703125,0.33722296357154846,0.4771858751773834,0.05069376528263092,0.41943055391311646,0.1170136034488678,3556.0363154262304,6.857077775663511,0.1222076416015625,Tomato___Septoria_leaf_spot
0.5842880010604858,0.5961468815803528,0.5110730528831482,0.2383795976638794,0.22640687227249146,0.25644955039024353,49.779510498046875,0.23310035467147827,0.6185354590415955,0.09693268686532974,0.5829026103019714,0.23069371283054352,3870.788190111518,7.65853064646553,0.171600341796875,Tomato___Late_blight
0.4201670289039612,0.42647984623908997,0.4012158513069153,0.2182895690202713,0.2030288428068161,0.2188589870929718,38.462005615234375,0.20024487376213074,0.4500349462032318,0.03157678246498108,0.421712189912796,0.20749731361865997,8743.227314975113,7.564355647346984,0.2164764404296875,Tomato___Target_Spot
0.33896195888519287,0.3924565613269806,0.3293931484222412,0.15957759320735931,0.11750467121601105,0.1552629917860031,73.65380859375,0.24764452874660492,0.3992953896522522,0.11655794829130173,0.3692724406719208,0.13188856840133667,1234.6430237554014,6.938246547485177,0.051513671875,Tomato___Bacterial_spot
0.5038865804672241,0.49686741828918457,0.44896385073661804,0.17478539049625397,0.16167832911014557,0.19002239406108856,19.252685546875,0.193764790892601,0.5248851776123047,0.04088440164923668,0.4935051202774048,0.16626830399036407,8609.849688043585,7.372866382737328,0.22320556640625,Tomato___Spider_mites Two-spotted_spider_mite
0.48362523317337036,0.4614585340023041,0.4372433125972748,0.16611026227474213,0.1464146375656128,0.16751064360141754,12.758575439453125,0.18263424932956696,0.5024551153182983,0.0020485064014792442,0.46532583236694336,0.1523202359676361,10571.673109357944,7.272204453880595,0.26702880859375,Tomato___Target_Spot
0.47144755721092224,0.5203554630279541,0.3560813367366791,0.1349896788597107,0.14049604535102844,0.1804981529712677,82.9022216796875,0.29773521423339844,0.5205599069595337,0.21318191289901733,0.48700472712516785,0.13045527040958405,89.6510152516421,6.902016739051893,0.0255584716796875,Tomato___Tomato_Yellow_Leaf_Curl_Virus
0.35465723276138306,0.3906632959842682,0.3518902063369751,0.16301070153713226,0.10866735875606537,0.1658659130334854,285.5164794921875,0.23878097534179688,0.407903790473938,0.07477907836437225,0.37547731399536133,0.12777836620807648,915.6127313040197,6.962762795380312,0.0269622802734375,Tomato___Tomato_Yellow_Leaf_Curl_Virus
0.4231487810611725,0.44691815972328186,0.41297298669815063,0.16910748183727264,0.12264994531869888,0.15995684266090393,29.21624755859375,0.17417843639850616,0.4632676839828491,0.0577145516872406,0.43594133853912354,0.13901402056217194,1060.8067851578817,6.890316796714494,0.04156494140625,Tomato___Bacterial_spot
0.39415961503982544,0.44776684045791626,0.3960879445075989,0.07112273573875427,0.09923844039440155,0.09423050284385681,191.746826171875,0.20251956582069397,0.46710801124572754,0.1052861288189888,0.4258468747138977,0.07854428142309189,311.0825671402272,6.299492376970432,0.0223541259765625,Tomato___Late_blight
0.3899725377559662,0.3837904930114746,0.3135208785533905,0.1889004409313202,0.1614581048488617,0.20039735734462738,35.40869140625,0.3448105454444885,0.4208712875843048,0.0640876293182373,0.3776282072067261,0.1703699827194214,4817.322075798176,7.344390956617398,0.2015380859375,Tomato___Tomato_Yellow_Leaf_Curl_Virus
0.45846059918403625,0.5357697606086731,0.35224342346191406,0.13882428407669067,0.11982452869415283,0.20264914631843567,85.93463134765625,0.3483465611934662,0.5366366505622864,0.2608356177806854,0.4917323589324951,0.12008026242256165,88.21818461432122,6.764442853076093,0.026763916015625,Tomato___Tomato_Yellow_Leaf_Curl_Virus
0.46315503120422363,0.45374396443367004,0.40990686416625977,0.20011752843856812,0.1562221348285675,0.19636403024196625,27.063201904296875,0.22870036959648132,0.48900705575942993,0.03442598506808281,0.4515604078769684,0.17217335104942322,4225.119975116104,7.162367224371689,0.1574554443359375,Tomato___Leaf_Mold
0.39690983295440674,0.3745192289352417,0.331045001745224,0.17832724750041962,0.14515064656734467,0.17573752999305725,28.490447998046875,0.2689700126647949,0.41587966680526733,0.021083584055304527,0.3762579560279846,0.15628719329833984,3111.2931153438985,7.238065809679985,0.115142822265625,Tomato___Tomato_Yellow_Leaf_Curl_Virus
0.5296448469161987,0.5424967408180237,0.5176106691360474,0.2004389762878418,0.1930052787065506,0.2442488670349121,249.8741455078125,0.22036360204219818,0.5797198414802551,0.037737973034381866,0.53581702709198,0.1981169730424881,5496.6350795661565,7.483507102211147,0.171722412109375,Tomato___Leaf_Mold
0.40753814578056335,0.4534686803817749,0.39787107706069946,0.17438946664333344,0.11063367873430252,0.18091058731079102,314.2563171386719,0.23956407606601715,0.4694705605506897,0.1015280932188034,0.4333973228931427,0.1343916952610016,159.19748354307376,6.935394438000088,0.0299224853515625,Tomato___Tomato_Yellow_Leaf_Curl_Virus
0.4083766043186188,0.43630996346473694,0.35179731249809265,0.2403465360403061,0.21686603128910065,0.2440195530653,61.57513427734375,0.30171096324920654,0.45163220167160034,0.11244596540927887,0.41832345724105835,0.224375382065773,3903.436059310101,7.576412303464942,0.1715850830078125,Tomato___Early_blight
0.5131434202194214,0.5178338885307312,0.4727780818939209,0.16800428926944733,0.14456230401992798,0.1849326193332672,12.977630615234375,0.17845579981803894,0.5398454666137695,0.04974622279405594,0.5112950801849365,0.1538340300321579,8297.661613061093,7.244804491114971,0.2361602783203125,Tomato___Spider_mites Two-spotted_spider_mite
0.49886003136634827,0.46864426136016846,0.45918428897857666,0.08553663641214371,0.08799427002668381,0.1027439534664154,320.5491943359375,0.14332270622253418,0.5056102871894836,-0.020755797624588013,0.4766003489494324,0.082967609167099,1474.8599580952432,6.262129282453953,0.0471954345703125,Tomato___Late_blight
0.47936034202575684,0.46865254640579224,0.39239078760147095,0.2406638115644455,0.20579051971435547,0.2390928566455841,44.715728759765625,0.3070879280567169,0.49883291125297546,0.06555391103029251,0.46316033601760864,0.21876586973667145,4897.130954360357,7.501626951191094,0.182769775390625,Tomato___Tomato_Yellow_Leaf_Curl_Virus
0.38310253620147705,0.378305047750473,0.34777015447616577,0.13202053308486938,0.1022125855088234,0.1453133225440979,330.20263671875,0.24738278985023499,0.41834744811058044,0.025737449526786804,0.3762585520744324,0.1094956174492836,2128.3073375187814,6.787972683113867,0.0888214111328125,Tomato___Bacterial_spot
0.4441967010498047,0.5353202223777771,0.4266931414604187,0.24836570024490356,0.19078867137432098,0.2592805027961731,103.13571166992188,0.28053054213523865,0.5359179973602295,0.19975058734416962,0.49569082260131836,0.21467284858226776,299.01893251924776,7.330559215124044,0.0379486083984375,Tomato___Late_blight
0.4956628978252411,0.51938796043396,0.498708575963974,0.18258574604988098,0.17087331414222717,0.23696963489055634,217.01084899902344,0.24721287190914154,0.564277708530426,0.04440445825457573,0.5099366903305054,0.17842693626880646,6001.87547859177,7.261751730270575,0.18817138671875,Tomato___Leaf_Mold
0.47489675879478455,0.4663800597190857,0.42840278148651123,0.18270832300186157,0.17700250446796417,0.19690704345703125,7.94775390625,0.21458575129508972,0.4955891966819763,0.029460595920681953,0.46459710597991943,0.17836998403072357,22414.21857297048,7.504531644132982,0.34869384765625,Tomato___healthy
0.4549294412136078,0.4633680582046509,0.4060027599334717,0.18681147694587708,0.18192721903324127,0.2051192969083786,10.32879638671875,0.256145179271698,0.4893154501914978,0.06580385565757751,0.4543052613735199,0.18207111954689026,17146.302467729896,7.470543363025176,0.327789306640625,Tomato___healthy
0.43726277351379395,0.4163808226585388,0.3884947597980499,0.1476224809885025,0.10939773917198181,0.14071621000766754,6.43023681640625,0.20963984727859497,0.46285292506217957,0.007004138082265854,0.4194455146789551,0.12007186561822891,4368.219506523572,6.915167249449843,0.1513671875,Tomato___Tomato_Yellow_Leaf_Curl_Virus
0.5025324821472168,0.462139368057251,0.39915478229522705,0.21663054823875427,0.19276869297027588,0.2179654836654663,31.590972900390625,0.30646106600761414,0.5160171389579773,0.022591449320316315,0.4670366644859314,0.20079872012138367,9634.164190663956,7.461570508041429,0.276763916015625,Tomato___Tomato_Yellow_Leaf_Curl_Virus
0.3418087363243103,0.36586976051330566,0.3078348934650421,0.17236608266830444,0.12403421849012375,0.17294134199619293,42.7156982421875,0.27116507291793823,0.3837742209434509,0.08209587633609772,0.352059543132782,0.14190468192100525,614.8294364863541,7.078463379809801,0.0413665771484375,Tomato___Tomato_Yellow_Leaf_Curl_Virus
0.5151298642158508,0.5368670225143433,0.47785818576812744,0.26356905698776245,0.24309036135673523,0.27944210171699524,53.7784423828125,0.22318865358829498,0.5497555136680603,0.08074604719877243,0.5236406326293945,0.2518981397151947,4755.041170194512,7.734048545664068,0.1717987060546875,Tomato___Early_blight
0.4603250026702881,0.42523646354675293,0.4097461998462677,0.1306530237197876,0.1319119930267334,0.13292530179023743,274.9719543457031,0.3006283938884735,0.5034649968147278,-0.019598204642534256,0.43396204710006714,0.11431001126766205,1241.6135575771332,6.794620633707769,0.0384521484375,Tomato___Septoria_leaf_spot
0.3720756471157074,0.39402300119400024,0.32751208543777466,0.13817743957042694,0.08933045715093613,0.12474333494901657,61.046417236328125,0.24853189289569855,0.4207720160484314,0.08845825493335724,0.37987852096557617,0.10451117157936096,855.1670362816658,6.743542573837361,0.030792236328125,Tomato___Bacterial_spot
0.4241366386413574,0.44581615924835205,0.3816327154636383,0.21546988189220428,0.19271928071975708,0.23007866740226746,42.37371826171875,0.2999039888381958,0.471362441778183,0.08586300164461136,0.43201708793640137,0.2000209093093872,6434.204722095048,7.474824841496579,0.20843505859375,Tomato___Target_Spot
0.44625532627105713,0.4799235165119171,0.43954482674598694,0.08997953683137894,0.08625674247741699,0.09436924010515213,232.3385009765625,0.11261484026908875,0.4881051480770111,0.07404690235853195,0.4652535617351532,0.08354665338993073,3498.8343720042612,6.451678300780699,0.0932464599609375,Tomato___healthy
0.485995888710022,0.4800146222114563,0.44489824771881104,0.19406376779079437,0.17366693913936615,0.1957443654537201,28.530731201171875,0.17778992652893066,0.5077487230300903,0.029135193675756454,0.47779974341392517,0.1807311326265335,8833.411988838576,7.451755545406558,0.2187347412109375,Tomato___Spider_mites Two-spotted_spider_mite
0.5774286985397339,0.5689440369606018,0.4737238883972168,0.23621521890163422,0.195725217461586,0.2609834372997284,37.3482666015625,0.30013927817344666,0.6058951020240784,0.08673557639122009,0.5606259107589722,0.2124619036912918,5258.126876545837,7.52876007892812,0.183563232421875,Tomato___Tomato_Yellow_Leaf_Curl_Virus
0.4337417781352997,0.46354812383651733,0.31849396228790283,0.09993384033441544,0.1219567283987999,0.14236025512218475,91.85174560546875,0.27409350872039795,0.46579545736312866,0.1748604029417038,0.43809983134269714,0.10156809538602829,184.06692498922348,6.641463376821044,0.0274658203125,Tomato___Bacterial_spot
0.3336088955402374,0.38703107833862305,0.3246126174926758,0.1608297973871231,0.1236254870891571,0.17412233352661133,112.145263671875,0.27855852246284485,0.4016726016998291,0.1158405989408493,0.36394214630126953,0.13790996372699738,1637.4188699573278,7.0105903498287825,0.06884765625,Tomato___Bacterial_spot
0.5298986434936523,0.579598069190979,0.39442580938339233,0.12174907326698303,0.13486644625663757,0.17010954022407532,96.91571044921875,0.2761240005493164,0.5799718499183655,0.23487158119678497,0.5436283349990845,0.10965610295534134,196.71038621291518,6.4146511080072015,0.049468994140625,Tomato___Tomato_Yellow_Leaf_Curl_Virus
0.42993518710136414,0.4863157570362091,0.3266664147377014,0.15841439366340637,0.17017139494419098,0.2035531997680664,69.979248046875,0.33449676632881165,0.4901227355003357,0.21602992713451385,0.45125797390937805,0.16036570072174072,297.38072199351154,7.284453277061923,0.08209228515625,Tomato___Tomato_Yellow_Leaf_Curl_Virus
0.4175470471382141,0.41828757524490356,0.3901230990886688,0.1588047593832016,0.12109159678220749,0.15866665542125702,31.7569580078125,0.19759564101696014,0.44898083806037903,0.028905052691698074,0.41485539078712463,0.13434374332427979,3365.438073470257,7.076985460727702,0.13861083984375,Tomato___Target_Spot
0.5691884160041809,0.5653963088989258,0.4732482433319092,0.23943005502223969,0.2082693725824356,0.2594296932220459,38.723876953125,0.28773847222328186,0.6007543802261353,0.08835592865943909,0.5560252666473389,0.21993611752986908,6308.056662484072,7.496749289520595,0.2136077880859375,Tomato___Tomato_Yellow_Leaf_Curl_Virus
0.40733563899993896,0.44058796763420105,0.3837244510650635,0.18572738766670227,0.13385431468486786,0.19965042173862457,5.808349609375,0.24333813786506653,0.4563770592212677,0.09011584520339966,0.4241631031036377,0.15386176109313965,1799.2496763756499,7.079503881263802,0.0983123779296875,Tomato___Tomato_Yellow_Leaf_Curl_Virus
0.47739458084106445,0.48015719652175903,0.44380271434783936,0.07064315676689148,0.08111196011304855,0.09748893231153488,316.5154724121094,0.11328472942113876,0.49470603466033936,0.03911707550287247,0.4751867651939392,0.06974252313375473,621.4104460440576,6.133157464988397,0.0222015380859375,Tomato___Late_blight
0.41065090894699097,0.4084051251411438,0.37217938899993896,0.21846076846122742,0.2111777663230896,0.23289456963539124,18.721221923828125,0.2180556356906891,0.42376840114593506,0.03397988900542259,0.40494686365127563,0.2145204097032547,2438.0970179063734,7.36639110907158,0.12139892578125,Tomato___Early_blight
0.5136001706123352,0.4809816777706146,0.4504441022872925,0.16494378447532654,0.13275913894176483,0.1695166826248169,12.39483642578125,0.18765902519226074,0.5284295082092285,-0.0020808191038668156,0.4872532784938812,0.1444263756275177,6524.043615995906,7.044400884634963,0.219329833984375,Tomato___Leaf_Mold
0.5515800714492798,0.5410760045051575,0.49177318811416626,0.16108715534210205,0.15104785561561584,0.19626255333423615,352.1813049316406,0.18531154096126556,0.5678343772888184,0.038798727095127106,0.5385962724685669,0.15475939214229584,6995.599981991341,7.235842114319944,0.197540283203125,Tomato___Spider_mites Two-spotted_spider_mite
0.5107941627502441,0.5082103610038757,0.47325146198272705,0.1935422271490097,0.15953372418880463,0.19206437468528748,24.15203857421875,0.17604070901870728,0.5406954288482666,0.03237508609890938,0.5049976706504822,0.17120109498500824,4661.189394718967,7.206540912346639,0.1539459228515625,Tomato___Target_Spot
0.3803359866142273,0.413175493478775,0.38650763034820557,0.1861322969198227,0.14025555551052094,0.16621169447898865,72.0638427734375,0.19057528674602509,0.426451176404953,0.05950736254453659,0.4003163278102875,0.15569759905338287,1282.398079302162,7.043240200701744,0.0707855224609375,Tomato___Bacterial_spot
0.47939783334732056,0.4806283712387085,0.42117762565612793,0.23366045951843262,0.1961112916469574,0.24169039726257324,30.419464111328125,0.24597959220409393,0.5070021152496338,0.06068133935332298,0.47348302602767944,0.2105511724948883,4127.562302342616,7.3433393922538865,0.1535491943359375,Tomato___Leaf_Mold
0.4645041227340698,0.48063552379608154,0.4624975621700287,0.10175705701112747,0.11068412661552429,0.10008786618709564,265.0395812988281,0.10623373836278915,0.499322772026062,0.034269388765096664,0.4737445116043091,0.10284484177827835,5458.0194710379,6.7276281684204715,0.1497039794921875,Tomato___healthy
0.4476615786552429,0.4664027988910675,0.3764766454696655,0.1877402663230896,0.15327011048793793,0.20163582265377045,36.91546630859375,0.2922656238079071,0.490631103515625,0.10866735875606537,0.45054757595062256,0.16412311792373657,4985.316030479735,7.132294063859997,0.199371337890625,Tomato___Tomato_Yellow_Leaf_Curl_Virus
0.3108234703540802,0.3878293037414551,0.21342043578624725,0.09908855706453323,0.10937458276748657,0.12646493315696716,86.03216552734375,0.41552427411079407,0.3882652521133423,0.2514147162437439,0.3449219763278961,0.09236203134059906,131.04613733943552,6.512827590980384,0.0218048095703125,Tomato___Tomato_Yellow_Leaf_Curl_Virus
0.3539485037326813,0.37567389011383057,0.29274532198905945,0.16792725026607513,0.13035151362419128,0.17208635807037354,48.70562744140625,0.34153348207473755,0.4005219340324402,0.10465387254953384,0.35972413420677185,0.14147034287452698,1923.2940977178514,7.125140218924816,0.10589599609375,Tomato___Tomato_Yellow_Leaf_Curl_Virus
0.4164518713951111,0.44120094180107117,0.4017924666404724,0.09095758944749832,0.09689145535230637,0.09315281361341476,313.6199951171875,0.1279880404472351,0.45283710956573486,0.06415758281946182,0.4293084144592285,0.08951640874147415,6093.242632783018,6.546736674203539,0.1627197265625,Tomato___healthy
0.10607456415891647,0.14910505712032318,0.0960400253534317,0.14903366565704346,0.20511585474014282,0.1351223737001419,37.07781982421875,0.20332205295562744,0.14960262179374695,0.09609554708003998,0.13018955290317535,0.1798279732465744,901.5408325195312,3.8011360781514365,0.05126953125,Tomato___Late_blight
0.41639941930770874,0.5134757161140442,0.280276358127594,0.1350060999393463,0.11650090664625168,0.1963503211736679,87.9306640625,0.44697120785713196,0.5144150257110596,0.33027568459510803,0.4578652083873749,0.11273779720067978,171.1127158254385,6.795081116703033,0.0517120361328125,Tomato___Tomato_Yellow_Leaf_Curl_Virus
0.4560951590538025,0.45535653829574585,0.4844086468219757,0.1690254509449005,0.1381693333387375,0.18761767446994781,257.1265563964844,0.20065230131149292,0.5099206566810608,-0.029790718108415604,0.458889365196228,0.150434672832489,4644.8852251076605,7.054879419558447,0.155059814453125,Tomato___Tomato_mosaic_virus
0.422708660364151,0.40074679255485535,0.35413289070129395,0.1674519181251526,0.13106803596019745,0.1718326359987259,26.9847412109375,0.2553870677947998,0.44137489795684814,0.024652043357491493,0.4019993841648102,0.14461369812488556,2458.278976388043,7.113487755535704,0.1048583984375,Tomato___Tomato_Yellow_Leaf_Curl_Virus
0.4180949628353119,0.4210323691368103,0.3862336277961731,0.21237073838710785,0.20282259583473206,0.21303462982177734,25.60980224609375,0.22873428463935852,0.44621872901916504,0.037736181169748306,0.416187047958374,0.20454394817352295,8763.471965968376,7.470113274292041,0.23480224609375,Tomato___Target_Spot
0.40150365233421326,0.4314621686935425,0.3787887692451477,0.16004034876823425,0.1120489090681076,0.1500806212425232,53.7879638671875,0.20785875618457794,0.4472804069519043,0.08263202756643295,0.4164997935295105,0.12841500341892242,1115.9415851747617,6.929744275556905,0.064666748046875,Tomato___Bacterial_spot
0.5043875575065613,0.4498797655105591,0.37134629487991333,0.20748379826545715,0.17888911068439484,0.2015284150838852,35.0672607421875,0.34754088521003723,0.518439769744873,0.02402559481561184,0.4572247564792633,0.18716418743133545,8152.578003760427,7.4643387343187,0.223968505859375,Tomato___Spider_mites Two-spotted_spider_mite
0.28554588556289673,0.37425386905670166,0.4426603615283966,0.09666252136230469,0.07359358668327332,0.14074839651584625,203.51974487304688,0.40110480785369873,0.4617363512516022,0.020301543176174164,0.3555285632610321,0.08530079573392868,473.00164702162147,6.351511115836896,0.01251220703125,Tomato___Leaf_Mold
0.4911436140537262,0.48403429985046387,0.47959721088409424,0.15141506493091583,0.12697486579418182,0.1863185316324234,295.37066650390625,0.225443035364151,0.5356100797653198,-0.0026722606271505356,0.48565414547920227,0.13384422659873962,5739.441197719192,7.055104977009525,0.1985626220703125,Tomato___Tomato_mosaic_virus
0.3855747580528259,0.44467693567276,0.2900451719760895,0.11517738550901413,0.10232947766780853,0.16771429777145386,72.9306640625,0.35534507036209106,0.446088045835495,0.21373386681079865,0.40937739610671997,0.1022765040397644,130.81103715207428,6.649636814244443,0.034423828125,Tomato___Tomato_Yellow_Leaf_Curl_Virus
0.48402395844459534,0.4729180335998535,0.4444790780544281,0.17116017639636993,0.17457817494869232,0.18288542330265045,342.594970703125,0.18652331829071045,0.5002981424331665,0.01733296550810337,0.47299665212631226,0.1719575971364975,14733.19697294361,7.3394078200562545,0.3153228759765625,Tomato___healthy
0.39556750655174255,0.4357283115386963,0.28189581632614136,0.13698537647724152,0.15430961549282074,0.15055693686008453,64.87542724609375,0.3299613296985626,0.4378974437713623,0.19399318099021912,0.40618330240249634,0.13961702585220337,17.442747137509286,6.933282678631568,0.005584716796875,Tomato___Tomato_Yellow_Leaf_Curl_Virus
0.4731656312942505,0.4364076256752014,0.3687831461429596,0.1968226134777069,0.17855407297611237,0.1930302381515503,34.988037109375,0.3106211721897125,0.4870448708534241,0.030866434797644615,0.439689040184021,0.18347777426242828,8560.472511626547,7.3345444717120705,0.2467498779296875,Tomato___Spider_mites Two-spotted_spider_mite
0.5643998980522156,0.590057373046875,0.5581958293914795,0.2182985544204712,0.19512298703193665,0.2492746263742447,211.7661895751953,0.195253387093544,0.6198481321334839,0.05751917511224747,0.578753650188446,0.2060423493385315,9608.481843111804,7.589962225587065,0.2393951416015625,Tomato___Septoria_leaf_spot
0.4505680799484253,0.4895157814025879,0.3863956332206726,0.16563087701797485,0.10080469399690628,0.19199450314044952,36.155426025390625,0.3222520053386688,0.5214626789093018,0.14206789433956146,0.46611469984054565,0.12163111567497253,1516.8498133085668,6.818291256884877,0.0748291015625,Tomato___Septoria_leaf_spot
0.47544988989830017,0.45677509903907776,0.4550322890281677,0.12273890525102615,0.09777876734733582,0.13257910311222076,325.7203674316406,0.17460758984088898,0.502031683921814,-0.016931938007473946,0.4621601700782776,0.10285169631242752,2496.303300655447,6.617535882396968,0.09759521484375,Tomato___Tomato_mosaic_virus
0.41578251123428345,0.42731940746307373,0.35546445846557617,0.19888938963413239,0.17295433580875397,0.20571741461753845,41.97979736328125,0.2647099196910858,0.4458746016025543,0.08339186757802963,0.41567838191986084,0.18174482882022858,6543.735447067535,7.411984691151633,0.263092041015625,Tomato___Tomato_Yellow_Leaf_Curl_Virus
0.4856347143650055,0.48582708835601807,0.4610714316368103,0.17441600561141968,0.1753302663564682,0.19264718890190125,341.8675537109375,0.17431671917438507,0.5108073949813843,0.024948060512542725,0.4829474687576294,0.1747620850801468,16746.245788401924,7.416889099029432,0.3272857666015625,Tomato___healthy
0.4779353439807892,0.4862072467803955,0.43409162759780884,0.19009995460510254,0.1529073268175125,0.20394140481948853,17.8936767578125,0.2201363891363144,0.5145298838615417,0.060387469828128815,0.47779279947280884,0.16656240820884705,3348.9624175967183,7.2688358927044785,0.1168670654296875,Tomato___Spider_mites Two-spotted_spider_mite
0.5326608419418335,0.5121504664421082,0.43932536244392395,0.21981896460056305,0.1826222538948059,0.21680596470832825,39.2274169921875,0.26955538988113403,0.557828426361084,0.052314791828393936,0.5099810361862183,0.19521577656269073,5073.863895356655,7.571575103938424,0.19976806640625,Tomato___Tomato_Yellow_Leaf_Curl_Virus
0.4632946252822876,0.4376221299171448,0.36460673809051514,0.20901212096214294,0.1771705001592636,0.21014158427715302,37.280242919921875,0.31903645396232605,0.48261556029319763,0.0473429337143898,0.436974436044693,0.1881324052810669,5247.166524543427,7.33655848579358,0.1881866455078125,Tomato___Late_blight
0.4556198716163635,0.4302353262901306,0.38425302505493164,0.23395156860351562,0.20261378586292267,0.22137314081192017,31.256805419921875,0.24931061267852783,0.47073066234588623,0.02059781178832054,0.4325833320617676,0.2124405801296234,4352.607691988349,7.439445459274753,0.157379150390625,Tomato___Late_blight
0.4444323480129242,0.4138621985912323,0.36473044753074646,0.18171660602092743,0.14355988800525665,0.18023908138275146,30.158538818359375,0.2700819969177246,0.4611482322216034,0.018561571836471558,0.41740161180496216,0.1572195291519165,2676.1919141476974,7.176036443109908,0.1270294189453125,Tomato___Tomato_Yellow_Leaf_Curl_Virus
0.47404944896698,0.473768413066864,0.4169206917285919,0.18957486748695374,0.13956332206726074,0.1893046647310257,31.60888671875,0.23120589554309845,0.5070760846138,0.05656672641634941,0.4673718214035034,0.15788927674293518,4613.299936056137,7.188159652690782,0.1888427734375,Tomato___Leaf_Mold
0.39004451036453247,0.44094789028167725,0.3841875493526459,0.16242848336696625,0.11790981143712997,0.1588820517063141,67.27825927734375,0.20782776176929474,0.44854098558425903,0.10766361653804779,0.41925710439682007,0.13332317769527435,1902.6834059150424,6.863101942684722,0.073944091796875,Tomato___Bacterial_spot
0.4856853187084198,0.49793708324432373,0.40968674421310425,0.18643198907375336,0.18418098986148834,0.22459279000759125,32.1304931640625,0.32252761721611023,0.5322884321212769,0.10050211101770401,0.484213262796402,0.18363972008228302,7733.382598873228,7.468458228724569,0.22491455078125,Tomato___Late_blight
0.42927664518356323,0.4638211727142334,0.43186283111572266,0.19034092128276825,0.14276766777038574,0.17709468305110931,64.50518798828125,0.17866428196430206,0.47731855511665344,0.06650283932685852,0.44984912872314453,0.15946774184703827,1109.7269585989416,6.917506251447712,0.058837890625,Tomato___Bacterial_spot
0.4013165235519409,0.4038267731666565,0.37997734546661377,0.18314649164676666,0.17225013673305511,0.2067171335220337,342.9041748046875,0.22606652975082397,0.4306631088256836,0.026359708979725838,0.4003573954105377,0.1769271194934845,1491.2834130299743,7.30591954235394,0.10589599609375,Tomato___Late_blight
0.46593400835990906,0.5343401432037354,0.38052040338516235,0.09032270312309265,0.059196896851062775,0.16752208769321442,85.51239013671875,0.2878882586956024,0.5348959565162659,0.22222597897052765,0.4963512420654297,0.06631544232368469,221.59942426695488,6.100700822150977,0.0215301513671875,Tomato___Bacterial_spot
0.5528644919395447,0.6124851703643799,0.4128921926021576,0.08081818372011185,0.09914371371269226,0.13049301505088806,78.5299072265625,0.299006849527359,0.6127727031707764,0.2592136859893799,0.5719050168991089,0.07812497019767761,50.984330620616674,5.961737729305436,0.006927490234375,Tomato___Tomato_Yellow_Leaf_Curl_Virus
0.481950044631958,0.44920411705970764,0.3659999668598175,0.2133299708366394,0.19863174855709076,0.2289063185453415,32.776885986328125,0.33424806594848633,0.4927975833415985,0.050458185374736786,0.449509859085083,0.2037561535835266,2761.4359693890437,7.49100161943091,0.115325927734375,Tomato___Late_blight
0.48618605732917786,0.5082046985626221,0.45995378494262695,0.19234757125377655,0.1754169911146164,0.2376026213169098,221.41458129882812,0.2611181437969208,0.5418210625648499,0.07026953250169754,0.49612054228782654,0.1840924322605133,6872.018036714755,7.47816596253221,0.197509765625,Tomato___Late_blight
0.4516129791736603,0.44566625356674194,0.39792507886886597,0.21200577914714813,0.1881997436285019,0.20427007973194122,48.701171875,0.24106594920158386,0.48096197843551636,0.0417945422232151,0.4420018196105957,0.19490376114845276,7446.589960007928,7.500940187903971,0.214599609375,Tomato___Spider_mites Two-spotted_spider_mite
0.45958176255226135,0.508095383644104,0.3073846697807312,0.10582243651151657,0.11464768648147583,0.14974625408649445,74.74874877929688,0.3665279746055603,0.5085223317146301,0.24922433495521545,0.4707087576389313,0.09905605018138885,43.17574232723564,6.641669069339014,0.009307861328125,Tomato___Tomato_Yellow_Leaf_Curl_Virus
0.5096518397331238,0.5020257234573364,0.47819778323173523,0.17098943889141083,0.1584765464067459,0.2171921581029892,295.39129638671875,0.23456068336963654,0.5445913076400757,0.016201846301555634,0.5015895366668701,0.16527007520198822,4476.491169816814,7.055936708014435,0.1566619873046875,Tomato___Late_blight
0.416545033454895,0.43761542439460754,0.37568482756614685,0.19170410931110382,0.1554194837808609,0.18820130825042725,41.007293701171875,0.2481590360403061,0.46274465322494507,0.0830010399222374,0.4242553114891052,0.16613900661468506,6149.3539707921445,7.272550784374909,0.2076263427734375,Tomato___Tomato_Yellow_Leaf_Curl_Virus
0.44198060035705566,0.42674654722213745,0.3738725185394287,0.13975407183170319,0.10936982184648514,0.15628212690353394,14.136688232421875,0.2532677948474884,0.4673451781272888,0.037640027701854706,0.42527395486831665,0.11857768148183823,2622.4712170623243,6.853352797364085,0.1157989501953125,Tomato___Tomato_Yellow_Leaf_Curl_Virus
0.4687688648700714,0.44243013858795166,0.42204058170318604,0.09609886258840561,0.09204480051994324,0.1072324737906456,345.6758728027344,0.1634012907743454,0.4799706041812897,-0.005949252750724554,0.44798097014427185,0.08985775709152222,643.3831650754437,6.499624583468673,0.0357513427734375,Tomato___Late_blight
0.4863056540489197,0.4849678874015808,0.43906986713409424,0.25797051191329956,0.24328258633613586,0.2629823088645935,19.994171142578125,0.2304655909538269,0.50974440574646,0.04456033557653427,0.4801355004310608,0.24797208607196808,4532.081202175468,7.405582695953733,0.1638946533203125,Tomato___Early_blight
0.4509860873222351,0.5076841711997986,0.3624812364578247,0.11558183282613754,0.11246047168970108,0.16406843066215515,75.64422607421875,0.2858370542526245,0.5090437531471252,0.20190103352069855,0.47417834401130676,0.10674833506345749,329.49604421830736,6.698115720069207,0.0712432861328125,Tomato___Tomato_Yellow_Leaf_Curl_Virus
0.4435533285140991,0.4760585427284241,0.32575559616088867,0.14926175773143768,0.11197412759065628,0.2078000009059906,29.51025390625,0.41357627511024475,0.5036352276802063,0.18280808627605438,0.4492048919200897,0.12007784098386765,844.9018269327935,6.677386139256445,0.065948486328125,Tomato___Septoria_leaf_spot
0.6263228058815002,0.6460449695587158,0.5760117769241333,0.2179972380399704,0.18888866901397705,0.23244142532348633,40.895263671875,0.16714054346084595,0.6628250479698181,0.08975543081760406,0.6321642398834229,0.2002669721841812,5559.438579425216,7.423852621980659,0.1680908203125,Tomato___Late_blight
0.486405611038208,0.46861451864242554,0.4092044234275818,0.26910343766212463,0.22620166838169098,0.2479110062122345,44.16925048828125,0.27986443042755127,0.5077767372131348,0.04161892086267471,0.46716129779815674,0.2402484267950058,3066.2474463393446,7.537260301293309,0.1299896240234375,Tomato___Late_blight
0.42219626903533936,0.47841447591781616,0.25213027000427246,0.10020247101783752,0.12107854336500168,0.1721368432044983,67.73748779296875,0.4243133068084717,0.48009738326072693,0.2825023829936981,0.43580883741378784,0.09642887115478516,52.735290481708944,6.541694205161521,0.0184783935546875,Tomato___Tomato_Yellow_Leaf_Curl_Virus
0.4996500313282013,0.46755456924438477,0.40667787194252014,0.21590077877044678,0.1773618906736374,0.19345137476921082,41.8892822265625,0.2739832401275635,0.5213046073913574,0.02878125198185444,0.4702111780643463,0.188498392701149,6668.776230335003,7.415408922893372,0.2140655517578125,Tomato___Spider_mites Two-spotted_spider_mite
0.5172698497772217,0.5148167610168457,0.47904205322265625,0.22556562721729279,0.1779106855392456,0.2290603518486023,20.09722900390625,0.1981411874294281,0.5455290079116821,0.033321551978588104,0.5114718675613403,0.1969490945339203,6107.906030765735,7.375493200186588,0.2014312744140625,Tomato___Septoria_leaf_spot
0.3989003896713257,0.4485153257846832,0.4111374020576477,0.21882407367229462,0.18865929543972015,0.2258160412311554,162.57781982421875,0.22723603248596191,0.4599994421005249,0.08699287474155426,0.4294193387031555,0.1999051421880722,1434.2546658010688,7.466531809385234,0.09149169921875,Tomato___Early_blight
0.4337255358695984,0.49599531292915344,0.3141772747039795,0.15114156901836395,0.1585322767496109,0.20283707976341248,76.3331298828125,0.3594116270542145,0.4984734356403351,0.24408785998821259,0.45664942264556885,0.1455356925725937,94.8804819805082,7.10475652248463,0.0407562255859375,Tomato___Tomato_Yellow_Leaf_Curl_Virus
0.39869487285614014,0.4415796399116516,0.3565521538257599,0.16123585402965546,0.06417309492826462,0.15292581915855408,44.885223388671875,0.3032214343547821,0.47603559494018555,0.12791232764720917,0.4190639853477478,0.09821484237909317,1102.2448390638456,6.4840242799908605,0.033538818359375,Tomato___Septoria_leaf_spot
0.38960573077201843,0.4472443461418152,0.28888049721717834,0.14703449606895447,0.1433183252811432,0.1928883194923401,80.59555053710938,0.35956528782844543,0.4487682580947876,0.2160024791955948,0.41195690631866455,0.13872143626213074,123.09245818853378,7.0176598950657745,0.0345611572265625,Tomato___Tomato_Yellow_Leaf_Curl_Virus
0.41885143518447876,0.44987359642982483,0.3951115012168884,0.1516086757183075,0.09963243454694748,0.14485937356948853,51.582611083984375,0.20100001990795135,0.4666822850704193,0.08578425645828247,0.43435508012771606,0.11778091639280319,226.3818901143968,6.692593145589888,0.0287017822265625,Tomato___Bacterial_spot
0.5092490911483765,0.5523430109024048,0.4010413587093353,0.0994551032781601,0.10415221750736237,0.16594789922237396,87.22039794921875,0.25626233220100403,0.5526493787765503,0.1943955272436142,0.5222095251083374,0.09196741878986359,83.72273167758249,6.444713934767353,0.027130126953125,Tomato___Tomato_Yellow_Leaf_Curl_Virus
0.3708513379096985,0.413505494594574,0.381682813167572,0.18519358336925507,0.16487841308116913,0.20091335475444794,163.8294677734375,0.2231813371181488,0.42411068081855774,0.07447677850723267,0.39712411165237427,0.1733117401599884,460.9546349660959,7.204459415300919,0.0437469482421875,Tomato___Early_blight
0.4027184844017029,0.4422853887081146,0.3632677495479584,0.22178830206394196,0.16530857980251312,0.2129516452550888,60.847137451171875,0.28694015741348267,0.4609226584434509,0.11858461052179337,0.42144688963890076,0.1851830631494522,5140.1375274655875,7.445268729585757,0.225921630859375,Tomato___Tomato_Yellow_Leaf_Curl_Virus
0.44162052869796753,0.46778255701065063,0.42241716384887695,0.15333175659179688,0.1438886821269989,0.1919672042131424,254.7802734375,0.26383188366889954,0.5020705461502075,0.071527399122715,0.4547884464263916,0.1461809277534485,15418.009526617592,7.2549367449579005,0.3334197998046875,Tomato___healthy
0.452921599149704,0.48924338817596436,0.3939223885536194,0.14239297807216644,0.09644663333892822,0.17379368841648102,27.50762939453125,0.30595463514328003,0.5196637511253357,0.1316426694393158,0.46751657128334045,0.10702700167894363,600.2799460811075,6.678043593452403,0.0546722412109375,Tomato___Septoria_leaf_spot
0.4492035508155823,0.43981480598449707,0.42232754826545715,0.14988292753696442,0.11783231794834137,0.15805675089359283,353.2811584472656,0.16910086572170258,0.471841037273407,0.00809846818447113,0.4406284987926483,0.12966404855251312,4426.66270403727,7.0515922354434775,0.1554107666015625,Tomato___Spider_mites Two-spotted_spider_mite
0.47780686616897583,0.46868711709976196,0.4828800559043884,0.09517581760883331,0.0938606709241867,0.09942404180765152,276.4054870605469,0.1031845435500145,0.5014548301696777,-0.023312680423259735,0.4730319380760193,0.0919029638171196,705.6421673127916,6.398586195186587,0.02484130859375,Tomato___Late_blight
0.4558732509613037,0.47987961769104004,0.47235536575317383,0.0884372666478157,0.08161035925149918,0.11539942771196365,240.4297332763672,0.17194987833499908,0.521654486656189,0.03153064846992493,0.47184398770332336,0.07489081472158432,343.649999669753,6.184587965350655,0.0208282470703125,Tomato___Late_blight
0.4067087769508362,0.4409411549568176,0.5152226686477661,0.10955633223056793,0.11997687071561813,0.1805693656206131,207.1488494873047,0.2834976315498352,0.5451500415802002,-0.040049172937870026,0.43917378783226013,0.11791208386421204,879.4644406056032,6.804537282099948,0.0677337646484375,Tomato___Leaf_Mold
0.43574902415275574,0.4657247066497803,0.4095410108566284,0.1775812953710556,0.11697537451982498,0.18092593550682068,13.747467041015625,0.2255101352930069,0.48496174812316895,0.08615937829017639,0.45035701990127563,0.13915830850601196,1324.328064877307,6.978215481336573,0.0687103271484375,Tomato___Tomato_Yellow_Leaf_Curl_Virus
0.43784353137016296,0.41680991649627686,0.39459288120269775,0.182982936501503,0.15490587055683136,0.19090546667575836,2.8345947265625,0.21430329978466034,0.4547654390335083,0.0011834241449832916,0.42056629061698914,0.1655561327934265,7853.80669646617,7.24132255565215,0.23046875,Tomato___Spider_mites Two-spotted_spider_mite
0.4536322057247162,0.4540565013885498,0.3713390827178955,0.16851843893527985,0.14409449696540833,0.17452868819236755,24.25067138671875,0.26898109912872314,0.48597872257232666,0.08314160257577896,0.44449982047080994,0.1482938975095749,3644.2499751895666,6.8786924102068046,0.16424560546875,Tomato___Leaf_Mold
0.5175833702087402,0.49898648262023926,0.46129751205444336,0.1541454792022705,0.1209118440747261,0.15824760496616364,21.1697998046875,0.17891451716423035,0.5388045310974121,0.01909203827381134,0.5002503991127014,0.13276031613349915,6386.3343052230775,7.050005838850931,0.19964599609375,Tomato___Target_Spot
0.4127452075481415,0.42793071269989014,0.3562116026878357,0.17547422647476196,0.17619602382183075,0.21966813504695892,21.5123291015625,0.28876182436943054,0.4461625814437866,0.08690466731786728,0.41521427035331726,0.17712150514125824,1828.5619159927592,7.374957795785424,0.10760498046875,Tomato___Early_blight
0.5019708871841431,0.47201740741729736,0.47048020362854004,0.09976569563150406,0.09858787804841995,0.11250821501016617,320.4756164550781,0.11364125460386276,0.5047637224197388,-0.028416236862540245,0.48079827427864075,0.09706242382526398,1024.4513827478513,6.418570660129259,0.0374908447265625,Tomato___Late_blight
0.43957608938217163,0.4639352560043335,0.4499228596687317,0.19269995391368866,0.18994653224945068,0.21795737743377686,199.14645385742188,0.23875387012958527,0.5040255784988403,0.03837166726589203,0.45505449175834656,0.19094710052013397,17005.725257457932,7.537397809412203,0.3175811767578125,Tomato___healthy
0.40205931663513184,0.4605446755886078,0.35777953267097473,0.08157029002904892,0.11890854686498642,0.08490642160177231,150.51593017578125,0.21178404986858368,0.4667535424232483,0.16125045716762543,0.43134236335754395,0.09167663007974625,777.7418658246752,6.478668423499975,0.0316619873046875,Tomato___Late_blight
0.4422086477279663,0.45077770948410034,0.4140792489051819,0.17800050973892212,0.17780865728855133,0.20239603519439697,29.204071044921875,0.23751544952392578,0.4782578647136688,0.04526744410395622,0.4440319240093231,0.1781478077173233,17043.268242997816,7.469180981563794,0.3175506591796875,Tomato___healthy
0.49661022424697876,0.5140307545661926,0.4780799448490143,0.1735731065273285,0.16652102768421173,0.22648701071739197,244.45556640625,0.25849851965904236,0.5565991401672363,0.053371362388134,0.5047236084938049,0.1703878492116928,5084.031427829526,7.309609000139134,0.1732025146484375,Tomato___Leaf_Mold
0.3714292347431183,0.3957948684692383,0.3138934075832367,0.1140318438410759,0.060672689229249954,0.11849159002304077,44.54669189453125,0.30671361088752747,0.42717692255973816,0.1062670573592186,0.37917280197143555,0.07392926514148712,401.93073970242403,6.148354464550806,0.01983642578125,Tomato___Septoria_leaf_spot
0.4830709397792816,0.5126761198043823,0.47548431158065796,0.1944759041070938,0.17177218198776245,0.21446341276168823,200.11581420898438,0.1991616189479828,0.5352509021759033,0.06679699569940567,0.4995843172073364,0.18081402778625488,8626.736969722202,7.424436577091537,0.2313690185546875,Tomato___Target_Spot
0.45307132601737976,0.49783971905708313,0.3231155276298523,0.1342705637216568,0.13241834938526154,0.17720884084701538,95.57293701171875,0.3352282643318176,0.49960678815841675,0.21949267387390137,0.4645353853702545,0.12255728244781494,73.9714621452149,6.894877813210889,0.010772705078125,Tomato___Tomato_Yellow_Leaf_Curl_Virus
0.6064445376396179,0.569595456123352,0.4457927346229553,0.12876851856708527,0.13023735582828522,0.1814146339893341,9.85321044921875,0.314341276884079,0.6171953082084656,0.08695367723703384,0.5664998292922974,0.1228826716542244,3818.433648949256,6.814279290308383,0.150665283203125,Tomato___Septoria_leaf_spot
0.429668664932251,0.454121470451355,0.369239866733551,0.20494307577610016,0.16504937410354614,0.21232298016548157,37.29486083984375,0.29223382472991943,0.47807201743125916,0.10933443158864975,0.4371335506439209,0.17748436331748962,5743.482523611747,7.221629204833771,0.217041015625,Tomato___Tomato_Yellow_Leaf_Curl_Virus
0.4201676845550537,0.4595564603805542,0.40871748328208923,0.09426189213991165,0.10217253118753433,0.09415986388921738,181.8728485107422,0.14549806714057922,0.46885740756988525,0.09022773802280426,0.44198358058929443,0.09452959895133972,5058.761972992681,6.620927563714195,0.1574554443359375,Tomato___healthy
0.42904239892959595,0.4359486401081085,0.37781405448913574,0.14996236562728882,0.09653041511774063,0.16853393614292145,16.2032470703125,0.24015158414840698,0.46428099274635315,0.06504080444574356,0.42725634574890137,0.11711560934782028,177.63589084055275,6.743397111092245,0.0096435546875,Tomato___Tomato_Yellow_Leaf_Curl_Virus
0.4815971851348877,0.5244764685630798,0.4901532530784607,0.2136566936969757,0.189259335398674,0.24594224989414215,181.35055541992188,0.23234055936336517,0.5562800168991089,0.07720241695642471,0.507742702960968,0.20037618279457092,8297.304555281065,7.5217781521098495,0.2176513671875,Tomato___Septoria_leaf_spot
0.3941669762134552,0.4505369961261749,0.28341007232666016,0.09638098627328873,0.11836250871419907,0.13203610479831696,79.57666015625,0.32802990078926086,0.4509298801422119,0.22349698841571808,0.41462990641593933,0.09685871005058289,85.3374171720352,6.648254044182837,0.0150146484375,Tomato___Tomato_Yellow_Leaf_Curl_Virus
0.44169318675994873,0.44476011395454407,0.41286250948905945,0.15736573934555054,0.10806427896022797,0.1528903692960739,21.238037109375,0.18380889296531677,0.4767182767391205,0.03496447205543518,0.4402067959308624,0.1255904883146286,2876.2366931289434,6.912627465960882,0.11248779296875,Tomato___Target_Spot
0.5976818799972534,0.5910001993179321,0.5737645030021667,0.20758292078971863,0.14170289039611816,0.2056644707918167,341.49481201171875,0.16924554109573364,0.6353489756584167,0.010553944855928421,0.5910331010818481,0.16584914922714233,12597.759944595164,7.361099282491159,0.3168792724609375,Tomato___Septoria_leaf_spot
0.4891570210456848,0.47391343116760254,0.4156745672225952,0.23603101074695587,0.19747839868068695,0.22165550291538239,46.60821533203125,0.25926411151885986,0.5133883357048035,0.04299526289105415,0.4718320369720459,0.21040478348731995,6043.859486207366,7.591112688401434,0.2051544189453125,Tomato___Spider_mites Two-spotted_spider_mite
0.4904441833496094,0.49113479256629944,0.46938714385032654,0.17914415895938873,0.16970239579677582,0.19775232672691345,330.16583251953125,0.16716088354587555,0.5146369934082031,0.022438257932662964,0.4884490668773651,0.17363125085830688,17368.452929756604,7.416274262753145,0.333465576171875,Tomato___healthy
0.42623138427734375,0.4581416845321655,0.4245384931564331,0.18769533932209015,0.13697336614131927,0.16856305301189423,57.06781005859375,0.17288710176944733,0.47164326906204224,0.06551352143287659,0.4447697401046753,0.15466399490833282,1415.0933864330873,7.004250227843352,0.0748443603515625,Tomato___Bacterial_spot
0.44290801882743835,0.43078848719596863,0.3935544788837433,0.21835842728614807,0.20884591341018677,0.21723675727844238,22.318145751953125,0.23463766276836395,0.4649883210659027,0.025114471092820168,0.430167555809021,0.21045419573783875,9639.732687950134,7.513067612817472,0.2444000244140625,Tomato___Target_Spot
0.46074178814888,0.5088022351264954,0.4240928888320923,0.19945687055587769,0.16659297049045563,0.2415556162595749,125.18646240234375,0.24081552028656006,0.5104690194129944,0.13276983797550201,0.4847753047943115,0.18262727558612823,58.34991334378719,7.202175472863875,0.0134124755859375,Tomato___Late_blight
0.4177456796169281,0.4349675476551056,0.4046863913536072,0.15125994384288788,0.13062818348407745,0.16054010391235352,76.5177001953125,0.2103569656610489,0.46286705136299133,0.04750300943851471,0.4263661503791809,0.13601475954055786,5157.421118069207,7.093915964080264,0.1980438232421875,Tomato___Target_Spot
0.4627234935760498,0.44014570116996765,0.4149968922138214,0.14534461498260498,0.11210568249225616,0.15131428837776184,358.7765808105469,0.20489473640918732,0.4851452708244324,0.002571016550064087,0.4440295100212097,0.12235864251852036,5059.95489096269,6.934833084308119,0.1751556396484375,Tomato___Tomato_Yellow_Leaf_Curl_Virus
0.4134026765823364,0.43364953994750977,0.3808628022670746,0.1316804736852646,0.0911087691783905,0.13772788643836975,34.230712890625,0.1922978013753891,0.4507460594177246,0.07303358614444733,0.421578049659729,0.10576353222131729,584.1683124059346,6.618359582099722,0.031646728515625,Tomato___Bacterial_spot
0.4345213770866394,0.42681729793548584,0.4029881954193115,0.1633485108613968,0.1295514851808548,0.16765858232975006,6.928466796875,0.21078361570835114,0.46487218141555786,0.016125069931149483,0.42640429735183716,0.14051158726215363,3199.1550109589007,7.1375931187900115,0.1354217529296875,Tomato___Target_Spot
0.45243293046951294,0.4479292631149292,0.4271349012851715,0.24188537895679474,0.21957646310329437,0.23769338428974152,23.960479736328125,0.18268480896949768,0.47576379776000977,0.01629064418375492,0.446905255317688,0.2269754707813263,7704.884930705419,7.563896087293195,0.1878204345703125,Tomato___Early_blight
0.41342270374298096,0.42279306054115295,0.41565778851509094,0.23138268291950226,0.17832407355308533,0.19212903082370758,280.48382568359375,0.20518164336681366,0.4553590416908264,0.016505643725395203,0.4191778898239136,0.19471099972724915,430.5654808243271,7.31397148098771,0.0257568359375,Tomato___Leaf_Mold
0.5239603519439697,0.4961971044540405,0.4424288272857666,0.23507089912891388,0.2052934616804123,0.23283198475837708,31.85235595703125,0.25789809226989746,0.5403414368629456,0.026004990562796593,0.4983687400817871,0.21577872335910797,6386.347689168295,7.458228206429334,0.194427490234375,Tomato___Tomato_Yellow_Leaf_Curl_Virus
0.47229090332984924,0.4333480894565582,0.39006197452545166,0.16163647174835205,0.1346762627363205,0.1719558984041214,20.340667724609375,0.2443579137325287,0.48621588945388794,0.004343248903751373,0.4400573968887329,0.14433354139328003,3971.7125558815897,7.113534308489001,0.1876068115234375,Tomato___Tomato_Yellow_Leaf_Curl_Virus
0.5136564373970032,0.5144199132919312,0.4808729290962219,0.18407264351844788,0.16601836681365967,0.2029404193162918,345.6630859375,0.19345873594284058,0.5468687415122986,0.03431049361824989,0.5103672742843628,0.1714714765548706,10666.10561126098,7.375089346228112,0.2733612060546875,Tomato___Spider_mites Two-spotted_spider_mite
0.48075103759765625,0.4628030061721802,0.3769334852695465,0.2252199649810791,0.19299474358558655,0.22395804524421692,42.36102294921875,0.3174584209918976,0.4971732497215271,0.067921482026577,0.4583803415298462,0.20407038927078247,3116.627805178752,7.1931989039203765,0.1583251953125,Tomato___Tomato_Yellow_Leaf_Curl_Virus
0.5025560855865479,0.4772503972053528,0.47184938192367554,0.13040447235107422,0.12640595436096191,0.16023078560829163,310.1014099121094,0.15835322439670563,0.5138662457466125,-0.019904643297195435,0.4842011034488678,0.12835721671581268,653.0301126092672,6.782758768303826,0.054443359375,Tomato___Late_blight
0.4183286130428314,0.476599782705307,0.3316855728626251,0.0911383107304573,0.09617594629526138,0.1559203565120697,97.62582397460938,0.30854061245918274,0.47917285561561584,0.20318539440631866,0.4426564872264862,0.0868469700217247,55.68675383552909,6.121206661824484,0.023681640625,Tomato___Tomato_Yellow_Leaf_Curl_Virus
0.36656618118286133,0.4367767572402954,0.25142601132392883,0.11906564980745316,0.12019062042236328,0.13921627402305603,77.23138427734375,0.4132768511772156,0.4373025596141815,0.2555612623691559,0.3946537971496582,0.10883171856403351,123.91915809735656,6.688896074543626,0.0473175048828125,Tomato___Tomato_Yellow_Leaf_Curl_Virus
0.4846964478492737,0.4921402037143707,0.4636136293411255,0.2135993093252182,0.18727125227451324,0.21074363589286804,12.35784912109375,0.18699295818805695,0.5230551362037659,0.0359702929854393,0.48666244745254517,0.19466373324394226,8241.474726965418,7.352638195133061,0.218994140625,Tomato___Early_blight
0.4721072316169739,0.47284749150276184,0.3908722400665283,0.1185130774974823,0.075120709836483,0.1458551585674286,16.71142578125,0.27056455612182617,0.5137505531311035,0.08271556347608566,0.46328094601631165,0.08358573168516159,774.6011930471286,6.240490909725214,0.032562255859375,Tomato___Septoria_leaf_spot
0.4105187654495239,0.45518234372138977,0.40593835711479187,0.08826034516096115,0.09850712865591049,0.08880976587533951,197.00022888183594,0.14406020939350128,0.4655231535434723,0.09390749782323837,0.4362141489982605,0.08853597939014435,4063.1037766477093,6.52779255206354,0.1110382080078125,Tomato___healthy
0.3797897696495056,0.4146163761615753,0.3662189841270447,0.18314491212368011,0.15571945905685425,0.18204641342163086,62.0225830078125,0.18464967608451843,0.4196470379829407,0.08322401344776154,0.39868593215942383,0.1650199145078659,834.89077631291,7.202705633625804,0.0491943359375,Tomato___Bacterial_spot
0.42587924003601074,0.429982990026474,0.39370477199554443,0.1480342298746109,0.1103079691529274,0.1443481743335724,17.78009033203125,0.2037230283021927,0.46324989199638367,0.04038199409842491,0.42462027072906494,0.12123897671699524,2825.460004489636,6.8475594626475775,0.1056671142578125,Tomato___Target_Spot
0.4603257477283478,0.4299747347831726,0.3950151801109314,0.21198409795761108,0.18255895376205444,0.2022213339805603,31.385772705078125,0.23358501493930817,0.4730824828147888,0.004608571529388428,0.43506431579589844,0.19262798130512238,6111.37874462991,7.3505777563101615,0.2058868408203125,Tomato___Spider_mites Two-spotted_spider_mite
0.4996885657310486,0.45526620745658875,0.3722658157348633,0.20428773760795593,0.18492527306079865,0.2096872627735138,36.019195556640625,0.3581858277320862,0.5201918482780457,0.03857805207371712,0.45908644795417786,0.1894480288028717,9102.73000602331,7.483673926460907,0.2704620361328125,Tomato___Tomato_Yellow_Leaf_Curl_Virus
0.3941158950328827,0.39980602264404297,0.3343946933746338,0.12784920632839203,0.12892569601535797,0.17880402505397797,39.7652587890625,0.2523740231990814,0.41445785760879517,0.07110141217708588,0.3906477987766266,0.1302749365568161,1300.496217801934,6.973160536677565,0.0993804931640625,Tomato___Early_blight
0.41128450632095337,0.42237406969070435,0.32487601041793823,0.23124325275421143,0.19081711769104004,0.2193830907344818,51.61541748046875,0.35433661937713623,0.45786482095718384,0.10858765244483948,0.407943457365036,0.20131105184555054,3428.781931202626,7.571322897571742,0.151519775390625,Tomato___Late_blight
0.41222459077835083,0.3914182782173157,0.34993976354599,0.16951219737529755,0.13755568861961365,0.17569653689861298,26.160552978515625,0.250896155834198,0.4278283715248108,0.02067224681377411,0.39291083812713623,0.15002593398094177,1843.8268735101447,7.019072904250148,0.0614471435546875,Tomato___Tomato_Yellow_Leaf_Curl_Virus
0.5026881098747253,0.48549240827560425,0.43668332695961,0.21799220144748688,0.19548632204532623,0.2424560934305191,7.26995849609375,0.2838580310344696,0.5254859924316406,0.03161328285932541,0.4850696921348572,0.20425112545490265,9641.77191094216,7.503735715333778,0.2662200927734375,Tomato___Early_blight
0.3671252429485321,0.40782392024993896,0.32188788056373596,0.1802174597978592,0.11729451268911362,0.18247060477733612,52.894317626953125,0.3253505229949951,0.4307563006877899,0.12663479149341583,0.38585835695266724,0.14035460352897644,1361.858297325438,7.0064770951443744,0.08172607421875,Tomato___Bacterial_spot
0.5069417357444763,0.5083426833152771,0.4665895104408264,0.20123827457427979,0.18301387131214142,0.2163761407136917,13.601531982421875,0.1913338005542755,0.5315727591514587,0.04315413162112236,0.5031639337539673,0.1902024745941162,7416.710124461912,7.45485229735386,0.2112884521484375,Tomato___Spider_mites Two-spotted_spider_mite
0.47230011224746704,0.5261502265930176,0.37619471549987793,0.11443843692541122,0.10625698417425156,0.16205590963363647,94.6417236328125,0.28325915336608887,0.5270037651062012,0.203805610537529,0.4929541349411011,0.10148117691278458,173.22123670205474,6.532740538005091,0.0470733642578125,Tomato___Tomato_Yellow_Leaf_Curl_Virus
0.4462178945541382,0.47656792402267456,0.4193166196346283,0.20950371026992798,0.1689174771308899,0.20800566673278809,22.300323486328125,0.23728041350841522,0.49871087074279785,0.08760125190019608,0.46096664667129517,0.18140959739685059,1786.2656068725046,7.396119639638766,0.1077880859375,Tomato___Tomato_Yellow_Leaf_Curl_Virus
0.3931126594543457,0.4305558502674103,0.3766807019710541,0.15730471909046173,0.10845986008644104,0.15734656155109406,37.402099609375,0.19418969750404358,0.43910980224609375,0.0913182869553566,0.41321855783462524,0.12626662850379944,1203.1751849835273,6.874024467354629,0.0468292236328125,Tomato___Bacterial_spot
0.47458481788635254,0.47034430503845215,0.43089306354522705,0.19065271317958832,0.18562866747379303,0.2031630575656891,12.301055908203125,0.20858599245548248,0.4969773292541504,0.03521070256829262,0.46711477637290955,0.18679288029670715,21074.08220842108,7.513515236571157,0.3336944580078125,Tomato___healthy
0.4639713764190674,0.5214647650718689,0.37603357434272766,0.11124692857265472,0.1066567450761795,0.16552384197711945,110.11932373046875,0.27234360575675964,0.5235680341720581,0.20292456448078156,0.4876950979232788,0.0989321693778038,17.844367468496785,6.545157680028653,0.0034637451171875,Tomato___Tomato_Yellow_Leaf_Curl_Virus
0.6107513904571533,0.6641321182250977,0.5649466514587402,0.1528022289276123,0.09092400968074799,0.17014119029045105,44.538970947265625,0.21161045134067535,0.6883867383003235,0.15256617963314056,0.6368641257286072,0.11053765565156937,1045.1792895644903,6.722100179340529,0.0510406494140625,Tomato___Septoria_leaf_spot
0.514431893825531,0.5153684616088867,0.4865227937698364,0.1781473159790039,0.16150601208209991,0.18578191101551056,20.23504638671875,0.13410937786102295,0.5352969169616699,0.029782170429825783,0.5117999911308289,0.167885884642601,6574.086730805924,7.345103830147488,0.18212890625,Tomato___Spider_mites Two-spotted_spider_mite
0.5215793251991272,0.5695028305053711,0.499225378036499,0.20971108973026276,0.17260277271270752,0.24035599827766418,122.18341064453125,0.23202216625213623,0.5898483991622925,0.11820093542337418,0.5471621155738831,0.18839383125305176,8878.64476331696,7.5062555105560556,0.2357177734375,Tomato___Septoria_leaf_spot
0.3801277279853821,0.401119589805603,0.3716139793395996,0.16753733158111572,0.1445569396018982,0.17895682156085968,322.4961242675781,0.20505008101463318,0.42394760251045227,0.050497498363256454,0.3914794325828552,0.15149331092834473,1942.6052402853966,7.1952699240246,0.086639404296875,Tomato___Late_blight
0.5172993540763855,0.4964293837547302,0.42499250173568726,0.22473961114883423,0.18802039325237274,0.22667303681373596,35.47393798828125,0.2881866991519928,0.5394593477249146,0.05056697875261307,0.4945257306098938,0.2010190337896347,5762.641010498395,7.3616864362837475,0.18646240234375,Tomato___Tomato_Yellow_Leaf_Curl_Virus
0.42822685837745667,0.43151938915252686,0.4159073829650879,0.1555555760860443,0.11938297003507614,0.16406935453414917,331.220947265625,0.17922621965408325,0.46086832880973816,0.018904561176896095,0.42875516414642334,0.13253827393054962,2698.7973156606313,7.019836770027747,0.0955047607421875,Tomato___Bacterial_spot
0.3825914263725281,0.4518149197101593,0.5172753930091858,0.10085927695035934,0.09624787420034409,0.15668459236621857,202.46119689941406,0.297515869140625,0.5377090573310852,0.0037629464641213417,0.43857958912849426,0.10179155319929123,542.2847888320684,6.434984101852503,0.044647216796875,Tomato___Leaf_Mold
0.541150689125061,0.5273364186286926,0.500461220741272,0.20579750835895538,0.1690143495798111,0.19810235500335693,17.87103271484375,0.1552850604057312,0.561320960521698,0.01306086964905262,0.528403103351593,0.1820332556962967,3890.8607786512002,7.202934395110266,0.1185455322265625,Tomato___Leaf_Mold
0.42333316802978516,0.4189021587371826,0.3658379912376404,0.19714240729808807,0.16575421392917633,0.20953238010406494,32.944732666015625,0.2710937559604645,0.4464569091796875,0.048633117228746414,0.41417771577835083,0.17823001742362976,2705.402325301431,7.273112635743233,0.117095947265625,Tomato___Tomato_Yellow_Leaf_Curl_Virus
0.4415827989578247,0.4712001085281372,0.37284594774246216,0.14913898706436157,0.10592444986104965,0.15897512435913086,43.081756591796875,0.3046971559524536,0.506309986114502,0.12797145545482635,0.4511321485042572,0.11472470313310623,1432.9069439263549,6.708989049130128,0.0556182861328125,Tomato___Septoria_leaf_spot
0.5149226784706116,0.5642805099487305,0.3919700086116791,0.11765454709529877,0.12750104069709778,0.13984178006649017,91.5067138671875,0.2646281123161316,0.5652273893356323,0.2216683179140091,0.529879093170166,0.10542964190244675,459.4310808442533,6.5754028858149525,0.055938720703125,Tomato___Tomato_Yellow_Leaf_Curl_Virus
0.507089376449585,0.507037878036499,0.4496667981147766,0.2262553870677948,0.22962678968906403,0.2696809470653534,356.1221618652344,0.30644717812538147,0.5500581860542297,0.057319555431604385,0.500512957572937,0.22880719602108002,6483.0414815170225,7.635290640591865,0.189178466796875,Tomato___Late_blight
0.5450751185417175,0.5107662677764893,0.4515848457813263,0.19671745598316193,0.17053139209747314,0.19424280524253845,34.71728515625,0.24222975969314575,0.5588593482971191,0.02487260475754738,0.5142779350280762,0.17957234382629395,7035.750880842796,7.353016287979156,0.211761474609375,Tomato___Spider_mites Two-spotted_spider_mite
0.38292038440704346,0.4030914902687073,0.3744744062423706,0.14464826881885529,0.09569132328033447,0.12992919981479645,27.010650634765625,0.17391328513622284,0.42084193229675293,0.04878821596503258,0.39379799365997314,0.11282163858413696,926.0722075158264,6.687934273022678,0.024749755859375,Tomato___Bacterial_spot
0.43698689341545105,0.4769352972507477,0.30746304988861084,0.14435867965221405,0.15214166045188904,0.15830965340137482,77.643798828125,0.32291996479034424,0.4783855676651001,0.20942053198814392,0.4456709027290344,0.13637864589691162,103.95319842523895,6.988942409570911,0.0283203125,Tomato___Tomato_Yellow_Leaf_Curl_Virus
0.4483206272125244,0.44441014528274536,0.3884264826774597,0.249318927526474,0.23908038437366486,0.26554074883461,37.927642822265625,0.3353518545627594,0.48656824231147766,0.0520731657743454,0.43919724225997925,0.24142608046531677,6361.552556431852,7.630214389072469,0.175567626953125,Tomato___Late_blight
0.4967039227485657,0.4243239462375641,0.358458548784256,0.18331626057624817,0.16155222058296204,0.17644003033638,27.231658935546875,0.3484818935394287,0.5046089291572571,-0.0065144868567585945,0.4384568929672241,0.16735658049583435,10829.544569160556,7.3046920257727646,0.2653350830078125,Tomato___Spider_mites Two-spotted_spider_mite
0.5155271887779236,0.5361130833625793,0.4909113943576813,0.08271477371454239,0.08955472707748413,0.08375155180692673,327.72259521484375,0.11195063591003418,0.5502463579177856,0.06578753143548965,0.5248048901557922,0.07848827540874481,466.07286188658327,6.24797906090743,0.0148773193359375,Tomato___healthy
0.5822089910507202,0.6311081051826477,0.545944333076477,0.23260268568992615,0.16709454357624054,0.24223868548870087,48.346435546875,0.22130876779556274,0.6538987159729004,0.1340630203485489,0.6067785024642944,0.1920250505208969,9187.774816121906,7.51462199142959,0.244354248046875,Tomato___Septoria_leaf_spot
0.5063402056694031,0.5368487238883972,0.35562098026275635,0.11301977187395096,0.11828634887933731,0.15688376128673553,74.95294189453125,0.321159303188324,0.5429822206497192,0.2117362916469574,0.5070667266845703,0.10478009283542633,330.5949473937508,6.618760779017893,0.04998779296875,Tomato___Bacterial_spot
0.46205833554267883,0.5078065991401672,0.4087613821029663,0.07623554021120071,0.07215879112482071,0.12065614759922028,118.0673828125,0.20209376513957977,0.5108966827392578,0.14479346573352814,0.4828367233276367,0.06756173819303513,150.39855955541134,6.083417148252712,0.019012451171875,Tomato___Bacterial_spot
0.44523581862449646,0.44621962308883667,0.4502096474170685,0.08920472115278244,0.07571326941251755,0.14013026654720306,260.75634765625,0.2532644271850586,0.5133978724479675,-0.003006226383149624,0.4463803172111511,0.07229440659284592,1284.3584345430136,6.152430711159522,0.048675537109375,Tomato___Septoria_leaf_spot
0.4168500602245331,0.44909054040908813,0.4047517478466034,0.1634310930967331,0.1151994913816452,0.16943444311618805,312.75579833984375,0.21607506275177002,0.46892669796943665,0.07657924294471741,0.43439602851867676,0.1313176304101944,897.928553249687,6.972657468648611,0.056976318359375,Tomato___Tomato_Yellow_Leaf_Curl_Virus
0.43697264790534973,0.5031870007514954,0.26248061656951904,0.14960908889770508,0.1509598195552826,0.20524318516254425,73.57077026367188,0.453453004360199,0.5039380192756653,0.30692073702812195,0.4559483528137207,0.1406773030757904,71.76115025486797,7.128702076459695,0.017364501953125,Tomato___Tomato_Yellow_Leaf_Curl_Virus
0.6055119633674622,0.5982253551483154,0.579099178314209,0.18814462423324585,0.14442621171474457,0.20791354775428772,327.9820556640625,0.18305586278438568,0.6414339542388916,0.011839630082249641,0.5982236862182617,0.16003146767616272,9376.44146875944,7.209486981580977,0.2548370361328125,Tomato___Tomato_mosaic_virus
0.518295168876648,0.5713999271392822,0.3992917239665985,0.08790457248687744,0.10789891332387924,0.1370193064212799,91.59811401367188,0.2680076062679291,0.5719254016876221,0.22521299123764038,0.5359012484550476,0.08368126302957535,35.444686878239736,6.236942619074756,0.0141143798828125,Tomato___Tomato_Yellow_Leaf_Curl_Virus
0.48028135299682617,0.4510014057159424,0.39716899394989014,0.19882860779762268,0.16444019973278046,0.1942785531282425,33.5933837890625,0.2644475996494293,0.5001418590545654,0.024552468210458755,0.45361921191215515,0.17599895596504211,6356.506598472595,7.396063886908569,0.2181396484375,Tomato___Spider_mites Two-spotted_spider_mite
0.42350709438323975,0.4400683045387268,0.4394829273223877,0.17691786587238312,0.17988072335720062,0.20129844546318054,207.7686767578125,0.21302378177642822,0.48175010085105896,0.017146633937954903,0.43504980206489563,0.17901068925857544,13797.954379022121,7.376214471123147,0.2974395751953125,Tomato___healthy
0.376430869102478,0.3682578504085541,0.32636409997940063,0.23873589932918549,0.21172982454299927,0.23594069480895996,29.4447021484375,0.3115614056587219,0.39992469549179077,0.033720728009939194,0.365925669670105,0.2209603190422058,4098.166491104057,7.454181144485994,0.143707275390625,Tomato___Late_blight
0.33263489603996277,0.390216201543808,0.2516331374645233,0.14147622883319855,0.13411760330200195,0.1684928983449936,75.0289306640625,0.36965522170066833,0.3916561007499695,0.19616436958312988,0.3572009205818176,0.13186153769493103,157.39048620685935,6.97037817264633,0.038360595703125,Tomato___Tomato_Yellow_Leaf_Curl_Virus
0.479015588760376,0.49142441153526306,0.4692568778991699,0.24503517150878906,0.22965730726718903,0.2506149113178253,41.134735107421875,0.18147142231464386,0.5171289443969727,0.03457630053162575,0.4851870834827423,0.23446477949619293,3883.334379940992,7.353342772916061,0.137603759765625,Tomato___Early_blight
0.4873833656311035,0.4682903289794922,0.39920783042907715,0.23772647976875305,0.19731856882572174,0.23284994065761566,38.8233642578125,0.3051111102104187,0.5092542171478271,0.04998953267931938,0.4661237299442291,0.2115064412355423,6265.2686032652855,7.491970236863599,0.2397003173828125,Tomato___Tomato_Yellow_Leaf_Curl_Virus
0.4121442139148712,0.42182907462120056,0.3912319540977478,0.2237989753484726,0.2299458384513855,0.2852822244167328,131.4434814453125,0.29354289174079895,0.45007139444351196,0.04028194770216942,0.4154452085494995,0.23296219110488892,1126.2951387427747,7.478593256757181,0.0915374755859375,Tomato___Early_blight
0.4303310513496399,0.38800492882728577,0.33615270256996155,0.15306980907917023,0.1259017139673233,0.16209137439727783,21.852508544921875,0.30285245180130005,0.44685670733451843,0.009526150301098824,0.3947492837905884,0.13434329628944397,3984.1955425590277,7.071059392972698,0.16021728515625,Tomato___Tomato_Yellow_Leaf_Curl_Virus
0.44906824827194214,0.5084888339042664,0.43030375242233276,0.08558887243270874,0.06426987797021866,0.09432448446750641,10.156402587890625,0.17595311999320984,0.5171689391136169,0.13760556280612946,0.48180899024009705,0.05887312814593315,130.12631593621336,5.877637583548609,0.012298583984375,Tomato___Late_blight
0.3051011562347412,0.376237154006958,0.3128524720668793,0.17179176211357117,0.1256512850522995,0.17970137298107147,156.946044921875,0.30385711789131165,0.3818187415599823,0.1345207244157791,0.3477416932582855,0.14196394383907318,948.5888367888983,6.942280612761689,0.0493927001953125,Tomato___Early_blight
0.37305283546447754,0.39690008759498596,0.3611333668231964,0.17818406224250793,0.12864536046981812,0.15718120336532593,59.810089111328125,0.20091482996940613,0.41567879915237427,0.05961400270462036,0.3856923580169678,0.145493745803833,603.4072471996769,6.9318158848513765,0.026092529296875,Tomato___Bacterial_spot
0.430572509765625,0.4313585162162781,0.395929217338562,0.13290302455425262,0.09787048399448395,0.15024414658546448,357.9100036621094,0.18036063015460968,0.4532525837421417,0.036215271800756454,0.4270845651626587,0.1115618646144867,2208.3647918680217,6.731421456359442,0.0948486328125,Tomato___Tomato_Yellow_Leaf_Curl_Virus
0.4378144145011902,0.4563884139060974,0.4085448980331421,0.19739730656147003,0.14846767485141754,0.19818496704101562,23.147552490234375,0.21601863205432892,0.4766545295715332,0.06641744077205658,0.44538062810897827,0.16656340658664703,2578.7229455613997,7.177625702642474,0.1125946044921875,Tomato___Tomato_Yellow_Leaf_Curl_Virus
0.4122826159000397,0.4140944182872772,0.3287884593009949,0.22692057490348816,0.2005106657743454,0.22742600739002228,46.22900390625,0.34044089913368225,0.43770158290863037,0.0871177613735199,0.40382781624794006,0.2084989994764328,6266.359453577315,7.516363689802246,0.1855010986328125,Tomato___Early_blight
0.4545046091079712,0.47635242342948914,0.39459702372550964,0.12064854800701141,0.06774299591779709,0.133949413895607,37.181182861328125,0.2692526578903198,0.5103433132171631,0.10360322147607803,0.4604997932910919,0.08136967569589615,968.2655235668644,6.414422511628593,0.0393524169921875,Tomato___Septoria_leaf_spot
0.5002233982086182,0.48468485474586487,0.43632397055625916,0.2409883290529251,0.20330247282981873,0.23157870769500732,35.20458984375,0.241398885846138,0.5235380530357361,0.03282231464982033,0.48381778597831726,0.21620289981365204,3224.1159496100154,7.468657670507012,0.1204681396484375,Tomato___Late_blight
0.5090463161468506,0.4455273151397705,0.41280698776245117,0.14116695523262024,0.14410510659217834,0.12208394706249237,316.356201171875,0.2510863244533539,0.5115723013877869,-0.030798640102148056,0.46078935265541077,0.1239745169878006,3128.474780138349,6.789109774359006,0.0854949951171875,Tomato___Septoria_leaf_spot
0.459618479013443,0.5057769417762756,0.35932379961013794,0.10542964935302734,0.1089995801448822,0.1384168416261673,76.64285278320312,0.26654312014579773,0.506051778793335,0.19261159002780914,0.47527992725372314,0.09552081674337387,74.60114829149097,6.477953454993528,0.0236968994140625,Tomato___Tomato_Yellow_Leaf_Curl_Virus
0.4514203667640686,0.4489959478378296,0.4192398190498352,0.19310304522514343,0.14951062202453613,0.20028811693191528,11.23248291015625,0.21342767775058746,0.47910574078559875,0.027331722900271416,0.44632861018180847,0.16676747798919678,6278.532343353843,7.267152741312881,0.2063140869140625,Tomato___Septoria_leaf_spot
0.4308266043663025,0.454796701669693,0.41356879472732544,0.18401513993740082,0.13662667572498322,0.1828494369983673,35.35321044921875,0.21572770178318024,0.4817890226840973,0.06519805639982224,0.4429296553134918,0.15278185904026031,1837.3371431818232,7.149831023540697,0.1076202392578125,Tomato___Target_Spot
0.36582282185554504,0.4041912853717804,0.36751049757003784,0.16746510565280914,0.11011547595262527,0.14481809735298157,59.00885009765625,0.2089497298002243,0.41877561807632446,0.07504924386739731,0.3885374963283539,0.1297329217195511,715.9750623106956,6.77983670376666,0.026763916015625,Tomato___Bacterial_spot
0.43436890840530396,0.45333045721054077,0.4117819368839264,0.2153465449810028,0.19635966420173645,0.22456884384155273,5.098968505859375,0.24649152159690857,0.4761844873428345,0.06051001697778702,0.442924439907074,0.20227374136447906,8292.312818286708,7.412095599272005,0.2340850830078125,Tomato___Target_Spot
0.38471728563308716,0.40433794260025024,0.35562023520469666,0.1804228127002716,0.15753702819347382,0.19033674895763397,42.658935546875,0.21917612850666046,0.41504937410354614,0.06833837181329727,0.3929175138473511,0.16602906584739685,1232.8955349773169,7.207321511224436,0.0736083984375,Tomato___Bacterial_spot
0.45544323325157166,0.449942409992218,0.4108826518058777,0.06069497764110565,0.07163161784410477,0.09259894490242004,329.6277160644531,0.14656612277030945,0.4718869626522064,0.0335589274764061,0.4471343457698822,0.05836537107825279,353.3613891666755,5.738143128866179,0.018157958984375,Tomato___Late_blight
0.45879948139190674,0.4574226140975952,0.4067508280277252,0.11531800031661987,0.1124766618013382,0.14127950370311737,333.16522216796875,0.17846477031707764,0.4755508005619049,0.04929486662149429,0.45205774903297424,0.1119350790977478,227.90642642020248,6.686948664656873,0.051361083984375,Tomato___Early_blight
0.6349751949310303,0.666222870349884,0.5657963752746582,0.1434444934129715,0.09294242411851883,0.1761307269334793,32.0330810546875,0.21206258237361908,0.6942874193191528,0.1316741555929184,0.6454311609268188,0.10907705128192902,704.3736218130216,6.630040364885598,0.042327880859375,Tomato___Septoria_leaf_spot
0.4505752623081207,0.4569627046585083,0.32569336891174316,0.11334966123104095,0.11922594904899597,0.15606467425823212,8.18426513671875,0.3953500986099243,0.4969744086265564,0.13765671849250793,0.4400881826877594,0.10162576287984848,1478.2428862487432,6.6693904865643105,0.05816650390625,Tomato___Septoria_leaf_spot
0.40601950883865356,0.44373196363449097,0.3357695937156677,0.20113155245780945,0.17330101132392883,0.20632925629615784,52.592132568359375,0.3259589970111847,0.4622388482093811,0.14567478001117706,0.42014819383621216,0.18016250431537628,3159.708808145486,7.265648889338509,0.138214111328125,Tomato___Tomato_Yellow_Leaf_Curl_Virus
0.49042975902557373,0.4840552806854248,0.41507861018180847,0.24022774398326874,0.2001524418592453,0.24894125759601593,34.950592041015625,0.2911526560783386,0.516822099685669,0.06260209530591965,0.47809791564941406,0.21551136672496796,4595.209767963737,7.415440145903245,0.1858978271484375,Tomato___Tomato_Yellow_Leaf_Curl_Virus
0.37338727712631226,0.39874064922332764,0.3532922565937042,0.15615864098072052,0.10778307169675827,0.138761967420578,61.71539306640625,0.21393242478370667,0.41777724027633667,0.07080180197954178,0.3859788775444031,0.12361183017492294,858.0886125825346,6.842103770278965,0.0458221435546875,Tomato___Bacterial_spot
0.38838377594947815,0.4384823143482208,0.3290158808231354,0.10135022550821304,0.10202530026435852,0.1395079344511032,121.93060302734375,0.24890288710594177,0.44184958934783936,0.15956498682498932,0.41102373600006104,0.09478162229061127,100.84316882654093,6.541648534414974,0.0180511474609375,Tomato___Tomato_Yellow_Leaf_Curl_Virus
0.4250558614730835,0.3796636760234833,0.3341408371925354,0.24691258370876312,0.2285093069076538,0.24974121153354645,23.938934326171875,0.35747867822647095,0.43112635612487793,0.00013062823563814163,0.3880463242530823,0.23531673848628998,3087.084716736339,7.344964885275403,0.118988037109375,Tomato___Late_blight
0.35474589467048645,0.4057779312133789,0.25850898027420044,0.09964461624622345,0.12423890084028244,0.1240432858467102,74.22711181640625,0.31578874588012695,0.4066258668899536,0.1983010321855545,0.37373068928718567,0.10233492404222488,218.04185924655758,6.662294017836421,0.0442657470703125,Tomato___Tomato_Yellow_Leaf_Curl_Virus
0.47264447808265686,0.4818874001502991,0.4483259916305542,0.1708841770887375,0.1697356253862381,0.23583360016345978,275.28900146484375,0.22420038282871246,0.5059100389480591,0.042804375290870667,0.4752977788448334,0.175916850566864,1124.785887941718,7.324760214233084,0.0726470947265625,Tomato___Early_blight
0.4446321129798889,0.464854896068573,0.41200292110443115,0.18950022757053375,0.1796736717224121,0.22341127693653107,9.49713134765625,0.27569517493247986,0.4918636083602905,0.07307475805282593,0.45278316736221313,0.18389324843883514,18075.377758822404,7.547375888367711,0.3369903564453125,Tomato___healthy
0.4706580638885498,0.47986897826194763,0.40639209747314453,0.1768033504486084,0.12710019946098328,0.18283198773860931,34.7044677734375,0.26240888237953186,0.514367938041687,0.0826878547668457,0.4687385857105255,0.14358823001384735,2159.1685787290335,7.108372979920405,0.13690185546875,Tomato___Tomato_Yellow_Leaf_Curl_Virus
0.41821449995040894,0.46018391847610474,0.35717639327049255,0.18316905200481415,0.12422722578048706,0.19866430759429932,38.24749755859375,0.31837955117225647,0.4820466637611389,0.1449769288301468,0.4358922243118286,0.14444294571876526,572.0583773097023,7.1155981784274775,0.0696868896484375,Tomato___Tomato_Yellow_Leaf_Curl_Virus
0.47449129819869995,0.4907100200653076,0.45754146575927734,0.18775956332683563,0.14327490329742432,0.1871458739042282,11.168792724609375,0.19535405933856964,0.5214548110961914,0.049387376755476,0.4820794463157654,0.15800489485263824,3386.2752507289406,7.197166440349733,0.137298583984375,Tomato___Target_Spot
0.4939935803413391,0.48733144998550415,0.4524802565574646,0.20369790494441986,0.18840178847312927,0.21878693997859955,4.017181396484375,0.18852126598358154,0.5123403072357178,0.02818908914923668,0.4853503704071045,0.1944204866886139,7590.978404443478,7.372848833061115,0.208526611328125,Tomato___Spider_mites Two-spotted_spider_mite
0.39440327882766724,0.4114212393760681,0.37142306566238403,0.17077414691448212,0.12213603407144547,0.17311431467533112,358.42431640625,0.22796322405338287,0.43743664026260376,0.057016123086214066,0.4017730951309204,0.13854849338531494,3450.89620977547,7.0952116935988325,0.130889892578125,Tomato___Tomato_Yellow_Leaf_Curl_Virus
0.38154715299606323,0.41213294863700867,0.3789070248603821,0.16188988089561462,0.10995461791753769,0.1728232204914093,260.7747802734375,0.2299073040485382,0.43167102336883545,0.0638117864727974,0.3992000222206116,0.12928886711597443,1211.9508648132905,6.822794623290413,0.0489501953125,Tomato___Tomato_Yellow_Leaf_Curl_Virus
0.3275664448738098,0.42290353775024414,0.5216416120529175,0.09795067459344864,0.11057107150554657,0.16441115736961365,202.44223022460938,0.4222176969051361,0.5522473454475403,-0.00340102706104517,0.40565386414527893,0.10490290075540543,626.4395186563488,6.580452708917527,0.0454254150390625,Tomato___Leaf_Mold
0.4666256308555603,0.4451664090156555,0.395025372505188,0.23995545506477356,0.21819433569908142,0.2410358190536499,36.791351318359375,0.28231921792030334,0.48489099740982056,0.02868192084133625,0.4458666443824768,0.2257789522409439,5253.5935575813055,7.5176740594538405,0.1654815673828125,Tomato___Spider_mites Two-spotted_spider_mite
0.4702475965023041,0.4790559411048889,0.4435933530330658,0.17446252703666687,0.15982511639595032,0.19795306026935577,321.66986083984375,0.20090262591838837,0.5041683912277222,0.04427100718021393,0.47237953543663025,0.16467517614364624,16276.412618681556,7.366105330044824,0.327178955078125,Tomato___healthy
0.46695587038993835,0.5119528770446777,0.4954967796802521,0.20331406593322754,0.15089264512062073,0.25146305561065674,204.64895629882812,0.2768435776233673,0.5670408010482788,0.06145307421684265,0.496622771024704,0.17425310611724854,3615.5824271207675,7.14221931284839,0.1295318603515625,Tomato___Septoria_leaf_spot
0.45719367265701294,0.46219760179519653,0.4025222659111023,0.20016831159591675,0.1957324594259262,0.2117317169904709,31.66949462890625,0.23843222856521606,0.4857717454433441,0.06467925757169724,0.45389842987060547,0.196167454123497,8376.570407511434,7.388978498134518,0.246429443359375,Tomato___Spider_mites Two-spotted_spider_mite
0.34745389223098755,0.3775668144226074,0.3053240180015564,0.1536717265844345,0.10332336276769638,0.15454000234603882,53.08160400390625,0.2964740991592407,0.4007073640823364,0.10235577821731567,0.36032742261886597,0.12079209089279175,957.7218663953245,6.805260944915899,0.060760498046875,Tomato___Bacterial_spot
0.42674168944358826,0.49432265758514404,0.4159882664680481,0.10887561738491058,0.09869926422834396,0.12185409665107727,168.163330078125,0.19137424230575562,0.502181887626648,0.14591537415981293,0.46518582105636597,0.0968337133526802,5296.064437626861,6.666273243138362,0.149932861328125,Tomato___healthy
0.3240150809288025,0.35340622067451477,0.27614161372184753,0.1555374711751938,0.11601255089044571,0.16832737624645233,39.507843017578125,0.326956182718277,0.37162140011787415,0.10665564984083176,0.335810124874115,0.1294509619474411,926.3272128512617,7.0343229930375255,0.0532379150390625,Tomato___Tomato_Yellow_Leaf_Curl_Virus
0.5038818120956421,0.48111239075660706,0.4035615026950836,0.21989357471466064,0.18219906091690063,0.2134128212928772,40.38885498046875,0.30704954266548157,0.5277248620986938,0.05478139594197273,0.47907963395118713,0.19461533427238464,8837.263655051589,7.496430250578122,0.27386474609375,Tomato___Tomato_Yellow_Leaf_Curl_Virus
0.4111497402191162,0.39373719692230225,0.3610352873802185,0.18539099395275116,0.1507694125175476,0.1791439801454544,25.125946044921875,0.22892840206623077,0.4309871792793274,0.015289366245269775,0.39521557092666626,0.16294090449810028,3240.855821854435,7.196333856914404,0.10406494140625,Tomato___Tomato_Yellow_Leaf_Curl_Virus
0.4397209882736206,0.4910849332809448,0.37283042073249817,0.09614061564207077,0.09008819609880447,0.15190592408180237,93.34881591796875,0.23840788006782532,0.4914567172527313,0.16961848735809326,0.4622461199760437,0.08747204393148422,240.31950585450977,6.367811796407963,0.03839111328125,Tomato___Tomato_Yellow_Leaf_Curl_Virus
0.45616552233695984,0.45828938484191895,0.41723814606666565,0.18904541432857513,0.17718639969825745,0.190675288438797,24.000091552734375,0.19518524408340454,0.48433610796928406,0.04317507520318031,0.45297449827194214,0.17986860871315002,10400.327279159566,7.375479697477007,0.2716217041015625,Tomato___Spider_mites Two-spotted_spider_mite
0.442238450050354,0.4910438060760498,0.3167673945426941,0.13589154183864594,0.14225532114505768,0.17141835391521454,74.90814208984375,0.32462242245674133,0.49167442321777344,0.22308184206485748,0.45658349990844727,0.12762567400932312,160.05974700208753,6.928770024270995,0.0388336181640625,Tomato___Tomato_Yellow_Leaf_Curl_Virus
0.461963027715683,0.4710760712623596,0.4314131736755371,0.12480540573596954,0.11349336057901382,0.14350946247577667,327.19580078125,0.1595993936061859,0.4926389753818512,0.048775892704725266,0.4638296961784363,0.11228890717029572,461.31396327819675,6.676803975379078,0.0262908935546875,Tomato___Late_blight
0.48391634225845337,0.4714027941226959,0.46550920605659485,0.19816447794437408,0.17771652340888977,0.20605197548866272,333.2847900390625,0.18366801738739014,0.5073023438453674,-0.006620039232075214,0.4744724631309509,0.18504679203033447,12471.380919918418,7.418124185976201,0.2604217529296875,Tomato___Target_Spot
0.5268892049789429,0.5678826570510864,0.5018103718757629,0.20405833423137665,0.16440458595752716,0.2376401722431183,289.7541809082031,0.23687569797039032,0.5916632413864136,0.10706578195095062,0.5480933785438538,0.18011966347694397,4894.907486725366,7.357021221361325,0.161773681640625,Tomato___Septoria_leaf_spot
0.4081239104270935,0.4511316418647766,0.3580700159072876,0.1478056162595749,0.10216963291168213,0.16036850214004517,39.8349609375,0.2702932059764862,0.4704677164554596,0.13606944680213928,0.42766332626342773,0.11523404717445374,172.17863052501343,6.676452590105999,0.0130767822265625,Tomato___Tomato_Yellow_Leaf_Curl_Virus
0.4132341146469116,0.4790418744087219,0.2376105785369873,0.13235650956630707,0.1467280089855194,0.18873906135559082,73.70263671875,0.45877429842948914,0.4809340834617615,0.3072390556335449,0.431842178106308,0.12635333836078644,45.14661338715814,6.876920938294277,0.0177154541015625,Tomato___Tomato_Yellow_Leaf_Curl_Virus
0.41427135467529297,0.48957812786102295,0.3204362988471985,0.12332908064126968,0.10817252844572067,0.1625281125307083,84.38690185546875,0.34837791323661804,0.4900888502597809,0.2444484978914261,0.44777920842170715,0.10611232370138168,162.24607783718966,6.759512472214598,0.0704803466796875,Tomato___Tomato_Yellow_Leaf_Curl_Virus
0.692595362663269,0.7018058896064758,0.620623767375946,0.1826533079147339,0.14599569141864777,0.24199719727039337,353.6800231933594,0.2032044231891632,0.7287155985832214,0.09039278328418732,0.6897971630096436,0.1624569147825241,5130.25183341559,6.994778671934059,0.1733551025390625,Tomato___Septoria_leaf_spot
0.39858943223953247,0.38091397285461426,0.3221192955970764,0.22859011590480804,0.20438477396965027,0.22650304436683655,36.16033935546875,0.31300175189971924,0.4180834889411926,0.041119206696748734,0.37949633598327637,0.2121650129556656,4258.721047013067,7.627708062614827,0.1678466796875,Tomato___Late_blight
0.35703444480895996,0.3632219135761261,0.31778383255004883,0.17965036630630493,0.1583000272512436,0.19444310665130615,16.778656005859375,0.25760725140571594,0.3827207386493683,0.051625512540340424,0.3561919033527374,0.16598737239837646,2922.000762337586,7.279946016962276,0.1101531982421875,Tomato___Late_blight
0.4790002703666687,0.46578556299209595,0.4270978569984436,0.08571256697177887,0.10058021545410156,0.1405099630355835,309.06646728515625,0.2710779011249542,0.5215306878089905,0.02547297067940235,0.46532636880874634,0.08210258185863495,323.961424138397,6.347802200694908,0.0239410400390625,Tomato___Septoria_leaf_spot
0.44595783948898315,0.47457462549209595,0.4691121578216553,0.21141447126865387,0.18195129930973053,0.24493210017681122,214.67713928222656,0.252189040184021,0.5224335789680481,0.03407921642065048,0.4653954803943634,0.1947544664144516,5461.501386705553,7.430648331783521,0.1672210693359375,Tomato___Septoria_leaf_spot
0.3935524821281433,0.4146210849285126,0.37809303402900696,0.18645328283309937,0.13361014425754547,0.16140037775039673,59.865203857421875,0.19864460825920105,0.4354005455970764,0.05759672820568085,0.4041574001312256,0.1516409069299698,637.2343578652944,6.918761549740804,0.0235443115234375,Tomato___Bacterial_spot
0.5212918519973755,0.5302749872207642,0.5013867020606995,0.24481050670146942,0.2168402373790741,0.2520008981227875,7.64227294921875,0.18836504220962524,0.558149516582489,0.03787153959274292,0.5242957472801208,0.22700060904026031,4268.020874479553,7.555720107482847,0.1602935791015625,Tomato___Early_blight
0.4406741261482239,0.43274423480033875,0.40223756432533264,0.19872640073299408,0.1937577873468399,0.21265113353729248,7.43585205078125,0.22855493426322937,0.4595046043395996,0.022576844319701195,0.4316375255584717,0.19560974836349487,22807.503505706787,7.562811283055934,0.33111572265625,Tomato___healthy
0.48283931612968445,0.49655571579933167,0.4709516167640686,0.17746388912200928,0.18124254047870636,0.20329217612743378,225.66204833984375,0.23653773963451385,0.5357120037078857,0.03932040557265282,0.4895356297492981,0.17923465371131897,13483.807455956936,7.374260704973192,0.3095855712890625,Tomato___healthy
0.5854887366294861,0.5730292797088623,0.5247241854667664,0.2041102796792984,0.20533514022827148,0.25360414385795593,320.7848205566406,0.2360398769378662,0.6127408146858215,0.035845592617988586,0.571247935295105,0.20652146637439728,4737.374326970428,7.351629889333002,0.150054931640625,Tomato___Septoria_leaf_spot
0.47070181369781494,0.5266847610473633,0.3647686839103699,0.11345546692609787,0.10287588834762573,0.16488291323184967,84.19171142578125,0.3027808666229248,0.5269375443458557,0.21789893507957458,0.49148741364479065,0.10045475512742996,237.3586721420288,6.628563928680752,0.052642822265625,Tomato___Tomato_Yellow_Leaf_Curl_Virus
0.4017636477947235,0.35536327958106995,0.2802828550338745,0.22348281741142273,0.21790221333503723,0.22203662991523743,22.176300048828125,0.4005710482597351,0.40662798285484314,0.028680061921477318,0.3606778085231781,0.21656347811222076,3879.271206483012,7.419651556061623,0.1608734130859375,Tomato___Early_blight
0.3963737189769745,0.424548476934433,0.35649222135543823,0.16618847846984863,0.1249188557267189,0.1830892115831375,25.324615478515625,0.2487623542547226,0.44094908237457275,0.09623102843761444,0.40836581587791443,0.14007584750652313,777.6063764160499,7.1181059037566055,0.026824951171875,Tomato___Tomato_Yellow_Leaf_Curl_Virus
0.42217180132865906,0.4410415589809418,0.38461339473724365,0.23951542377471924,0.19862893223762512,0.2248317003250122,59.09527587890625,0.2485118806362152,0.4640195071697235,0.07529788464307785,0.4289667308330536,0.2122129201889038,4108.990440737223,7.6362400036787506,0.151824951171875,Tomato___Late_blight
0.37183475494384766,0.43560555577278137,0.48704761266708374,0.11880987137556076,0.11515676230192184,0.2049926519393921,189.22808837890625,0.3077971041202545,0.526116132736206,0.012328682467341423,0.42240244150161743,0.12239678204059601,817.5590635852423,6.821011106984229,0.0761260986328125,Tomato___Leaf_Mold
0.39363858103752136,0.3983212113380432,0.4368389844894409,0.1409720480442047,0.11804487556219101,0.15564213693141937,250.07247924804688,0.239966481924057,0.4640529155731201,-0.03383519500494003,0.4013121426105499,0.12367665767669678,6670.361276162555,6.999988516782357,0.2111053466796875,Tomato___Tomato_mosaic_virus
0.4704597294330597,0.447238564491272,0.44462934136390686,0.08033772557973862,0.07849065214395523,0.08854904770851135,324.7919616699219,0.10572116076946259,0.4768095314502716,-0.020611874759197235,0.4538842737674713,0.0760331079363823,820.5591333769262,6.265015339971603,0.020660400390625,Tomato___Late_blight
0.48797380924224854,0.45885592699050903,0.3812946677207947,0.21447040140628815,0.18770791590213776,0.21708205342292786,36.263214111328125,0.3306407332420349,0.5081700682640076,0.04844336956739426,0.4587201774120331,0.19601446390151978,8135.631587855285,7.450512375099217,0.2709197998046875,Tomato___Tomato_Yellow_Leaf_Curl_Virus
0.4398382008075714,0.488569438457489,0.2709251642227173,0.14117909967899323,0.1506006419658661,0.16418185830116272,66.47332763671875,0.3971106708049774,0.4902647137641907,0.2663755714893341,0.44918736815452576,0.12995672225952148,44.55698805465363,7.041343584503408,0.015472412109375,Tomato___Tomato_Yellow_Leaf_Curl_Virus
0.5297614336013794,0.5573961734771729,0.5093551874160767,0.2093370109796524,0.18205790221691132,0.24200648069381714,232.32760620117188,0.23594516515731812,0.5879614353179932,0.07567564398050308,0.5436567068099976,0.193369060754776,9521.889388814336,7.525515810566976,0.2529144287109375,Tomato___Septoria_leaf_spot
0.45471110939979553,0.4585127532482147,0.430154025554657,0.20447412133216858,0.20343764126300812,0.2215890884399414,17.91448974609375,0.20721979439258575,0.4821547865867615,0.03216032311320305,0.4541431963443756,0.20417341589927673,17907.327360209078,7.542162351529331,0.3206024169921875,Tomato___healthy
0.46522057056427,0.4609692692756653,0.43348875641822815,0.22556112706661224,0.21291612088680267,0.22919520735740662,23.5238037109375,0.18664558231830597,0.4851863384246826,0.023229142650961876,0.4591076374053955,0.21702691912651062,7994.259670867585,7.5807594230915845,0.1895751953125,Tomato___Target_Spot
0.4332255721092224,0.47354865074157715,0.41229212284088135,0.22213895618915558,0.2021021991968155,0.2519799768924713,114.29507446289062,0.29914507269859314,0.4962947368621826,0.10157955437898636,0.45450878143310547,0.2110600620508194,9744.746535900747,7.558500549440147,0.2490997314453125,Tomato___Target_Spot
0.42823126912117004,0.49953633546829224,0.34767627716064453,0.17508788406848907,0.14275065064430237,0.2184322029352188,82.7486572265625,0.35360294580459595,0.5006275773048401,0.2231651246547699,0.460904061794281,0.15495909750461578,211.69100638851523,7.114872227564929,0.090728759765625,Tomato___Tomato_Yellow_Leaf_Curl_Virus
0.5018774271011353,0.46299731731414795,0.4061833918094635,0.2275303453207016,0.20307937264442444,0.20573371648788452,42.879547119140625,0.2639559209346771,0.5154705047607422,0.017933806404471397,0.4681457281112671,0.20919713377952576,7425.72520750924,7.449920146894643,0.190948486328125,Tomato___Spider_mites Two-spotted_spider_mite
0.4731377959251404,0.5252162218093872,0.37919294834136963,0.1254333108663559,0.10730299353599548,0.18559867143630981,86.73605346679688,0.28903043270111084,0.5255146622657776,0.1981016993522644,0.4929981231689453,0.1102096289396286,119.48965449538082,6.521135676006649,0.03765869140625,Tomato___Tomato_Yellow_Leaf_Curl_Virus
0.3903278708457947,0.43328148126602173,0.2536220848560333,0.11246324330568314,0.11473632603883743,0.12964719533920288,63.9742431640625,0.393292635679245,0.43721604347229004,0.22261297702789307,0.39995718002319336,0.10090454667806625,71.76567060663365,6.6462995664427895,0.0090179443359375,Tomato___Tomato_Yellow_Leaf_Curl_Virus
0.476735919713974,0.49380773305892944,0.4478831887245178,0.21033068001270294,0.19105497002601624,0.23967784643173218,1.12493896484375,0.2510603368282318,0.5196865200996399,0.06299642473459244,0.48346787691116333,0.19931425154209137,7286.594478241168,7.463169364488023,0.21307373046875,Tomato___Target_Spot
0.364414244890213,0.4200941324234009,0.26835858821868896,0.11712515354156494,0.12459327280521393,0.15003609657287598,97.42141723632812,0.3473394513130188,0.4212392270565033,0.20741549134254456,0.38614803552627563,0.11250908672809601,82.27460021688603,6.859183802067427,0.029937744140625,Tomato___Tomato_Yellow_Leaf_Curl_Virus
0.3441859483718872,0.3967368006706238,0.26115190982818604,0.1344316303730011,0.14875075221061707,0.1666797548532486,75.96246337890625,0.3218843936920166,0.3988993167877197,0.18813572824001312,0.3655673861503601,0.1358020305633545,48.82246858533472,6.991638453854731,0.01129150390625,Tomato___Tomato_Yellow_Leaf_Curl_Virus
0.4731549322605133,0.5152820348739624,0.4573947787284851,0.19427600502967834,0.1285698264837265,0.20952051877975464,338.4685363769531,0.2269074022769928,0.5344228744506836,0.10001441836357117,0.4960869252681732,0.15368905663490295,1333.0310408731457,6.989103741123454,0.0636444091796875,Tomato___Tomato_Yellow_Leaf_Curl_Virus
0.4775257110595703,0.44903960824012756,0.37087342143058777,0.22694294154644012,0.19309008121490479,0.21630270779132843,41.27667236328125,0.3403773307800293,0.4979820251464844,0.04968004673719406,0.44864600896835327,0.20353050529956818,8056.339295253158,7.51840384116255,0.2439422607421875,Tomato___Tomato_Yellow_Leaf_Curl_Virus
0.35451531410217285,0.40097782015800476,0.3441612422466278,0.0791676864027977,0.08287983387708664,0.09059116244316101,193.23045349121094,0.18483881652355194,0.41162556409835815,0.10327914357185364,0.3806084394454956,0.07529256492853165,4128.813991180621,6.284289396514075,0.1165313720703125,Tomato___healthy
0.4661572575569153,0.4491896331310272,0.4016215205192566,0.17971429228782654,0.12837697565555573,0.17586900293827057,27.42974853515625,0.23157767951488495,0.4912802577018738,0.03060045652091503,0.4488401710987091,0.14728944003582,4709.978287487291,7.017110305151066,0.1620635986328125,Tomato___Leaf_Mold
0.3751757740974426,0.4196569323539734,0.3368399441242218,0.16201406717300415,0.09629593044519424,0.1696598082780838,29.561920166015625,0.2991940379142761,0.44205668568611145,0.12729810178279877,0.39691591262817383,0.11746382713317871,1617.3564217379317,6.816259887462519,0.07086181640625,Tomato___Tomato_Yellow_Leaf_Curl_Virus
0.43020543456077576,0.4405434727668762,0.3952813148498535,0.20557564496994019,0.1894555389881134,0.2117064893245697,39.72088623046875,0.22854603826999664,0.462398886680603,0.05560009554028511,0.43229252099990845,0.19448024034500122,8492.115903960308,7.458276839974665,0.2437286376953125,Tomato___Target_Spot
0.46738409996032715,0.5272799730300903,0.38556724786758423,0.1031324714422226,0.09170306473970413,0.1507902294397354,85.64910888671875,0.2682376205921173,0.5284217596054077,0.20160864293575287,0.4932158589363098,0.09021946042776108,198.10732100903988,6.430258222987515,0.04425048828125,Tomato___Tomato_Yellow_Leaf_Curl_Virus
0.4090108871459961,0.4001261293888092,0.3836267590522766,0.14371511340141296,0.10326676070690155,0.1556081920862198,341.05352783203125,0.20883789658546448,0.43574967980384827,0.0076146721839904785,0.40090176463127136,0.11837198585271835,2138.517021264881,6.886469432065224,0.0735321044921875,Tomato___Spider_mites Two-spotted_spider_mite
0.4712735414505005,0.469799667596817,0.4109137952327728,0.15617182850837708,0.10730747133493423,0.16331185400485992,22.537506103515625,0.2241758555173874,0.5062548518180847,0.057411883026361465,0.4635273814201355,0.12389692664146423,2789.5079510351643,6.888323707588453,0.171234130859375,Tomato___Leaf_Mold
0.4421118497848511,0.45610156655311584,0.433119535446167,0.1805393397808075,0.1641167253255844,0.20864053070545197,276.541259765625,0.21876730024814606,0.48556846380233765,0.03697168827056885,0.4492986798286438,0.17161661386489868,6442.174770473503,7.322334851993806,0.199493408203125,Tomato___Target_Spot
0.33473607897758484,0.3572954833507538,0.3056560456752777,0.1542220413684845,0.1137680932879448,0.16535982489585876,22.026519775390625,0.27398252487182617,0.3769761919975281,0.0741988867521286,0.3446633219718933,0.12802238762378693,650.2519277406391,6.984091445168826,0.0332183837890625,Tomato___Tomato_Yellow_Leaf_Curl_Virus
0.39956480264663696,0.43362194299697876,0.4535343647003174,0.14883007109165192,0.10664396733045578,0.16526857018470764,218.37269592285156,0.20803707838058472,0.4762353301048279,0.01414471585303545,0.4257088899612427,0.12483403086662292,348.1537455879152,6.508648228966338,0.0166473388671875,Tomato___Leaf_Mold
0.5081609487533569,0.5132909417152405,0.502482533454895,0.19830575585365295,0.17097890377044678,0.20256176590919495,311.5406799316406,0.16701649129390717,0.5443834066390991,0.01593843847513199,0.5105249881744385,0.1803193837404251,9984.3672331532,7.3792315906135295,0.2443084716796875,Tomato___Target_Spot
0.44356799125671387,0.4278057813644409,0.36599963903427124,0.22760096192359924,0.20027685165405273,0.21610088646411896,47.800994873046875,0.30504074692726135,0.46768200397491455,0.04604391008615494,0.42547279596328735,0.20831666886806488,8381.287904567784,7.492383557875458,0.2342529296875,Tomato___Spider_mites Two-spotted_spider_mite
0.5235317945480347,0.5131803154945374,0.48420560359954834,0.16082392632961273,0.12745065987110138,0.17291121184825897,1.986724853515625,0.1671564131975174,0.5475801825523376,0.018623268231749535,0.5129722952842712,0.14002297818660736,4190.9924085845705,7.128818098993538,0.135162353515625,Tomato___Spider_mites Two-spotted_spider_mite
0.5254136919975281,0.4961881637573242,0.4282066822052002,0.21240553259849548,0.18836940824985504,0.22317913174629211,32.714385986328125,0.28213557600975037,0.5403406620025635,0.03875601291656494,0.4971767067909241,0.19743886590003967,6033.486940542003,7.45529052176748,0.228424072265625,Tomato___Tomato_Yellow_Leaf_Curl_Virus
0.500516951084137,0.49448859691619873,0.45657047629356384,0.1824888437986374,0.14693140983581543,0.1909123957157135,14.950531005859375,0.18827424943447113,0.5266973376274109,0.03188979625701904,0.49196839332580566,0.16046379506587982,4854.449446977815,7.278704913516873,0.1620025634765625,Tomato___Spider_mites Two-spotted_spider_mite
0.4218490719795227,0.4182141125202179,0.3493468761444092,0.13081231713294983,0.10449280589818954,0.13837972283363342,30.678131103515625,0.24474464356899261,0.4479601979255676,0.0652322843670845,0.4114500880241394,0.11073828488588333,1716.022438313812,6.8295265165892,0.0774383544921875,Tomato___Bacterial_spot
0.34298384189605713,0.3800603449344635,0.32165515422821045,0.18977013230323792,0.14524579048156738,0.18975457549095154,57.508697509765625,0.3098711371421814,0.4013448655605316,0.09548172354698181,0.3623163104057312,0.16001386940479279,2536.1676634168252,7.2410563010456155,0.127349853515625,Tomato___Early_blight
0.46153849363327026,0.4899256229400635,0.4022166430950165,0.178813636302948,0.13560478389263153,0.20764057338237762,32.441802978515625,0.30733686685562134,0.5185497999191284,0.1160961166024208,0.47143903374671936,0.14994171261787415,8001.139452878153,7.211830126289257,0.2377777099609375,Tomato___Septoria_leaf_spot
0.5149492025375366,0.5041924715042114,0.47864973545074463,0.17691974341869354,0.1561393290758133,0.2005959153175354,339.4293518066406,0.19108946621418,0.5365316867828369,0.014786128886044025,0.5044968724250793,0.1644894778728485,9536.489772643894,7.303289634360221,0.2309112548828125,Tomato___Spider_mites Two-spotted_spider_mite
0.4645366072654724,0.4403185248374939,0.3961951434612274,0.16812866926193237,0.1405266374349594,0.18298818171024323,17.230072021484375,0.2355114072561264,0.48032146692276,0.019905297085642815,0.44252967834472656,0.15115958452224731,2727.639939329587,7.111232223529223,0.14312744140625,Tomato___Tomato_Yellow_Leaf_Curl_Virus
0.41936224699020386,0.4602627158164978,0.4009466767311096,0.15771128237247467,0.11255665868520737,0.1530485302209854,60.60235595703125,0.21167273819446564,0.4764662981033325,0.10021655261516571,0.44127142429351807,0.12722447514533997,414.48463712539524,6.763186642320729,0.034576416015625,Tomato___Bacterial_spot
0.4569142162799835,0.43789005279541016,0.4308008551597595,0.07469269633293152,0.0820891335606575,0.0788102075457573,288.2122802734375,0.1447262167930603,0.47233009338378906,-0.011935004964470863,0.4427700936794281,0.071633480489254,549.8997116945684,5.785929030159001,0.0388336181640625,Tomato___Late_blight
0.45681923627853394,0.5498629212379456,0.3263847529888153,0.07903508096933365,0.09561991691589355,0.184617280960083,89.7451171875,0.37105318903923035,0.551031768321991,0.31652188301086426,0.49656638503074646,0.06808844953775406,200.98715659580193,6.011124340794465,0.0366973876953125,Tomato___Tomato_Yellow_Leaf_Curl_Virus
0.4709170162677765,0.4630916714668274,0.40679192543029785,0.14900453388690948,0.1286054253578186,0.1686551719903946,11.42669677734375,0.23162174224853516,0.4997585415840149,0.04847448691725731,0.45901328325271606,0.13342271745204926,6057.238580307923,7.077197246798187,0.2133331298828125,Tomato___Tomato_Yellow_Leaf_Curl_Virus
0.4972274899482727,0.4896237850189209,0.46677592396736145,0.22859905660152435,0.20646582543849945,0.236750066280365,7.435943603515625,0.1835416853427887,0.518014669418335,0.015244249254465103,0.4892926514148712,0.2151472270488739,4488.011880054139,7.56307447912774,0.13311767578125,Tomato___Spider_mites Two-spotted_spider_mite
0.3583459258079529,0.3806409239768982,0.32825976610183716,0.19938181340694427,0.15193870663642883,0.1900361180305481,57.919036865234375,0.2613034248352051,0.4006490707397461,0.07467615604400635,0.3680032789707184,0.16914597153663635,937.3526830291376,7.060627606680683,0.0430450439453125,Tomato___Bacterial_spot
0.4626421630382538,0.4268953204154968,0.4403197467327118,0.10246406495571136,0.09961175173521042,0.11025528609752655,317.4999084472656,0.12793807685375214,0.46722790598869324,-0.04917124658823013,0.439113974571228,0.09980151057243347,729.0686486379709,6.400983306422306,0.029266357421875,Tomato___Late_blight
0.4560739994049072,0.45604434609413147,0.3952590227127075,0.10632742196321487,0.10173532366752625,0.13307419419288635,359.5135803222656,0.2178371697664261,0.48871275782585144,0.0607556588947773,0.44912368059158325,0.09469623863697052,566.2981816446409,6.48044115156412,0.0279388427734375,Tomato___Late_blight
0.5061946511268616,0.48745548725128174,0.48812609910964966,0.17469246685504913,0.1370532512664795,0.17819732427597046,328.2530212402344,0.16018880903720856,0.5273487567901611,-0.019409723579883575,0.49313491582870483,0.1509648710489273,4357.318942061625,7.182520185167475,0.144561767578125,Tomato___Tomato_mosaic_virus
0.554169237613678,0.6255302429199219,0.4301760196685791,0.14633111655712128,0.14688274264335632,0.19153563678264618,87.90487670898438,0.30013585090637207,0.6261935234069824,0.26671531796455383,0.5819230079650879,0.13871531188488007,51.29659193661064,7.04771832826938,0.01971435546875,Tomato___Tomato_Yellow_Leaf_Curl_Virus
0.4560614228248596,0.44992703199386597,0.42726823687553406,0.2156943380832672,0.19343771040439606,0.2102941870689392,19.954864501953125,0.18976488709449768,0.4809472858905792,0.01652437448501587,0.4491780996322632,0.2002851963043213,3649.661850389093,7.182656144192607,0.14190673828125,Tomato___Early_blight
0.37266188859939575,0.4092591106891632,0.3297494947910309,0.1708812117576599,0.121439129114151,0.1850873976945877,37.38153076171875,0.30478402972221375,0.42836058139801025,0.11610682308673859,0.3892524242401123,0.13853655755519867,801.8411543928087,6.958024515031348,0.063140869140625,Tomato___Tomato_Yellow_Leaf_Curl_Virus
0.47177743911743164,0.46277689933776855,0.4291737377643585,0.1852075308561325,0.17539086937904358,0.19321796298027039,8.0614013671875,0.23118461668491364,0.5008517503738403,0.024602612480521202,0.4616372585296631,0.1764139086008072,8870.574835777283,7.316815200120278,0.241058349609375,Tomato___Target_Spot
0.44992005825042725,0.5069074630737305,0.34593555331230164,0.07079552859067917,0.09962328523397446,0.1186995580792427,79.5255126953125,0.3016003668308258,0.5087747573852539,0.21795931458473206,0.4715174436569214,0.07929717004299164,153.8387628858909,6.192696176152853,0.0256195068359375,Tomato___Bacterial_spot
0.4291185736656189,0.5196638107299805,0.3300827145576477,0.11750780045986176,0.10304912179708481,0.18069060146808624,102.23953247070312,0.359577476978302,0.5209352970123291,0.2801263630390167,0.4709785580635071,0.0983056053519249,167.87943013734184,6.60064645933099,0.03875732421875,Tomato___Tomato_Yellow_Leaf_Curl_Virus
0.5002242922782898,0.4752616584300995,0.42659875750541687,0.1769578754901886,0.14363938570022583,0.17952057719230652,22.26654052734375,0.22574077546596527,0.522017776966095,0.02370031364262104,0.4771779179573059,0.15439032018184662,5823.68127672351,7.20375745801463,0.193878173828125,Tomato___Tomato_Yellow_Leaf_Curl_Virus
0.3845965564250946,0.39663583040237427,0.3725638687610626,0.17179766297340393,0.12882739305496216,0.1477007120847702,54.97381591796875,0.1759665161371231,0.41791221499443054,0.03611127287149429,0.39029186964035034,0.14274989068508148,1282.4851134978235,7.08616437327079,0.058502197265625,Tomato___Bacterial_spot
0.4343773126602173,0.4696003794670105,0.4139394462108612,0.18493710458278656,0.1283668726682663,0.18317565321922302,13.957489013671875,0.2178124040365219,0.49058231711387634,0.09088398516178131,0.45272332429885864,0.14727269113063812,223.5715613923967,7.11767090231462,0.039794921875,Tomato___Tomato_Yellow_Leaf_Curl_Virus
0.40377670526504517,0.4044290781021118,0.3278530240058899,0.23160535097122192,0.19743843376636505,0.22777990996837616,45.6876220703125,0.3578524887561798,0.43615084886550903,0.07722838968038559,0.395504355430603,0.20846138894557953,5807.614181634039,7.469141156513841,0.2084503173828125,Tomato___Tomato_Yellow_Leaf_Curl_Virus
0.4168435037136078,0.41582316160202026,0.3457649052143097,0.1307464987039566,0.08887337893247604,0.13941462337970734,37.973846435546875,0.25894060730934143,0.4492545425891876,0.06903782486915588,0.4081415832042694,0.1018170565366745,1705.1649514620658,6.676802882132353,0.077056884765625,Tomato___Bacterial_spot
0.4132739305496216,0.46544310450553894,0.41072145104408264,0.17971114814281464,0.12101588398218155,0.1783473789691925,37.24310302734375,0.1949339658021927,0.4712846875190735,0.10689087212085724,0.44360625743865967,0.14378073811531067,666.759929597145,6.863230022630063,0.0288848876953125,Tomato___Bacterial_spot
0.3736761510372162,0.40591275691986084,0.36473333835601807,0.19981327652931213,0.14443723857402802,0.19656610488891602,0.90924072265625,0.2520078718662262,0.42626363039016724,0.07341602444648743,0.3915795683860779,0.16379238665103912,228.89347763708793,7.141635839307481,0.020751953125,Tomato___Tomato_Yellow_Leaf_Curl_Virus
0.4250682294368744,0.4932699203491211,0.32766929268836975,0.10512937605381012,0.08427707850933075,0.16994838416576385,80.13119506835938,0.33566513657569885,0.49474966526031494,0.23380236327648163,0.4539991617202759,0.08373875170946121,284.53743031970225,6.400776132246686,0.0465850830078125,Tomato___Tomato_Yellow_Leaf_Curl_Virus
0.42879730463027954,0.46380943059921265,0.41896963119506836,0.19829311966896057,0.13784773647785187,0.1865735650062561,52.612945556640625,0.20368286967277527,0.4805048406124115,0.07985188066959381,0.4482290744781494,0.160256028175354,973.4434026812669,6.865904348543056,0.0560455322265625,Tomato___Bacterial_spot
0.5228527784347534,0.5099161267280579,0.4505532383918762,0.2420906275510788,0.19840379059314728,0.2365196943283081,40.167236328125,0.25409749150276184,0.547193706035614,0.04642633721232414,0.5070167779922485,0.2143983542919159,5665.302017200505,7.567073423790058,0.2079620361328125,Tomato___Tomato_Yellow_Leaf_Curl_Virus
0.32320013642311096,0.36575019359588623,0.36508023738861084,0.1600475013256073,0.11445661634206772,0.16135498881340027,210.91317749023438,0.2773170471191406,0.40319618582725525,0.04322001710534096,0.3529513478279114,0.13051043450832367,593.0669280141592,6.959006700114438,0.04052734375,Tomato___Leaf_Mold
0.4064190089702606,0.4788598120212555,0.3353659510612488,0.11769995838403702,0.0996432676911354,0.1580696851015091,91.62557983398438,0.3084033131599426,0.48081156611442566,0.21593473851680756,0.4408417344093323,0.10047699511051178,316.1086029326543,6.621160961158361,0.059326171875,Tomato___Tomato_Yellow_Leaf_Curl_Virus
0.369813472032547,0.3979712724685669,0.37556272745132446,0.18002310395240784,0.13256493210792542,0.15199820697307587,65.73361206054688,0.19426187872886658,0.41430965065956116,0.05056631565093994,0.3869975209236145,0.14778709411621094,1410.4274973513093,7.011375091193405,0.0373077392578125,Tomato___Bacterial_spot
0.4071408808231354,0.484919935464859,0.2889769673347473,0.12464164942502975,0.12111935764551163,0.18263384699821472,88.80133056640625,0.38777071237564087,0.4850923418998718,0.2737220823764801,0.43932655453681946,0.11311439424753189,204.05423443182372,6.773629350179087,0.050811767578125,Tomato___Tomato_Yellow_Leaf_Curl_Virus
0.5315365791320801,0.49972885847091675,0.41986802220344543,0.19400396943092346,0.16588565707206726,0.21268410980701447,29.28228759765625,0.2891105115413666,0.5468581914901733,0.048053041100502014,0.5001351833343506,0.17616577446460724,5285.122059685877,7.279058834949506,0.2026214599609375,Tomato___Tomato_Yellow_Leaf_Curl_Virus
0.453107088804245,0.5112001895904541,0.3609139025211334,0.0829615667462349,0.0711994543671608,0.14716753363609314,91.54013061523438,0.2886705994606018,0.5117650628089905,0.20837949216365814,0.47669774293899536,0.06771835684776306,78.11106575257145,6.099634744437426,0.0116424560546875,Tomato___Tomato_Yellow_Leaf_Curl_Virus
0.34676119685173035,0.4019540548324585,0.35092586278915405,0.16078871488571167,0.11560901254415512,0.15035304427146912,92.40560913085938,0.22243215143680573,0.4093686640262604,0.1062210351228714,0.37963414192199707,0.1312505155801773,1191.4090010484215,6.99045822614417,0.0660552978515625,Tomato___Bacterial_spot
0.40052860975265503,0.4470961391925812,0.269850492477417,0.13330619037151337,0.1353457123041153,0.1721731573343277,73.14105224609375,0.37977129220962524,0.4480568766593933,0.22381317615509033,0.41296645998954773,0.1259676218032837,72.81211684807204,6.990214983539467,0.0280609130859375,Tomato___Tomato_Yellow_Leaf_Curl_Virus
0.5980720520019531,0.5448232293128967,0.49941548705101013,0.15340158343315125,0.15879248082637787,0.20360484719276428,339.9642333984375,0.2330324798822403,0.6003312468528748,-0.007841103710234165,0.5555681586265564,0.15555334091186523,10681.568361129612,7.164611631182496,0.3031463623046875,Tomato___Septoria_leaf_spot
0.5336031913757324,0.47525447607040405,0.3976660370826721,0.1849416047334671,0.16139580309391022,0.18157434463500977,33.473297119140625,0.3208487331867218,0.5443665385246277,0.019239719957113266,0.48385560512542725,0.16819241642951965,7149.676647362998,7.290774762829776,0.20440673828125,Tomato___Spider_mites Two-spotted_spider_mite
0.41271132230758667,0.4196053445339203,0.43267208337783813,0.2151096761226654,0.21136130392551422,0.23456475138664246,239.81851196289062,0.25091320276260376,0.4735937714576721,-0.006172749679535627,0.41903364658355713,0.21204257011413574,18399.17694551288,7.525843826753386,0.305450439453125,Tomato___Septoria_leaf_spot
0.5136556625366211,0.5211649537086487,0.4470849335193634,0.1302843540906906,0.07410426437854767,0.17783711850643158,355.11981201171875,0.273012638092041,0.5619867444038391,0.08158934861421585,0.5104745626449585,0.09121903777122498,3153.2374255508184,6.464299491233879,0.093292236328125,Tomato___Septoria_leaf_spot
0.4225154519081116,0.4778788089752197,0.3342812955379486,0.10840343683958054,0.11070127040147781,0.15215729176998138,94.341064453125,0.29061171412467957,0.4789978265762329,0.1989608108997345,0.4449550211429596,0.10139140486717224,83.52327455743216,6.568621832208108,0.032379150390625,Tomato___Tomato_Yellow_Leaf_Curl_Virus
0.46399766206741333,0.49441254138946533,0.4184696078300476,0.11866511404514313,0.08040429651737213,0.127863347530365,40.131591796875,0.2202530950307846,0.5197964906692505,0.10635782778263092,0.47666099667549133,0.08921150118112564,545.5601623652037,6.500054503899978,0.0423583984375,Tomato___Bacterial_spot
0.40091031789779663,0.42821088433265686,0.41952359676361084,0.16546550393104553,0.13852545619010925,0.1945919245481491,236.97760009765625,0.2525618076324463,0.47381681203842163,0.03598782420158386,0.4190576672554016,0.1474360078573227,5330.038146972656,7.234786489965067,0.2153167724609375,Tomato___Tomato_mosaic_virus
0.4976634383201599,0.55118328332901,0.3938872218132019,0.08093304187059402,0.10205162316560745,0.146872416138649,87.94195556640625,0.25472915172576904,0.5520132184028625,0.21081587672233582,0.5172491669654846,0.07801225036382675,171.01328062056564,6.165093423837983,0.0334930419921875,Tomato___Tomato_Yellow_Leaf_Curl_Virus
0.470334529876709,0.42292776703834534,0.3717416524887085,0.22667571902275085,0.20653167366981506,0.2191665768623352,26.97021484375,0.291610985994339,0.47325485944747925,0.003779335180297494,0.4312671720981598,0.21289056539535522,3401.0552039705217,7.222792634379317,0.14044189453125,Tomato___Late_blight
0.38733816146850586,0.40229982137680054,0.37950533628463745,0.1834011822938919,0.1375458836555481,0.16971834003925323,29.237640380859375,0.1841380000114441,0.42120280861854553,0.03775617107748985,0.39522773027420044,0.154000386595726,1250.0723731496837,6.91708603546018,0.04241943359375,Tomato___Bacterial_spot
0.41399362683296204,0.4256824254989624,0.3927098512649536,0.16842319071292877,0.11849240958690643,0.18285860121250153,346.5977783203125,0.23834314942359924,0.45667436718940735,0.04466133192181587,0.41842859983444214,0.1373031586408615,2752.9234468927607,7.058583425404126,0.0995025634765625,Tomato___Spider_mites Two-spotted_spider_mite
0.4538910984992981,0.5206658244132996,0.35662591457366943,0.11365295946598053,0.09544304758310318,0.18237902224063873,78.98263549804688,0.30866917967796326,0.5210574865341187,0.23081456124782562,0.48199963569641113,0.09449387341737747,289.54151445045136,6.560426846781399,0.0421600341796875,Tomato___Tomato_Yellow_Leaf_Curl_Virus
0.3979966640472412,0.4052028954029083,0.34351643919944763,0.12407847493886948,0.09582522511482239,0.1381080597639084,35.270599365234375,0.2388993501663208,0.4286532402038574,0.06889266520738602,0.3960159718990326,0.10470306873321533,1999.4959251796827,6.740333014880572,0.1119232177734375,Tomato___Bacterial_spot
0.443371444940567,0.4035351574420929,0.3544100821018219,0.23054100573062897,0.20638011395931244,0.22320795059204102,28.374847412109375,0.30799007415771484,0.4539969861507416,0.009288772940635681,0.4098459482192993,0.2138839066028595,6967.414346884703,7.529828263188422,0.2138824462890625,Tomato___Late_blight
0.40794020891189575,0.4513705372810364,0.3603815734386444,0.1325836330652237,0.10409799963235855,0.1817256510257721,352.745849609375,0.3064708709716797,0.4729248583316803,0.13441935181617737,0.4280121326446533,0.1126832365989685,2339.530334338546,6.780202586212344,0.1057586669921875,Tomato___Tomato_Yellow_Leaf_Curl_Virus
0.33997735381126404,0.37351107597351074,0.30280449986457825,0.1576313078403473,0.11671862006187439,0.156602680683136,59.95318603515625,0.29390573501586914,0.39413607120513916,0.10424027591943741,0.3554239273071289,0.12962375581264496,1506.0184543719515,6.963149243535595,0.0675201416015625,Tomato___Bacterial_spot
0.3990342617034912,0.4743921458721161,0.2908722758293152,0.10921318829059601,0.08743598312139511,0.1793593168258667,74.626708984375,0.37493205070495605,0.47481074929237366,0.25887781381607056,0.4309388995170593,0.08476677536964417,64.64211409911513,6.40752160689512,0.015289306640625,Tomato___Tomato_Yellow_Leaf_Curl_Virus
0.4868518114089966,0.44935452938079834,0.39117133617401123,0.20041009783744812,0.17230594158172607,0.1849699318408966,40.5335693359375,0.27071595191955566,0.5031932592391968,0.0206859540194273,0.45393332839012146,0.18004445731639862,7734.744856624864,7.38184828943004,0.2176666259765625,Tomato___Spider_mites Two-spotted_spider_mite
0.3416403532028198,0.37098467350006104,0.3496250510215759,0.15428881347179413,0.10990404337644577,0.13047990202903748,69.20489501953125,0.1868201345205307,0.3844900131225586,0.05070394277572632,0.35977572202682495,0.12423405796289444,882.2132369838655,6.73452433282294,0.0285186767578125,Tomato___Bacterial_spot
0.4039364159107208,0.4393691420555115,0.3546036183834076,0.2048569619655609,0.17114585638046265,0.20456726849079132,51.78717041015625,0.2977024018764496,0.45958301424980164,0.12019822001457214,0.4191115200519562,0.1805504560470581,4898.590378849767,7.319886090786191,0.191864013671875,Tomato___Tomato_Yellow_Leaf_Curl_Virus
0.39581042528152466,0.42916789650917053,0.37789279222488403,0.1726941019296646,0.1252961903810501,0.17896759510040283,343.64239501953125,0.24197018146514893,0.4466405212879181,0.08463254570960999,0.41334864497184753,0.1415819227695465,970.9485773444176,7.039363347577942,0.0758514404296875,Tomato___Tomato_Yellow_Leaf_Curl_Virus
0.5030416250228882,0.5726862549781799,0.42528197169303894,0.12278411537408829,0.08449762314558029,0.19928719103336334,95.0592041015625,0.2702033519744873,0.5732031464576721,0.21704894304275513,0.5350584387779236,0.09607570618391037,239.7994634376373,6.371007816190445,0.0450439453125,Tomato___Tomato_Yellow_Leaf_Curl_Virus
0.42105454206466675,0.43938347697257996,0.36729276180267334,0.15189488232135773,0.11522455513477325,0.14957962930202484,47.305267333984375,0.2518198788166046,0.46827107667922974,0.09041962772607803,0.4256848394870758,0.12534375488758087,1781.925934891915,6.953645350322124,0.076751708984375,Tomato___Bacterial_spot
0.480836421251297,0.5020138621330261,0.48030126094818115,0.19119052588939667,0.16697615385055542,0.21089163422584534,224.28250122070312,0.1833658218383789,0.5281774997711182,0.04289006441831589,0.49320659041404724,0.17708192765712738,9671.285838212818,7.422200711855823,0.228912353515625,Tomato___Target_Spot
0.3240250051021576,0.3593924343585968,0.3151266872882843,0.16515178978443146,0.11474799364805222,0.15435157716274261,72.46820068359375,0.248920276761055,0.3737494647502899,0.07963316142559052,0.3437712490558624,0.1330510526895523,107.75129701732658,6.566634168964038,0.0195770263671875,Tomato___Bacterial_spot
0.4675385355949402,0.46249663829803467,0.4264024496078491,0.20872865617275238,0.1749950796365738,0.1989912986755371,37.43023681640625,0.2012130469083786,0.4948023855686188,0.0310523584485054,0.4598894417285919,0.1861535757780075,3848.479712927481,7.375291451949522,0.1411895751953125,Tomato___Spider_mites Two-spotted_spider_mite
0.3586899936199188,0.4114319086074829,0.43699127435684204,0.11195874959230423,0.08959805965423584,0.1511651873588562,205.955322265625,0.2533922493457794,0.4630735516548157,0.027182551100850105,0.3985758423805237,0.10118439048528671,678.220061555272,6.602482693917883,0.0164947509765625,Tomato___Leaf_Mold
0.4349293112754822,0.4333987236022949,0.47085320949554443,0.16163639724254608,0.13485506176948547,0.1808767467737198,251.26736450195312,0.1997026801109314,0.4916003346443176,-0.03898501396179199,0.43812617659568787,0.1459418684244156,4608.181050237268,7.104273331740602,0.1568756103515625,Tomato___Tomato_mosaic_virus
0.43097496032714844,0.45643728971481323,0.40279674530029297,0.2197439968585968,0.20863284170627594,0.24553756415843964,32.3480224609375,0.28794628381729126,0.4811386466026306,0.0791027620434761,0.4427090287208557,0.21260938048362732,8087.603399673244,7.489697080310387,0.2062225341796875,Tomato___Target_Spot
0.501267671585083,0.46928930282592773,0.47730040550231934,0.13255688548088074,0.09626398235559464,0.14587031304836273,322.2334289550781,0.19508667290210724,0.5254179239273071,-0.03998952731490135,0.47976410388946533,0.1066000834107399,6177.460532516008,6.610722707683648,0.1885223388671875,Tomato___Tomato_mosaic_virus
0.4756929278373718,0.4377361536026001,0.380894273519516,0.2102402299642563,0.18255947530269623,0.20041966438293457,32.78643798828125,0.288451611995697,0.4852585196495056,0.018885117024183273,0.44260522723197937,0.19153068959712982,6459.113122551702,7.22531969121499,0.22998046875,Tomato___Tomato_Yellow_Leaf_Curl_Virus
0.5025089979171753,0.503365159034729,0.4614630937576294,0.20208360254764557,0.18082229793071747,0.21509583294391632,18.7054443359375,0.20954275131225586,0.5338550806045532,0.042758241295814514,0.49833229184150696,0.18819408118724823,7526.613479852444,7.477460105708392,0.2169342041015625,Tomato___Target_Spot
0.5156785845756531,0.5599009394645691,0.49367406964302063,0.21007433533668518,0.17926259338855743,0.23614777624607086,131.14706420898438,0.22265630960464478,0.5795878171920776,0.11044922471046448,0.5391286015510559,0.19170628488063812,6606.967377885943,7.464384792860471,0.2042388916015625,Tomato___Septoria_leaf_spot
0.3904430866241455,0.41378581523895264,0.3832697868347168,0.10170891880989075,0.10595860332250595,0.09959986805915833,240.24375915527344,0.12216271460056305,0.4250859022140503,0.05385873094201088,0.4033275246620178,0.1011732667684555,4065.934424354695,6.729010135030522,0.1200714111328125,Tomato___healthy
0.4658671021461487,0.4595913589000702,0.41603460907936096,0.2271253913640976,0.20320582389831543,0.2354157567024231,15.6776123046875,0.2412472665309906,0.4917152225971222,0.037280935794115067,0.4565023183822632,0.21150797605514526,6004.045920192264,7.477423079040265,0.1701507568359375,Tomato___Early_blight
0.4414602220058441,0.4073032736778259,0.3187137544155121,0.20283086597919464,0.198497474193573,0.20095188915729523,39.65643310546875,0.3888757824897766,0.45992621779441833,0.05443258956074715,0.40741702914237976,0.19707231223583221,7142.2533487044275,7.258444424725361,0.216064453125,Tomato___Spider_mites Two-spotted_spider_mite
0.37422019243240356,0.3471592962741852,0.33050552010536194,0.1929553598165512,0.1870875358581543,0.21042247116565704,1.1881103515625,0.23604963719844818,0.3783283531665802,-0.010407093912363052,0.35335198044776917,0.19066233932971954,3399.359810229391,7.342887419687494,0.1423797607421875,Tomato___Late_blight
0.4528636634349823,0.49892401695251465,0.45080041885375977,0.09626152366399765,0.10019286721944809,0.0971887931227684,178.591796875,0.12723198533058167,0.5063820481300354,0.09418407827615738,0.4796659052371979,0.09417128562927246,2485.67109856545,6.614016044248499,0.074676513671875,Tomato___healthy
0.41743361949920654,0.4493478238582611,0.4058205485343933,0.10217031091451645,0.1060655415058136,0.10394459217786789,255.83609008789062,0.1394205391407013,0.4607446789741516,0.07544149458408356,0.43484339118003845,0.10012307018041611,5739.515102496138,6.707212824381708,0.1576385498046875,Tomato___healthy
0.45114466547966003,0.4552050530910492,0.441585898399353,0.16174472868442535,0.1256060153245926,0.17009709775447845,314.5857849121094,0.15620824694633484,0.4788980484008789,0.017679555341601372,0.4524384140968323,0.13977378606796265,819.4834383015987,7.050339290254273,0.048919677734375,Tomato___Tomato_Yellow_Leaf_Curl_Virus
0.43683597445487976,0.4363648295402527,0.39832639694213867,0.20138582587242126,0.17431868612766266,0.20402875542640686,33.82330322265625,0.23066659271717072,0.4661038815975189,0.03756726160645485,0.4321693181991577,0.18369095027446747,8373.30574665009,7.437204717382417,0.23565673828125,Tomato___Target_Spot
0.4926229417324066,0.5568844676017761,0.3832775354385376,0.10543179512023926,0.1073126271367073,0.1760239601135254,104.37860107421875,0.28919216990470886,0.5569912791252136,0.2378685176372528,0.5178791284561157,0.09283961355686188,59.57731240964495,6.209500710243575,0.0080108642578125,Tomato___Tomato_Yellow_Leaf_Curl_Virus
0.38046181201934814,0.3993236720561981,0.3735460638999939,0.1585415005683899,0.12251323461532593,0.161066934466362,321.01507568359375,0.20138311386108398,0.42179468274116516,0.04463944211602211,0.3907453417778015,0.1333656907081604,1266.1457785358652,7.060266313260621,0.0494537353515625,Tomato___Tomato_Yellow_Leaf_Curl_Virus
0.5048341751098633,0.4893020987510681,0.4520449638366699,0.164208322763443,0.139178067445755,0.1673140674829483,29.45391845703125,0.17197486758232117,0.5236382484436035,0.021725045517086983,0.4896988868713379,0.14812800288200378,5273.2406642651185,7.2266101030763625,0.1648712158203125,Tomato___Target_Spot
0.32730892300605774,0.3756400942802429,0.23339952528476715,0.1016487404704094,0.09929101914167404,0.13646087050437927,79.23052978515625,0.37409424781799316,0.3768215775489807,0.19057174026966095,0.3449736535549164,0.09206823259592056,93.34843802452087,6.5374635797262,0.03790283203125,Tomato___Tomato_Yellow_Leaf_Curl_Virus
0.39542171359062195,0.4464763402938843,0.4004426598548889,0.09150375425815582,0.09565325081348419,0.09994278103113174,189.1405029296875,0.16937807202339172,0.46120673418045044,0.09708838909864426,0.4259631931781769,0.08836937695741653,4153.6475604735315,6.524357104444849,0.12835693359375,Tomato___healthy
0.39498698711395264,0.4104200601577759,0.3791523575782776,0.2039230465888977,0.17618921399116516,0.21076172590255737,49.123443603515625,0.25193703174591064,0.4384880065917969,0.04670087620615959,0.402241051197052,0.18537363409996033,7099.94264238677,7.451997185889696,0.238739013671875,Tomato___Target_Spot
0.3801512122154236,0.4019811749458313,0.37787067890167236,0.15781249105930328,0.10879449546337128,0.13638603687286377,34.96148681640625,0.17913693189620972,0.41989666223526,0.04594050720334053,0.39270544052124023,0.12508024275302887,1031.7478448727634,6.839009189623298,0.033294677734375,Tomato___Bacterial_spot
0.38219505548477173,0.4167849123477936,0.3481082320213318,0.1662376970052719,0.13418245315551758,0.17626866698265076,38.998260498046875,0.2405942678451538,0.427123486995697,0.10326657444238663,0.39861342310905457,0.14402583241462708,1506.85428597196,7.090265156669661,0.0655364990234375,Tomato___Bacterial_spot
0.4692972004413605,0.4869462847709656,0.38525229692459106,0.11132638901472092,0.11564535647630692,0.12852177023887634,127.51211547851562,0.2607881724834442,0.5050843954086304,0.11934305727481842,0.4700760543346405,0.10564989596605301,854.1427109555807,6.752679478600797,0.06927490234375,Tomato___Late_blight
0.4954490661621094,0.5077254176139832,0.39727336168289185,0.21109233796596527,0.19649125635623932,0.25608617067337036,31.647186279296875,0.3640773296356201,0.532143771648407,0.12272830307483673,0.4914632737636566,0.202887162566185,6573.655833184719,7.44035404242595,0.1910552978515625,Tomato___Late_blight
0.337584912776947,0.3457152247428894,0.3015698492527008,0.12309756129980087,0.08069721609354019,0.12022861838340759,33.6669921875,0.24246838688850403,0.37478911876678467,0.05227566137909889,0.33825168013572693,0.09381184726953506,1035.6158727258444,6.507235419140111,0.0379638671875,Tomato___Bacterial_spot
0.5064091682434082,0.5065928101539612,0.4864645302295685,0.17886774241924286,0.14432525634765625,0.18712420761585236,346.9228210449219,0.16814970970153809,0.5388469099998474,0.02031184360384941,0.5042432546615601,0.1564427614212036,4773.151477782987,7.167297364416284,0.162139892578125,Tomato___Target_Spot
0.38063520193099976,0.37923866510391235,0.41656243801116943,0.11991395801305771,0.10164963454008102,0.13785052299499512,253.1700439453125,0.22333452105522156,0.4404226839542389,-0.038720279932022095,0.3839111328125,0.10674895346164703,4838.430290742777,6.759059986173693,0.1765594482421875,Tomato___Tomato_mosaic_virus
0.43988412618637085,0.463349848985672,0.39543646574020386,0.07681149989366531,0.09158332645893097,0.10782580077648163,217.30445861816406,0.16106897592544556,0.47019147872924805,0.09137902408838272,0.4485915005207062,0.0795711800456047,292.94178882893175,6.347774435566389,0.02862548828125,Tomato___Late_blight
0.43476229906082153,0.41208162903785706,0.34937480092048645,0.18805083632469177,0.15827009081840515,0.17635293304920197,42.974365234375,0.291318416595459,0.4547533690929413,0.040026139467954636,0.4117145538330078,0.16705407202243805,7553.672596505843,7.322134792747054,0.2366485595703125,Tomato___Spider_mites Two-spotted_spider_mite
0.43254444003105164,0.4737563133239746,0.458056777715683,0.2050764560699463,0.1708991527557373,0.24931226670742035,180.73797607421875,0.2795567512512207,0.5231809020042419,0.05691146478056908,0.45964422821998596,0.1865316480398178,3638.017298437422,7.311164482902857,0.1397705078125,Tomato___Septoria_leaf_spot
0.42428523302078247,0.45182061195373535,0.3730757534503937,0.16256402432918549,0.14904606342315674,0.19933803379535675,72.48727416992188,0.2461678385734558,0.4566311538219452,0.10628021508455276,0.43461063504219055,0.15623676776885986,961.3759593432769,7.196790275583282,0.090179443359375,Tomato___Bacterial_spot
0.40557458996772766,0.4669785499572754,0.40967628359794617,0.21595284342765808,0.16641105711460114,0.20700998604297638,92.96075439453125,0.22298084199428558,0.4731503129005432,0.11870625615119934,0.4420863091945648,0.18441824615001678,1331.4237736314535,7.287863940697409,0.0734710693359375,Tomato___Bacterial_spot
0.36270207166671753,0.4030151963233948,0.341824471950531,0.19004066288471222,0.1370927393436432,0.19062229990959167,47.452850341796875,0.28676408529281616,0.41904008388519287,0.1015038713812828,0.38398587703704834,0.15590709447860718,1995.1357170154806,7.161878427838015,0.1050567626953125,Tomato___Tomato_Yellow_Leaf_Curl_Virus
0.43614691495895386,0.4412802457809448,0.3794405460357666,0.1626100093126297,0.1256430298089981,0.18207670748233795,11.179595947265625,0.25039005279541016,0.4699770212173462,0.06697304546833038,0.4326956570148468,0.13772447407245636,5329.620805665618,7.099604161924514,0.1897125244140625,Tomato___Tomato_Yellow_Leaf_Curl_Virus
