r_mean,g_mean,b_mean,r_std,g_std,b_std,h_mean,s_mean,v_mean,excess_green,brightness_mean,contrast_std,laplacian_variance,entropy,edge_density,target_real
0.44367098808288574,0.43691474199295044,0.3966893255710602,0.17073559761047363,0.12091701477766037,0.16143929958343506,18.731658935546875,0.20987741649150848,0.4758623242378235,0.03346910700201988,0.4343491792678833,0.13715749979019165,5280.748824355891,7.030035399136708,0.2135467529296875,Tomato___Leaf_Mold
0.43483206629753113,0.4245079755783081,0.3867547810077667,0.25498005747795105,0.21936030685901642,0.23847956955432892,44.53076171875,0.2320898473262787,0.4543457329273224,0.027429085224866867,0.42329099774360657,0.231431782245636,5817.731464094482,7.450307732895892,0.17803955078125,Tomato___Late_blight
0.506600022315979,0.4882865846157074,0.43799906969070435,0.25745928287506104,0.2524193823337555,0.27789366245269775,19.5693359375,0.2521507740020752,0.5139917135238647,0.03197404742240906,0.4880295395851135,0.2554456293582916,5139.548171605682,7.579766358498985,0.1525115966796875,Tomato___Early_blight
0.37269294261932373,0.4209482967853546,0.3414002060890198,0.13861772418022156,0.107114277780056,0.17570120096206665,148.8167724609375,0.2538730502128601,0.42714422941207886,0.12780342996120453,0.3974514603614807,0.11862289160490036,1775.117500886321,6.8467733318298425,0.064361572265625,Tomato___Early_blight
0.4478079378604889,0.4789811670780182,0.4193415343761444,0.2338402420282364,0.19221526384353638,0.22750039398670197,60.650299072265625,0.2549894452095032,0.501944363117218,0.09081289917230606,0.46286144852638245,0.20605206489562988,6881.8943062871695,7.584375180818437,0.20355224609375,Tomato___Late_blight
0.5150074362754822,0.5141932368278503,0.47638797760009766,0.18977254629135132,0.17034266889095306,0.20888659358024597,352.5050048828125,0.19011938571929932,0.5383583307266235,0.03699113428592682,0.5101268887519836,0.1779409646987915,9174.135164245963,7.382775832856828,0.212799072265625,Tomato___Spider_mites Two-spotted_spider_mite
0.4395046830177307,0.46666064858436584,0.3212440609931946,0.08647064864635468,0.09116321057081223,0.148151695728302,61.35455322265625,0.2976107597351074,0.469577819108963,0.172572523355484,0.4419635236263275,0.07977843284606934,114.96495940443128,6.206813354984748,0.01470947265625,Tomato___Tomato_Yellow_Leaf_Curl_Virus
0.49651220440864563,0.5378337502479553,0.4159184992313385,0.169020414352417,0.11802557110786438,0.21354418992996216,33.0257568359375,0.3364822268486023,0.5660163760185242,0.16323673725128174,0.511580228805542,0.1351061761379242,5491.583911023103,7.03437998659126,0.17071533203125,Tomato___Septoria_leaf_spot
0.46711140871047974,0.4866707921028137,0.4542754590511322,0.2076435089111328,0.17974884808063507,0.22578789293766022,342.9652404785156,0.21031248569488525,0.5107821226119995,0.05195467919111252,0.4771294593811035,0.19075685739517212,8412.285070735728,7.448707637099476,0.21295166015625,Tomato___Target_Spot
0.3608253300189972,0.3890286386013031,0.36579984426498413,0.1635805368423462,0.11879105865955353,0.1399206817150116,78.15399169921875,0.19022084772586823,0.40437641739845276,0.051432058215141296,0.3779478073120117,0.13319215178489685,1210.4906087284908,6.9690018238194265,0.066253662109375,Tomato___Bacterial_spot
0.5429806709289551,0.5321987867355347,0.48418888449668884,0.19775637984275818,0.14715690910816193,0.19573816657066345,24.239532470703125,0.19996418058872223,0.5742596983909607,0.037228040397167206,0.529949426651001,0.16524043679237366,405.33343389607035,7.173045950500922,0.049407958984375,Tomato___Target_Spot
0.462415874004364,0.5321035385131836,0.3473905324935913,0.08859112858772278,0.1152331605553627,0.1716732382774353,79.34384155273438,0.31078842282295227,0.5338298678398132,0.2544008791446686,0.490209698677063,0.08789750933647156,25.025725982151926,6.499340807824479,0.005096435546875,Tomato___Tomato_Yellow_Leaf_Curl_Virus
0.4798687696456909,0.505845844745636,0.4030032157897949,0.07185790687799454,0.09588991850614548,0.11754237115383148,67.4541015625,0.1690124124288559,0.5071149468421936,0.12881971895694733,0.48635467886924744,0.07220511883497238,46.75004572398029,5.927140854921317,0.0139923095703125,Tomato___Tomato_Yellow_Leaf_Curl_Virus
0.5316318273544312,0.498521625995636,0.4380802810192108,0.20611418783664703,0.17226526141166687,0.19729404151439667,35.5467529296875,0.25474753975868225,0.5495038628578186,0.027331186458468437,0.5015313029289246,0.1832936555147171,5911.399809075287,7.384142786502104,0.199737548828125,Tomato___Tomato_Yellow_Leaf_Curl_Virus
0.47933992743492126,0.47835612297058105,0.4218267798423767,0.18591777980327606,0.1483641117811203,0.18058642745018005,30.37713623046875,0.21175616979599,0.5113641023635864,0.05554553121328354,0.47220590710639954,0.1599094718694687,4919.56646161899,7.130973678479384,0.1988525390625,Tomato___Leaf_Mold
0.34611403942108154,0.36845773458480835,0.322323739528656,0.16627644002437592,0.13113871216773987,0.17155994474887848,12.83355712890625,0.22764761745929718,0.3817809522151947,0.06847763061523438,0.3565176725387573,0.1436334252357483,475.6068545645103,7.1088612014382555,0.0370025634765625,Tomato___Tomato_Yellow_Leaf_Curl_Virus
0.5100528001785278,0.5146908164024353,0.4407491087913513,0.16134051978588104,0.1532762050628662,0.21334974467754364,275.5780029296875,0.3028860092163086,0.5601979494094849,0.07857972383499146,0.5048747062683105,0.1529894322156906,3547.03525445587,7.098769647511064,0.1333465576171875,Tomato___Leaf_Mold
0.41394293308258057,0.43683335185050964,0.3840388059616089,0.20927011966705322,0.17397969961166382,0.19303110241889954,57.140716552734375,0.21988323330879211,0.4584701955318451,0.07568497210741043,0.4239705502986908,0.18423958122730255,533.2342509590089,7.166161662717386,0.1089935302734375,Tomato___Tomato_Yellow_Leaf_Curl_Virus
0.3659786283969879,0.3856249153614044,0.35846421122550964,0.15159741044044495,0.11210775375366211,0.14146877825260162,39.1380615234375,0.17643165588378906,0.4021033048629761,0.04680696874856949,0.37665438652038574,0.1255950927734375,1265.6460572478827,6.832883667331701,0.0459136962890625,Tomato___Bacterial_spot
0.4648113250732422,0.46866708993911743,0.4362083077430725,0.17776097357273102,0.1748127043247223,0.19596008956432343,350.40142822265625,0.20428940653800964,0.4958046078681946,0.036314480006694794,0.4638139009475708,0.1752471774816513,18503.414364520228,7.417873311084417,0.3311920166015625,Tomato___healthy
0.464716374874115,0.45325082540512085,0.3725491166114807,0.23386888206005096,0.20107807219028473,0.23784500360488892,39.55072021484375,0.34072375297546387,0.4912381172180176,0.06923619657754898,0.4474790394306183,0.21229763329029083,5810.28976574447,7.536970672582363,0.2020111083984375,Tomato___Tomato_Yellow_Leaf_Curl_Virus
0.4905462861061096,0.43983718752861023,0.3684324324131012,0.20327067375183105,0.17303593456745148,0.18770107626914978,37.485107421875,0.3257126808166504,0.5046306848526001,0.020695585757493973,0.44685909152030945,0.1811765879392624,8026.357832196867,7.354434407754988,0.224884033203125,Tomato___Spider_mites Two-spotted_spider_mite
0.49924302101135254,0.5068844556808472,0.4588766098022461,0.14328967034816742,0.12869741022586823,0.1870250105857849,310.3480529785156,0.26188722252845764,0.5511854887008667,0.05564934015274048,0.4991267919540405,0.12780487537384033,5200.744556372752,6.919190652450343,0.1600189208984375,Tomato___Septoria_leaf_spot
0.4617633819580078,0.45342788100242615,0.42098790407180786,0.19671346247196198,0.18983036279678345,0.1949988454580307,30.61865234375,0.19660060107707977,0.4830944538116455,0.02410445734858513,0.45222198963165283,0.19045287370681763,12655.84694521781,7.505529119132355,0.2736053466796875,Tomato___Target_Spot
0.45063236355781555,0.43676143884658813,0.38910332322120667,0.22671355307102203,0.1892574280500412,0.225676029920578,33.9854736328125,0.26399126648902893,0.47351497411727905,0.033787213265895844,0.43547582626342773,0.203068345785141,2759.2185408731457,7.31438099343648,0.15057373046875,Tomato___Tomato_Yellow_Leaf_Curl_Virus
0.40673524141311646,0.4292895197868347,0.40556299686431885,0.10037704557180405,0.10442031919956207,0.09987618774175644,229.36074829101562,0.110531747341156,0.44208836555480957,0.04628080502152443,0.4198409914970398,0.09998179227113724,4426.851026111981,6.7078325522295135,0.126251220703125,Tomato___healthy
0.46398741006851196,0.4550553560256958,0.40194594860076904,0.2269788533449173,0.19985446333885193,0.2207547128200531,45.573638916015625,0.2602663040161133,0.4891695976257324,0.04417731240391731,0.4516716003417969,0.20874768495559692,5460.205767148873,7.451809569074731,0.177947998046875,Tomato___Spider_mites Two-spotted_spider_mite
0.4125000536441803,0.44189631938934326,0.3432971239089966,0.24203291535377502,0.21411795914173126,0.23023520410060883,63.185089111328125,0.3317400813102722,0.4627925455570221,0.1279955804347992,0.4218665063381195,0.2216435819864273,4710.561716086231,7.617864157625602,0.1842193603515625,Tomato___Late_blight
0.35976165533065796,0.3713386654853821,0.34321129322052,0.18327561020851135,0.13623353838920593,0.1760244220495224,15.16845703125,0.2288346290588379,0.39359721541404724,0.03970444202423096,0.36467063426971436,0.15331712365150452,910.9564644536003,7.0039405087573865,0.0395660400390625,Tomato___Tomato_Yellow_Leaf_Curl_Virus
0.5118165016174316,0.5269436836242676,0.328265517950058,0.10781940817832947,0.11701318621635437,0.12367746233940125,41.1768798828125,0.40643659234046936,0.5536583662033081,0.21380537748336792,0.4997713565826416,0.09858424216508865,604.3769589771982,6.649134501050362,0.0328826904296875,Tomato___Septoria_leaf_spot
0.4193217158317566,0.4252671003341675,0.45316648483276367,0.19790931046009064,0.19647759199142456,0.22615091502666473,240.5601348876953,0.2337149977684021,0.4816519618034363,-0.021953929215669632,0.4266699552536011,0.1983380764722824,13164.754134226358,7.437695950491379,0.263031005859375,Tomato___healthy
0.527052104473114,0.501542866230011,0.42778441309928894,0.21245639026165009,0.17670826613903046,0.21847614645957947,34.1483154296875,0.2883393168449402,0.5482826828956604,0.048249252140522,0.5007616877555847,0.18949353694915771,7440.023932410171,7.453623893932605,0.25341796875,Tomato___Tomato_Yellow_Leaf_Curl_Virus
0.5233780145645142,0.5146234035491943,0.4753504991531372,0.17665714025497437,0.14142091572284698,0.18195632100105286,23.530792236328125,0.17615698277950287,0.5474792122840881,0.0305183008313179,0.5127638578414917,0.1548725664615631,4560.305101192556,7.198109983992778,0.1559295654296875,Tomato___Target_Spot
0.4548587203025818,0.5210176110267639,0.38016635179519653,0.09784272313117981,0.07655489444732666,0.15080589056015015,103.5225830078125,0.27485647797584534,0.5222468376159668,0.20701013505458832,0.48517906665802,0.0778125748038292,113.90837615728378,6.127982711208433,0.0260162353515625,Tomato___Tomato_Yellow_Leaf_Curl_Virus
0.5123732089996338,0.5770965218544006,0.35918989777565,0.11593381315469742,0.1321762204170227,0.14948305487632751,94.23593139648438,0.3318178057670593,0.5772133469581604,0.2826298475265503,0.5329028964042664,0.10715597867965698,36.07250939309597,6.67490038205883,0.017364501953125,Tomato___Tomato_Yellow_Leaf_Curl_Virus
0.3828850984573364,0.4067535400390625,0.3447815477848053,0.19544412195682526,0.14690238237380981,0.17944546043872833,65.701904296875,0.2571978271007538,0.42585045099258423,0.08584044873714447,0.39255207777023315,0.16293393075466156,1245.2066807709634,7.036032390527533,0.0755767822265625,Tomato___Bacterial_spot
0.4613667130470276,0.4402923583984375,0.39653849601745605,0.12927216291427612,0.10735158622264862,0.14738193154335022,12.38482666015625,0.20628449320793152,0.47685277462005615,0.022679587826132774,0.44160568714141846,0.11464065313339233,1957.7129352500197,6.826631446448063,0.110260009765625,Tomato___Bacterial_spot
0.40013039112091064,0.4205280542373657,0.37854433059692383,0.19103161990642548,0.17182905972003937,0.21416613459587097,38.748809814453125,0.23631292581558228,0.44129252433776855,0.062381405383348465,0.4096429944038391,0.1799132376909256,2803.278669660678,7.306645468483161,0.15496826171875,Tomato___Early_blight
0.41424450278282166,0.42068642377853394,0.36901426315307617,0.19385625422000885,0.18623220920562744,0.21968157589435577,15.93292236328125,0.24263159930706024,0.4358413815498352,0.058114148676395416,0.4128696620464325,0.19025686383247375,1651.2571275234222,7.343105486858845,0.114410400390625,Tomato___Early_blight
0.3703397512435913,0.39591288566589355,0.3542640507221222,0.14852753281593323,0.10376293957233429,0.14308899641036987,39.74237060546875,0.20069240033626556,0.41143643856048584,0.06722196936607361,0.3835185170173645,0.11940451711416245,728.7076949921902,6.776694343680713,0.032470703125,Tomato___Bacterial_spot
0.433402955532074,0.4521228075027466,0.32141417264938354,0.08230891078710556,0.06877091526985168,0.130609393119812,31.493621826171875,0.35498133301734924,0.48607295751571655,0.14942844212055206,0.43162477016448975,0.05705483257770538,405.846572680166,5.7572397850126045,0.0302886962890625,Tomato___Septoria_leaf_spot
0.5071120262145996,0.4694775342941284,0.44373396039009094,0.09590090066194534,0.09349960088729858,0.12052000313997269,343.3529968261719,0.1825590282678604,0.5160158276557922,-0.011890966445207596,0.4777955412864685,0.08979271352291107,949.6815795889124,6.380025443811622,0.045166015625,Tomato___Late_blight
0.3995264172554016,0.43587639927864075,0.30301713943481445,0.10759516805410385,0.111270971596241,0.15354837477207184,66.34298706054688,0.2922236919403076,0.4373019337654114,0.1692093461751938,0.40986180305480957,0.10504455119371414,68.52513621654361,6.719876117384701,0.0082244873046875,Tomato___Tomato_Yellow_Leaf_Curl_Virus
0.3650050163269043,0.39008331298828125,0.32474908232688904,0.17503148317337036,0.13360945880413055,0.186979740858078,35.096038818359375,0.2747107148170471,0.40510889887809753,0.09041246026754379,0.3751367926597595,0.1493515819311142,2444.5232753157616,7.1831443234072765,0.1043701171875,Tomato___Tomato_Yellow_Leaf_Curl_Virus
0.49261006712913513,0.4824829399585724,0.4124237298965454,0.13010653853416443,0.1400209218263626,0.17446714639663696,318.0157470703125,0.30140358209609985,0.5289297103881836,0.059932153671979904,0.4775242209434509,0.12559039890766144,4326.262717775069,6.84998583062333,0.1475372314453125,Tomato___Septoria_leaf_spot
0.5012459754943848,0.4856390655040741,0.48181527853012085,0.09970974177122116,0.09255027025938034,0.1075015738606453,319.3870544433594,0.09262588620185852,0.5100319385528564,-0.011783076450228691,0.4898695945739746,0.09347052127122879,690.106168619357,6.353347319241394,0.0279693603515625,Tomato___Late_blight
0.456307590007782,0.47088637948036194,0.4154261350631714,0.12738634645938873,0.12123209238052368,0.18046921491622925,3.835205078125,0.20786729454994202,0.48836377263069153,0.0700390413403511,0.4602048397064209,0.12624910473823547,1040.5243376658764,6.848833702044594,0.0733795166015625,Tomato___Early_blight
0.54075688123703,0.5070597529411316,0.4101700782775879,0.18659350275993347,0.1686619371175766,0.2218325436115265,29.852325439453125,0.3205389976501465,0.551971435546875,0.06319252401590347,0.5060898065567017,0.1759520173072815,8767.007329193642,7.346863330774202,0.285614013671875,Tomato___Tomato_Yellow_Leaf_Curl_Virus
0.4965358376502991,0.5467197895050049,0.378567099571228,0.07786672562360764,0.1144377589225769,0.1360202133655548,84.60443115234375,0.26832154393196106,0.5486931800842285,0.2183368057012558,0.5125454068183899,0.08326146751642227,91.9054363889154,6.343035361517712,0.02032470703125,Tomato___Tomato_Yellow_Leaf_Curl_Virus
0.4919574558734894,0.4767042398452759,0.4378136992454529,0.17395678162574768,0.13013090193271637,0.17892982065677643,22.133270263671875,0.1905296891927719,0.5124107599258423,0.023637419566512108,0.47683143615722656,0.14760015904903412,1930.0954077576753,6.924190862740934,0.0684661865234375,Tomato___Septoria_leaf_spot
0.541540801525116,0.5298851132392883,0.5263066291809082,0.17923703789710999,0.14874881505966187,0.20523469150066376,307.04132080078125,0.19096723198890686,0.5742043852806091,-0.008077343925833702,0.5329621434211731,0.16018779575824738,7093.603703463217,7.192543955379855,0.1977386474609375,Tomato___Tomato_mosaic_virus
0.39758390188217163,0.4677509665489197,0.28700828552246094,0.13687890768051147,0.13306809961795807,0.16297005116939545,83.6744384765625,0.3789408206939697,0.46799206733703613,0.2509097456932068,0.4261663556098938,0.12490718066692352,67.91174174752086,6.923633216694102,0.0294036865234375,Tomato___Tomato_Yellow_Leaf_Curl_Virus
0.43110594153404236,0.4846413731575012,0.26039478182792664,0.144617959856987,0.15547582507133484,0.18417923152446747,66.14898681640625,0.42036131024360657,0.48620378971099854,0.27778205275535583,0.4430701732635498,0.13734938204288483,91.11855836864561,7.093222364024612,0.0229644775390625,Tomato___Tomato_Yellow_Leaf_Curl_Virus
0.4663621187210083,0.5027657747268677,0.35907894372940063,0.07621355354785919,0.09295572340488434,0.1386735588312149,61.5682373046875,0.2550238072872162,0.504456639289856,0.18009057641029358,0.47550076246261597,0.07260078936815262,55.97846996411681,6.210824687130421,0.015777587890625,Tomato___Tomato_Yellow_Leaf_Curl_Virus
0.6203178763389587,0.7101422548294067,0.4384807050228119,0.0867319256067276,0.09895815700292587,0.19492526352405548,88.36697387695312,0.35179322957992554,0.7102577090263367,0.3614858388900757,0.6523153185844421,0.07251039892435074,89.23074065800756,6.194392847584553,0.0122222900390625,Tomato___Tomato_Yellow_Leaf_Curl_Virus
0.3982313871383667,0.39895904064178467,0.31400084495544434,0.20774157345294952,0.17713937163352966,0.1928933709859848,49.7685546875,0.3218037486076355,0.43003082275390625,0.08568587899208069,0.3890562355518341,0.18534007668495178,3442.607464724919,7.40454319024556,0.13751220703125,Tomato___Late_blight
0.3770855665206909,0.4331429600715637,0.35228484869003296,0.10316317528486252,0.1066904067993164,0.11303797364234924,161.0755615234375,0.19833938777446747,0.4384683072566986,0.13691550493240356,0.40716397762298584,0.09900879114866257,5203.767684429651,6.693749603612729,0.1591033935546875,Tomato___healthy
0.5353246331214905,0.5317583680152893,0.48842018842697144,0.18020175397396088,0.15915319323539734,0.20104654133319855,11.615997314453125,0.17845508456230164,0.5572881102561951,0.039772067219018936,0.5278841257095337,0.1680440455675125,8786.956744137919,7.3758775600363,0.23974609375,Tomato___Spider_mites Two-spotted_spider_mite
0.39694681763648987,0.42350876331329346,0.3921051621437073,0.16693952679634094,0.11717113107442856,0.15237030386924744,36.05755615234375,0.1771928369998932,0.4383732080459595,0.05796544998884201,0.41198670864105225,0.1347530633211136,993.2802339754999,6.889630275939978,0.043670654296875,Tomato___Bacterial_spot
0.5047180652618408,0.5754282474517822,0.5426082015037537,0.21042600274085999,0.1365775167942047,0.2283763438463211,203.874267578125,0.24280856549739838,0.6163434386253357,0.10353029519319534,0.5505445003509521,0.16499213874340057,1410.2977295757737,7.187964370852378,0.092254638671875,Tomato___Septoria_leaf_spot
0.42061057686805725,0.5055291652679443,0.2965804934501648,0.14966799318790436,0.12682321667671204,0.1872795969247818,84.97250366210938,0.4343710243701935,0.5063113570213318,0.29386723041534424,0.45631834864616394,0.13039422035217285,183.58093061461113,6.99924720217835,0.0767974853515625,Tomato___Tomato_Yellow_Leaf_Curl_Virus
0.512855052947998,0.526292622089386,0.49370041489601135,0.21956442296504974,0.16334253549575806,0.21584998071193695,5.12603759765625,0.20027999579906464,0.5577681064605713,0.04602966830134392,0.5185592770576477,0.183645099401474,6895.096384551376,7.375893780191872,0.1886749267578125,Tomato___Septoria_leaf_spot
0.3768351376056671,0.40757668018341064,0.2925860285758972,0.11176856607198715,0.12500561773777008,0.11877328902482986,69.43670654296875,0.23948204517364502,0.40890422463417053,0.14573220908641815,0.38527604937553406,0.10808716714382172,177.11772867827676,6.730568202719083,0.0501861572265625,Tomato___Tomato_Yellow_Leaf_Curl_Virus
0.4633364677429199,0.46606817841529846,0.43468961119651794,0.1910018026828766,0.18719813227653503,0.2075100839138031,4.69451904296875,0.19482411444187164,0.4882318079471588,0.03411027789115906,0.4616742730140686,0.1886374056339264,20716.947281590663,7.506600893514888,0.3274688720703125,Tomato___healthy
0.5207509994506836,0.4963894486427307,0.5078122615814209,0.2107355296611786,0.17609964311122894,0.218271404504776,317.59161376953125,0.17743368446826935,0.5407503843307495,-0.03578443080186844,0.5049757361412048,0.18959102034568787,10897.985830958933,7.350014424853456,0.2514495849609375,Tomato___Tomato_mosaic_virus
0.465210497379303,0.4302874207496643,0.3601143956184387,0.22090479731559753,0.19465264678001404,0.19951222836971283,45.22979736328125,0.318403422832489,0.4821788966655731,0.03525002300739288,0.43272972106933594,0.2010079026222229,6456.63625706709,7.440252232502843,0.1936798095703125,Tomato___Spider_mites Two-spotted_spider_mite
0.5308551788330078,0.570297122001648,0.41996967792510986,0.09070417284965515,0.11178404092788696,0.14325302839279175,74.5035400390625,0.22307997941970825,0.5705848336219788,0.189769446849823,0.541366696357727,0.08496461063623428,138.36899362504482,5.994910193631985,0.033172607421875,Tomato___Tomato_Yellow_Leaf_Curl_Virus
0.5163161754608154,0.5333143472671509,0.5362294316291809,0.129049152135849,0.10276460647583008,0.13674084842205048,249.0328369140625,0.10618208348751068,0.5592607259750366,0.014083022251725197,0.5285642147064209,0.11135291308164597,2283.687191668665,6.812188895167122,0.0597686767578125,Tomato___Leaf_Mold
0.6295155882835388,0.6661280989646912,0.5171645283699036,0.08618957549333572,0.10555627197027206,0.15194766223430634,74.26296997070312,0.19600549340248108,0.6663575172424316,0.18557600677013397,0.6381990909576416,0.08131362497806549,37.232766940956935,5.783793834247167,0.02410888671875,Tomato___Tomato_Yellow_Leaf_Curl_Virus
0.46691641211509705,0.4730525612831116,0.444526731967926,0.19557979702949524,0.17863324284553528,0.21633629500865936,334.95367431640625,0.21621422469615936,0.5030519962310791,0.034662045538425446,0.46796590089797974,0.1848725825548172,8448.630577789387,7.447003653815657,0.23291015625,Tomato___Spider_mites Two-spotted_spider_mite
0.38354456424713135,0.40568268299102783,0.35454368591308594,0.1799747347831726,0.13890859484672546,0.1917978823184967,22.7841796875,0.26977741718292236,0.4306028485298157,0.07327713817358017,0.3932335376739502,0.1535656750202179,2908.5986690071877,7.171862583467604,0.1198272705078125,Tomato___Spider_mites Two-spotted_spider_mite
0.45358094573020935,0.476824551820755,0.421083927154541,0.2030535489320755,0.17239685356616974,0.2251605987548828,28.76959228515625,0.2738875448703766,0.5073449015617371,0.07898428291082382,0.46352025866508484,0.1828901618719101,4808.479427694343,7.434104230084337,0.2021026611328125,Tomato___Target_Spot
0.38939258456230164,0.41596269607543945,0.383529931306839,0.1740388125181198,0.12484453618526459,0.16043971478939056,30.789398193359375,0.18740227818489075,0.43124157190322876,0.05900287628173828,0.4043208956718445,0.14210879802703857,868.6889930122998,6.870694702507962,0.0339813232421875,Tomato___Bacterial_spot
0.4750857353210449,0.465680867433548,0.2898601293563843,0.18517829477787018,0.17420709133148193,0.20569802820682526,45.872039794921875,0.4531286954879761,0.4934258759021759,0.16641589999198914,0.44844937324523926,0.17493222653865814,4647.210952035151,7.3215034890029544,0.1636505126953125,Tomato___Early_blight
0.3727305233478546,0.38255617022514343,0.3349434733390808,0.16335487365722656,0.1280425488948822,0.1706233024597168,23.485076904296875,0.2323758900165558,0.40082859992980957,0.057438332587480545,0.37419044971466064,0.14107877016067505,1883.1040153792128,7.067633277008306,0.080902099609375,Tomato___Tomato_Yellow_Leaf_Curl_Virus
0.5186125636100769,0.5347044467926025,0.4408954381942749,0.17710724472999573,0.18476137518882751,0.20258626341819763,49.201507568359375,0.19036519527435303,0.5427225828170776,0.10990080237388611,0.5191987752914429,0.17654430866241455,186.55908949277364,7.073478510121228,0.033782958984375,Tomato___Bacterial_spot
0.4701443910598755,0.4611455500125885,0.43918895721435547,0.17565535008907318,0.1740865558385849,0.18918107450008392,348.1407470703125,0.1787867695093155,0.4849275052547455,0.01295782346278429,0.46133315563201904,0.17460240423679352,16499.680484546116,7.429350389572648,0.3189849853515625,Tomato___healthy
0.42917248606681824,0.47844186425209045,0.3581847548484802,0.15434178709983826,0.14193765819072723,0.18136778473854065,83.3857421875,0.2812715172767639,0.47876793146133423,0.16952648758888245,0.4500010013580322,0.14462842047214508,233.02590154111385,7.077641617020753,0.0607147216796875,Tomato___Tomato_Yellow_Leaf_Curl_Virus
0.4536382555961609,0.5068749785423279,0.5260182023048401,0.14039278030395508,0.15093758702278137,0.21201620995998383,192.43746948242188,0.338691771030426,0.6014499068260193,0.0340934693813324,0.4931395649909973,0.14425668120384216,1535.8779962062836,7.031667465108956,0.092926025390625,Tomato___Leaf_Mold
0.498684287071228,0.4807111918926239,0.4687492847442627,0.08041677623987198,0.08371114730834961,0.0898631289601326,323.1150207519531,0.13837681710720062,0.5158796310424805,-0.006011245772242546,0.48472148180007935,0.07550527155399323,179.23677059053443,6.236557317954503,0.013458251953125,Tomato___Late_blight
0.5230367183685303,0.48267918825149536,0.4521751403808594,0.20778557658195496,0.1953403204679489,0.21220169961452484,359.9439392089844,0.22665956616401672,0.5307484865188599,-0.009853465482592583,0.4912686347961426,0.19835889339447021,7616.228412389755,7.179517626035548,0.22357177734375,Tomato___Early_blight
0.3802705407142639,0.4004213809967041,0.35132211446762085,0.18022474646568298,0.12940818071365356,0.16184411942958832,57.98651123046875,0.23250800371170044,0.4224948287010193,0.0692501962184906,0.38879892230033875,0.1465323120355606,894.0195594392717,7.004915860330774,0.0455474853515625,Tomato___Bacterial_spot
0.4879101812839508,0.4747768044471741,0.42940205335617065,0.2041780948638916,0.19377154111862183,0.20131096243858337,27.12579345703125,0.21278275549411774,0.5082095265388489,0.032241348177194595,0.47353094816207886,0.19524158537387848,11852.172870756825,7.5633309173071375,0.2870330810546875,Tomato___Target_Spot
0.37831228971481323,0.34743624925613403,0.29816198348999023,0.22691157460212708,0.20587363839149475,0.2247926890850067,30.66546630859375,0.34077462553977966,0.3844699561595917,0.018398212268948555,0.3510509431362152,0.21306483447551727,3041.566538469633,7.3154428073609985,0.1300048828125,Tomato___Late_blight
0.5583510398864746,0.5530992150306702,0.5154596567153931,0.18259990215301514,0.15600693225860596,0.18573057651519775,29.719818115234375,0.15548616647720337,0.5835958123207092,0.032387830317020416,0.5503786206245422,0.16543903946876526,7563.612056493759,7.330371702073942,0.2115478515625,Tomato___Target_Spot
0.47779661417007446,0.4704410433769226,0.44228291511535645,0.22062039375305176,0.21019387245178223,0.23579303920269012,357.5758972167969,0.2136443704366684,0.49920278787612915,0.020802577957510948,0.4694303274154663,0.21409358084201813,9291.911456823349,7.615963706656762,0.225555419921875,Tomato___Spider_mites Two-spotted_spider_mite
0.37887242436408997,0.4318186640739441,0.40462252497673035,0.15885977447032928,0.14091666042804718,0.18864941596984863,171.50628662109375,0.21948541700839996,0.4499436914920807,0.08014239370822906,0.4128873348236084,0.14979884028434753,1061.6379050163087,7.109914451034719,0.0547943115234375,Tomato___Early_blight
0.44561490416526794,0.4452199935913086,0.3272823691368103,0.07993108034133911,0.07480458170175552,0.1292107254266739,25.144622802734375,0.34879806637763977,0.48811808228492737,0.11754278093576431,0.43189316987991333,0.060136985033750534,1111.6652351447847,5.940858860194899,0.0440673828125,Tomato___Septoria_leaf_spot
0.405409038066864,0.4394437074661255,0.34253326058387756,0.16143420338630676,0.12259116768836975,0.19624103605747223,27.372314453125,0.29994797706604004,0.45585206151008606,0.13094520568847656,0.4182196259498596,0.1362919956445694,2276.5372459879145,7.099865952089138,0.0995941162109375,Tomato___Tomato_Yellow_Leaf_Curl_Virus
0.4094502925872803,0.4195266366004944,0.3468642234802246,0.13993729650974274,0.09660114347934723,0.15000753104686737,31.735198974609375,0.263356477022171,0.4469586908817291,0.08273878693580627,0.40823033452033997,0.11009234189987183,1051.660155504709,6.716762832588083,0.0868682861328125,Tomato___Bacterial_spot
0.424450159072876,0.4017670452594757,0.3185909390449524,0.2181699275970459,0.19435079395771027,0.21524105966091156,39.53314208984375,0.37038201093673706,0.4409647583961487,0.06049296259880066,0.399067223072052,0.20155563950538635,3474.740684333956,7.477984912082507,0.1447296142578125,Tomato___Late_blight
0.4940078556537628,0.5012256503105164,0.45390743017196655,0.15004698932170868,0.15563197433948517,0.1327342987060547,232.1901092529297,0.1393938958644867,0.5157991647720337,0.05453605577349663,0.49367326498031616,0.14893077313899994,581.5745910545811,7.011974125528381,0.0406494140625,Tomato___Late_blight
0.5322889089584351,0.5319925546646118,0.4939126968383789,0.11183653771877289,0.1084500104188919,0.11022581905126572,251.1348419189453,0.12921305000782013,0.5500916838645935,0.037783630192279816,0.5277401208877563,0.10639908164739609,130.07282991497777,6.6690462658762195,0.040313720703125,Tomato___Late_blight
0.4189130663871765,0.4331802427768707,0.3915269076824188,0.18051308393478394,0.1376424878835678,0.18967916071414948,7.904083251953125,0.2136651873588562,0.45284610986709595,0.055920474231243134,0.42416587471961975,0.15392543375492096,1626.1260395569261,6.953465512133855,0.0875396728515625,Tomato___Tomato_Yellow_Leaf_Curl_Virus
0.5264059901237488,0.5362017750740051,0.48313966393470764,0.19588500261306763,0.1350044161081314,0.2078370898962021,8.388214111328125,0.2285962551832199,0.5746535658836365,0.06285801529884338,0.5272238254547119,0.15673929452896118,9346.105731274933,7.2677389854018255,0.266998291015625,Tomato___Septoria_leaf_spot
0.44646286964416504,0.5128793120384216,0.33648863434791565,0.08914235234260559,0.08778094500303268,0.16844642162322998,87.67733764648438,0.3182438313961029,0.5137313008308411,0.24280717968940735,0.4729122519493103,0.07213220745325089,438.5033371762838,6.172795642373108,0.05926513671875,Tomato___Tomato_Yellow_Leaf_Curl_Virus
0.43029987812042236,0.4397449791431427,0.38076236844062805,0.20677749812602997,0.2080327421426773,0.21550840139389038,28.7742919921875,0.26608482003211975,0.4608677625656128,0.06842788308858871,0.4301968812942505,0.2056461125612259,15705.05667410791,7.568376928068482,0.306365966796875,Tomato___healthy
0.4809022843837738,0.4735414385795593,0.4426345229148865,0.09946025907993317,0.08536484837532043,0.110416479408741,348.9818115234375,0.14813049137592316,0.5061346292495728,0.023546112701296806,0.47221896052360535,0.08345353603363037,214.1652672206983,6.328584520533214,0.013397216796875,Tomato___Late_blight
0.4837779402732849,0.4949844777584076,0.45600682497024536,0.1871613711118698,0.16495859622955322,0.18785789608955383,23.991241455078125,0.1886330544948578,0.5223088264465332,0.05018424987792969,0.48719027638435364,0.17079678177833557,4643.410921540111,7.063805497212337,0.1370849609375,Tomato___Early_blight
0.3526715040206909,0.4016765356063843,0.47040438652038574,0.09831997007131577,0.11045591533184052,0.19011834263801575,205.51876831054688,0.3246438503265381,0.5042101144790649,-0.01972285658121109,0.3948589861392975,0.11106361448764801,608.1353740543127,6.65038476930813,0.0339508056640625,Tomato___Leaf_Mold
0.39275872707366943,0.45472389459609985,0.336978942155838,0.169653981924057,0.1343332976102829,0.17340441048145294,73.4981689453125,0.3218158781528473,0.4695337116718292,0.17971013486385345,0.42277342081069946,0.14264839887619019,3503.121615810087,7.088214301373377,0.161041259765625,Tomato___Tomato_Yellow_Leaf_Curl_Virus
0.43212270736694336,0.44641852378845215,0.34412914514541626,0.242559552192688,0.1896972805261612,0.22986525297164917,57.820526123046875,0.3714812695980072,0.4750065207481384,0.11658517271280289,0.4304830729961395,0.20801249146461487,4319.587087779306,7.584678642618571,0.19073486328125,Tomato___Tomato_Yellow_Leaf_Curl_Virus
0.46009230613708496,0.4529746472835541,0.4022828936576843,0.20746050775051117,0.20150421559810638,0.22119227051734924,18.019500732421875,0.25017452239990234,0.47780346870422363,0.043574072420597076,0.44932395219802856,0.20349055528640747,21800.383601306938,7.606955164680925,0.3210906982421875,Tomato___healthy
0.4124235510826111,0.43677523732185364,0.3136182427406311,0.1894530951976776,0.17345315217971802,0.1936223953962326,48.97760009765625,0.35206106305122375,0.4549023509025574,0.14750859141349792,0.4154541790485382,0.17431458830833435,5420.836349066347,7.225295296274898,0.2084503173828125,Tomato___Tomato_Yellow_Leaf_Curl_Virus
0.4613180160522461,0.4981878101825714,0.4489801526069641,0.09357854723930359,0.09459667652845383,0.10248024761676788,198.01976013183594,0.12570208311080933,0.5065019130706787,0.08607747405767441,0.4815540611743927,0.08999840915203094,1698.0587257684674,6.496476034436792,0.0445404052734375,Tomato___healthy
0.44371283054351807,0.5033335089683533,0.3447822332382202,0.0910753384232521,0.10518904030323029,0.13547901809215546,86.18710327148438,0.2811988294124603,0.503838062286377,0.21817190945148468,0.46743205189704895,0.0847216472029686,325.3346071166452,6.302109838907018,0.0583343505859375,Tomato___Tomato_Yellow_Leaf_Curl_Virus
0.4552340805530548,0.4984568953514099,0.3944471478462219,0.1282903254032135,0.11896299570798874,0.17278146743774414,85.26010131835938,0.22927792370319366,0.5011219382286072,0.14723262190818787,0.4736761450767517,0.11939691007137299,106.42237039818428,6.745537149701875,0.02685546875,Tomato___Tomato_Yellow_Leaf_Curl_Virus
0.4572407305240631,0.4534589350223541,0.3459421992301941,0.2279181331396103,0.2058272361755371,0.23361217975616455,44.78125,0.39355841279029846,0.49106043577194214,0.10373494029045105,0.44233280420303345,0.21147891879081726,6452.277701868676,7.500954269180474,0.23809814453125,Tomato___Tomato_Yellow_Leaf_Curl_Virus
0.5110560655593872,0.4528244733810425,0.36718320846557617,0.17718100547790527,0.15808460116386414,0.17662936449050903,33.370361328125,0.3497541844844818,0.521858274936676,0.027409637346863747,0.46047258377075195,0.16290433704853058,8504.267114944523,7.3158873078187465,0.25048828125,Tomato___Spider_mites Two-spotted_spider_mite
0.6041703224182129,0.6603887677192688,0.4358435869216919,0.13922519981861115,0.13054318726062775,0.19477440416812897,77.9107666015625,0.3238341212272644,0.6607273817062378,0.2807636559009552,0.6179812550544739,0.12289902567863464,56.233972892165184,6.876630331729341,0.009124755859375,Tomato___Tomato_Yellow_Leaf_Curl_Virus
0.4109422266483307,0.4147636294364929,0.4124644100666046,0.1450820118188858,0.10708606988191605,0.15861043334007263,288.10992431640625,0.2342023253440857,0.46010899543762207,0.006120624020695686,0.4133589267730713,0.11757807433605194,4297.159091673559,6.803330157043195,0.173065185546875,Tomato___Tomato_mosaic_virus
0.46776217222213745,0.47018080949783325,0.4456876516342163,0.19828557968139648,0.188644677400589,0.21738655865192413,341.72540283203125,0.2094784677028656,0.49818968772888184,0.026911776512861252,0.46666547656059265,0.1923041045665741,21065.721529956907,7.568849561673126,0.332427978515625,Tomato___healthy
0.39000144600868225,0.43531882762908936,0.28454869985580444,0.14086642861366272,0.15087224543094635,0.17257429659366608,79.7947998046875,0.31457048654556274,0.4358244836330414,0.19608741998672485,0.40458109974861145,0.13856694102287292,37.67661863914691,6.964968019080237,0.0159454345703125,Tomato___Tomato_Yellow_Leaf_Curl_Virus
0.574663519859314,0.6003836989402771,0.5483874678611755,0.23883551359176636,0.17836987972259521,0.25107383728027344,8.56097412109375,0.20264770090579987,0.6262861490249634,0.07771654427051544,0.5867658257484436,0.20223145186901093,6811.523243197938,7.35934360905501,0.19598388671875,Tomato___Septoria_leaf_spot
0.3559597432613373,0.391971230506897,0.36317405104637146,0.1709059327840805,0.11195553094148636,0.13978168368339539,71.723876953125,0.21715429425239563,0.4094580113887787,0.06480862945318222,0.37792089581489563,0.13130022585391998,1029.0407642235514,6.823626238615159,0.0379486083984375,Tomato___Bacterial_spot
0.397796094417572,0.4205610752105713,0.3851557970046997,0.1765090525150299,0.12689027190208435,0.1532450169324875,57.12847900390625,0.19599610567092896,0.44054651260375977,0.05817027390003204,0.4097181558609009,0.14320781826972961,818.7900404026732,6.910378662437077,0.0442047119140625,Tomato___Bacterial_spot
0.45671629905700684,0.48316383361816406,0.323009192943573,0.13176490366458893,0.14862032234668732,0.1610199213027954,80.89093017578125,0.29236647486686707,0.48601627349853516,0.18660220503807068,0.456998348236084,0.1292753666639328,197.15661553200334,6.884490559288639,0.0410614013671875,Tomato___Bacterial_spot
0.44153499603271484,0.49594974517822266,0.4218953251838684,0.09625115245580673,0.09118753671646118,0.10367996245622635,116.69906616210938,0.16644592583179474,0.5013571977615356,0.12846925854682922,0.47123754024505615,0.0887860357761383,3597.9041918478906,6.543102725601473,0.113128662109375,Tomato___healthy
0.4354933798313141,0.5195316076278687,0.25415873527526855,0.12059824913740158,0.13737328350543976,0.14499425888061523,87.14547729492188,0.4505173861980438,0.5199677348136902,0.34941115975379944,0.46415168046951294,0.10951574146747589,121.79645982547663,6.773355115546968,0.0249786376953125,Tomato___Tomato_Yellow_Leaf_Curl_Virus
0.4426104724407196,0.4669555723667145,0.38748881220817566,0.17404945194721222,0.1388825923204422,0.1911018043756485,38.0736083984375,0.256723016500473,0.48612189292907715,0.10381189733743668,0.4506172239780426,0.1511184126138687,5334.735227731755,7.159466089189323,0.2388763427734375,Tomato___Tomato_Yellow_Leaf_Curl_Virus
0.40772053599357605,0.4518562853336334,0.3887210488319397,0.15969306230545044,0.10909727960824966,0.1691458523273468,42.050140380859375,0.198797807097435,0.4574728310108185,0.10727108269929886,0.43146225810050964,0.12903985381126404,320.9778532385826,6.855013297231233,0.020050048828125,Tomato___Bacterial_spot
0.4910159707069397,0.48779386281967163,0.43867725133895874,0.17317402362823486,0.15047599375247955,0.1788957566022873,29.027008056640625,0.1974528729915619,0.5193231105804443,0.045894429087638855,0.4831579327583313,0.1577506959438324,9295.981582445791,7.313730205567595,0.2422332763671875,Tomato___Spider_mites Two-spotted_spider_mite
0.47761696577072144,0.5097018480300903,0.3828514516353607,0.0995073914527893,0.10123257339000702,0.10439104586839676,74.07177734375,0.23700986802577972,0.5159028172492981,0.15893524885177612,0.4856475293636322,0.08898036926984787,824.7965785404667,6.442143275732954,0.06829833984375,Tomato___Bacterial_spot
0.30496785044670105,0.3368237018585205,0.2740338444709778,0.1770298331975937,0.13960176706314087,0.18114182353019714,43.18585205078125,0.34074199199676514,0.3587602376937866,0.09464573115110397,0.3201407790184021,0.15071795880794525,575.0173441907391,7.044587087984459,0.0592193603515625,Tomato___Tomato_Yellow_Leaf_Curl_Virus
0.5109348893165588,0.5035058856010437,0.430210679769516,0.26093995571136475,0.22705963253974915,0.2750617563724518,36.960205078125,0.3071511387825012,0.5368519425392151,0.06586620956659317,0.49737149477005005,0.24078628420829773,5599.821185720852,7.622665987573477,0.194732666015625,Tomato___Tomato_Yellow_Leaf_Curl_Virus
0.36245232820510864,0.3930082321166992,0.35030946135520935,0.19598472118377686,0.14751702547073364,0.17310459911823273,75.83746337890625,0.24156200885772705,0.4112691283226013,0.07325475662946701,0.3790043592453003,0.1634601652622223,1181.7736167907715,7.059064239801875,0.0545654296875,Tomato___Bacterial_spot
0.42196786403656006,0.4500795602798462,0.4168747067451477,0.10092762112617493,0.09397152066230774,0.10516047477722168,258.6972961425781,0.13208182156085968,0.46412327885627747,0.06131645292043686,0.43788883090019226,0.09238597750663757,6427.989826978883,6.59014690536107,0.1847076416015625,Tomato___healthy
0.6067408919334412,0.6120188236236572,0.5173865556716919,0.2327612191438675,0.23576058447360992,0.2671422064304352,29.32745361328125,0.2285679578781128,0.6303671598434448,0.09991036355495453,0.5996527075767517,0.23434428870677948,1507.309287793003,7.577487405020576,0.1234283447265625,Tomato___Late_blight
0.51729416847229,0.519777238368988,0.42400118708610535,0.16791857779026031,0.17334328591823578,0.18640170991420746,20.440582275390625,0.2475268840789795,0.5430672764778137,0.09825912117958069,0.5081163644790649,0.16773903369903564,8625.571730613708,7.312691922617538,0.2321624755859375,Tomato___Spider_mites Two-spotted_spider_mite
0.3041056990623474,0.34098929166793823,0.3329198956489563,0.12967054545879364,0.09142785519361496,0.11898789554834366,234.16522216796875,0.22404110431671143,0.3588744103908539,0.04495299607515335,0.32904118299484253,0.10217222571372986,932.0923805476632,6.673845687842608,0.0444793701171875,Tomato___Early_blight
0.495958149433136,0.44309723377227783,0.37776899337768555,0.20358356833457947,0.17442217469215393,0.19051335752010345,33.489471435546875,0.321073979139328,0.5089626312255859,0.01246732845902443,0.4514552354812622,0.18285787105560303,10041.128873046488,7.420340426987037,0.2606353759765625,Tomato___Spider_mites Two-spotted_spider_mite
0.4216856360435486,0.4451489746570587,0.38067492842674255,0.21706363558769226,0.2110043317079544,0.24055223166942596,76.8092041015625,0.32796710729599,0.4736889898777008,0.0879373699426651,0.43078339099884033,0.2122737467288971,9572.421066282084,7.552169507344368,0.2093963623046875,Tomato___Late_blight
0.4066568613052368,0.4381873309612274,0.39619994163513184,0.27860599756240845,0.24972379207611084,0.27217361330986023,63.066619873046875,0.21497415006160736,0.44915029406547546,0.0735178142786026,0.4239731431007385,0.25977978110313416,3071.2267096710857,7.654936950837495,0.109222412109375,Tomato___Early_blight
0.45679110288619995,0.5328511595726013,0.43118345737457275,0.12595783174037933,0.08477360755205154,0.15238425135612488,114.092529296875,0.22275710105895996,0.5408836007118225,0.17772787809371948,0.49851909279823303,0.09381439536809921,87.60972014232539,6.331041484527367,0.014801025390625,Tomato___Late_blight
0.3837794065475464,0.4169521629810333,0.3357756435871124,0.17109180986881256,0.11951082199811935,0.18963441252708435,33.4949951171875,0.29923874139785767,0.4343301057815552,0.11434925347566605,0.3977794051170349,0.13874641060829163,1493.2152208683547,7.01164354658339,0.0730743408203125,Tomato___Tomato_Yellow_Leaf_Curl_Virus
0.36693257093429565,0.3922559320926666,0.3438716232776642,0.16069665551185608,0.11585841327905655,0.1589117795228958,38.560699462890625,0.21848903596401215,0.40967610478401184,0.07370766997337341,0.37916842103004456,0.1317543387413025,1057.6364953517914,6.872781027209958,0.039703369140625,Tomato___Bacterial_spot
0.49528470635414124,0.49831297993659973,0.3800297677516937,0.19390591979026794,0.15435448288917542,0.20747755467891693,45.54742431640625,0.3434107303619385,0.5315496325492859,0.12131150811910629,0.4839232563972473,0.16725872457027435,3213.0043935738504,6.993971498769296,0.1515960693359375,Tomato___Tomato_Yellow_Leaf_Curl_Virus
0.4975605309009552,0.46004435420036316,0.4115455150604248,0.14559264481067657,0.1387738734483719,0.1795891672372818,306.8989562988281,0.28972211480140686,0.5213214755058289,0.010982673615217209,0.4657328426837921,0.13112188875675201,3086.435875750147,6.967007517974574,0.10772705078125,Tomato___Septoria_leaf_spot
0.5368193984031677,0.5073379874229431,0.4917229115962982,0.1658743917942047,0.1340722292661667,0.155797079205513,357.979248046875,0.14271049201488495,0.5504470467567444,-0.013866349123418331,0.5143728256225586,0.14438948035240173,1279.8530051631387,7.030679044192864,0.0512542724609375,Tomato___Leaf_Mold
0.4915595054626465,0.48142528533935547,0.46434730291366577,0.09279727935791016,0.09762003272771835,0.12474126368761063,279.5333251953125,0.15238192677497864,0.5139610767364502,0.006943767424672842,0.4825085699558258,0.09222924709320068,818.8342693967279,6.527817720556374,0.0449981689453125,Tomato___Late_blight
0.6042916774749756,0.6101086139678955,0.46621429920196533,0.09740547090768814,0.09663218259811401,0.1603510081768036,22.667205810546875,0.28200122714042664,0.6442297697067261,0.1497112214565277,0.5919654369354248,0.08399517089128494,881.0796191543341,6.38340677998514,0.0354156494140625,Tomato___Septoria_leaf_spot
0.44015437364578247,0.5025002360343933,0.2652677595615387,0.14927877485752106,0.1663544774055481,0.1688479781150818,70.85205078125,0.41801393032073975,0.5032209157943726,0.29957836866378784,0.45681434869766235,0.1430179327726364,152.72460248693824,7.113782296141913,0.037567138671875,Tomato___Tomato_Yellow_Leaf_Curl_Virus
0.4369437098503113,0.4089694023132324,0.339822918176651,0.17620082199573517,0.1405406892299652,0.18181516230106354,32.070648193359375,0.3259750306606293,0.4585025906562805,0.041172221302986145,0.40945103764533997,0.1523313969373703,4456.692885137163,7.184577532745187,0.1794281005859375,Tomato___Tomato_Yellow_Leaf_Curl_Virus
0.35317620635032654,0.3596670627593994,0.27360251545906067,0.18819200992584229,0.1621197909116745,0.17626892030239105,52.517059326171875,0.35761964321136475,0.38722968101501465,0.0925554409623146,0.3479149341583252,0.16839544475078583,4025.520342357224,7.274406340436319,0.1532745361328125,Tomato___Late_blight
0.45393985509872437,0.46262258291244507,0.42212867736816406,0.11126480251550674,0.11288350075483322,0.10481962561607361,207.12815856933594,0.19724595546722412,0.49075043201446533,0.04917656630277634,0.4554101526737213,0.10521836578845978,2190.358783233678,6.73111179240672,0.0948333740234375,Tomato___Late_blight
0.3732079267501831,0.3980487585067749,0.3510040044784546,0.19770081341266632,0.15583552420139313,0.19227570295333862,46.886962890625,0.23428398370742798,0.41230788826942444,0.0718856006860733,0.3852582573890686,0.17100028693675995,1923.0206857358571,7.294120738220518,0.1139068603515625,Tomato___Tomato_Yellow_Leaf_Curl_Virus
0.45688149333000183,0.45815321803092957,0.439741849899292,0.19019852578639984,0.14269119501113892,0.18563109636306763,0.623809814453125,0.18500936031341553,0.4902764558792114,0.019683120772242546,0.45567405223846436,0.15994766354560852,4341.651294431649,7.222742083179197,0.140655517578125,Tomato___Target_Spot
0.3492250442504883,0.4243803918361664,0.46257102489471436,0.1303568333387375,0.1209162250161171,0.19131192564964294,190.2294464111328,0.3120229244232178,0.49200212955474854,0.036964692175388336,0.40626269578933716,0.12925611436367035,1072.4265440320596,6.955111675262788,0.0624542236328125,Tomato___Leaf_Mold
0.3380824327468872,0.3678629696369171,0.32477137446403503,0.16018930077552795,0.10776710510253906,0.14084354043006897,59.157928466796875,0.2322017252445221,0.3845997154712677,0.07287214696407318,0.35404616594314575,0.12531620264053345,147.7344004176557,6.705343484711619,0.007781982421875,Tomato___Bacterial_spot
0.4794754087924957,0.4520180821418762,0.3817371428012848,0.20604488253593445,0.1877925843000412,0.2022034227848053,41.212127685546875,0.2976405620574951,0.49477794766426086,0.042823582887649536,0.4522157609462738,0.19296354055404663,9316.549889824353,7.459438691785787,0.2555389404296875,Tomato___Spider_mites Two-spotted_spider_mite
0.41279667615890503,0.4453125,0.45030471682548523,0.22137753665447235,0.21452999114990234,0.2652258574962616,205.35365295410156,0.2413867712020874,0.47820985317230225,0.027523569762706757,0.43615931272506714,0.22099781036376953,586.3612134456635,7.103324260232654,0.0404052734375,Tomato___Early_blight
0.42827916145324707,0.4564633369445801,0.4204396605491638,0.21266523003578186,0.1868855059146881,0.23420263826847076,223.9828338623047,0.23825086653232574,0.4828137159347534,0.06420784443616867,0.44392961263656616,0.19698959589004517,5467.91712096869,7.4874631197554145,0.181121826171875,Tomato___Septoria_leaf_spot
0.414665162563324,0.4439254701137543,0.3070414364337921,0.18634453415870667,0.17793704569339752,0.17742128670215607,48.926910400390625,0.3388389050960541,0.4604801535606384,0.16614435613155365,0.41957181692123413,0.17273558676242828,2326.3082081598695,7.231186397694142,0.153106689453125,Tomato___Tomato_Yellow_Leaf_Curl_Virus
0.6264072060585022,0.6581875681877136,0.5616551041603088,0.13032956421375275,0.08952321112155914,0.1598626971244812,33.883026123046875,0.20693475008010864,0.6836276054382324,0.1283128410577774,0.6376805901527405,0.10034274309873581,1548.1503271907568,6.61139531020532,0.0784759521484375,Tomato___Septoria_leaf_spot
0.41656431555747986,0.41910722851753235,0.32717016339302063,0.2219083160161972,0.17224273085594177,0.1880074143409729,57.11175537109375,0.3383524417877197,0.45391422510147095,0.09448003768920898,0.40786609053611755,0.1863030046224594,3092.67462731502,7.219090100875259,0.1502685546875,Tomato___Tomato_Yellow_Leaf_Curl_Virus
0.4913540482521057,0.47525131702423096,0.42581841349601746,0.1916772872209549,0.14942771196365356,0.19547782838344574,24.772247314453125,0.24085348844528198,0.5177530646324158,0.03333010524511337,0.474430650472641,0.1647282987833023,5777.07516394346,7.215989146742338,0.194366455078125,Tomato___Tomato_Yellow_Leaf_Curl_Virus
0.4654364287853241,0.4896366000175476,0.4417196214199066,0.09055845439434052,0.0680956318974495,0.11078251153230667,326.22796630859375,0.16266869008541107,0.5092194080352783,0.0721171647310257,0.47693824768066406,0.06620461493730545,152.38422582834028,6.0647749634869275,0.0136260986328125,Tomato___Late_blight
0.5331501364707947,0.5591641664505005,0.45518115162849426,0.28731435537338257,0.26716598868370056,0.3087645173072815,59.4632568359375,0.31755611300468445,0.5776503086090088,0.12999704480171204,0.5395318269729614,0.27597418427467346,6433.629933579825,7.7799367699788835,0.1670684814453125,Tomato___Late_blight
0.4746065139770508,0.47473540902137756,0.4619746804237366,0.22552074491977692,0.20970655977725983,0.23526544868946075,323.0374755859375,0.17053702473640442,0.49743759632110596,0.012889607809484005,0.4732421338558197,0.21604591608047485,6742.954928764841,7.439452448448704,0.1842498779296875,Tomato___Target_Spot
0.5369123816490173,0.5825299620628357,0.4286428689956665,0.08965099602937698,0.11086605489253998,0.1333058774471283,109.214599609375,0.23073503375053406,0.583163321018219,0.19950485229492188,0.5513472557067871,0.08609625697135925,19.570127066224813,6.148652054711925,0.0075225830078125,Tomato___Tomato_Yellow_Leaf_Curl_Virus
0.4268951416015625,0.48474279046058655,0.40287965536117554,0.09947625547647476,0.09943323582410812,0.10941509902477264,78.28579711914062,0.19080770015716553,0.4928111732006073,0.13971073925495148,0.45811396837234497,0.09185557067394257,4099.97223921027,6.576109501228678,0.1204376220703125,Tomato___healthy
0.38068538904190063,0.43439415097236633,0.3467128872871399,0.1960301250219345,0.13904529809951782,0.19992254674434662,55.58636474609375,0.29538801312446594,0.4482249617576599,0.14139005541801453,0.40833961963653564,0.159424290060997,223.87822976335883,7.04153727634083,0.027252197265625,Tomato___Tomato_Yellow_Leaf_Curl_Virus
0.4302942752838135,0.4790347218513489,0.35247135162353516,0.1478617638349533,0.12896136939525604,0.19113759696483612,86.77548217773438,0.29093310236930847,0.47939321398735046,0.1753038763999939,0.4500330984592438,0.13538989424705505,118.43464522599243,6.848714916230124,0.0204315185546875,Tomato___Tomato_Yellow_Leaf_Curl_Virus
0.4586944580078125,0.45876753330230713,0.40864327549934387,0.07902106642723083,0.08226625621318817,0.11593680828809738,330.2813415527344,0.16345460712909698,0.47803106904029846,0.050197288393974304,0.4530315697193146,0.07396846264600754,414.56793573126197,6.227059378235941,0.024871826171875,Tomato___Late_blight
0.44409358501434326,0.49319493770599365,0.32964372634887695,0.13995566964149475,0.14464379847049713,0.17603453993797302,75.91452026367188,0.312349796295166,0.49424391984939575,0.21265259385108948,0.45986878871917725,0.1345643252134323,107.7094082327094,6.922079392081885,0.0371246337890625,Tomato___Tomato_Yellow_Leaf_Curl_Virus
0.38105884194374084,0.4272685945034027,0.2772350311279297,0.10648734122514725,0.11858123540878296,0.13025686144828796,72.656494140625,0.3167371451854706,0.42802244424819946,0.19624336063861847,0.3963480591773987,0.1027381494641304,81.44533513486385,6.674058604186073,0.0502471923828125,Tomato___Tomato_Yellow_Leaf_Curl_Virus
0.4633030295372009,0.5343205332756042,0.30601489543914795,0.07104168832302094,0.0786563828587532,0.14159777760505676,76.79141235351562,0.4026557207107544,0.5358924865722656,0.2993232011795044,0.48705947399139404,0.06058688834309578,170.9190869545564,5.99091653971058,0.0144195556640625,Tomato___Tomato_Yellow_Leaf_Curl_Virus
0.49530550837516785,0.5038760304450989,0.45043250918388367,0.21976689994335175,0.20458482205867767,0.24138693511486053,27.63037109375,0.2130887508392334,0.5201772451400757,0.062014058232307434,0.4952208995819092,0.2115735411643982,6158.922609146452,7.626882252228491,0.1894989013671875,Tomato___Spider_mites Two-spotted_spider_mite
0.47182777523994446,0.45940548181533813,0.450846791267395,0.19601310789585114,0.17527513206005096,0.19629286229610443,343.9222106933594,0.18441073596477509,0.4955868124961853,-0.003863645251840353,0.46214407682418823,0.18162232637405396,12604.251507339766,7.396531934186521,0.2747039794921875,Tomato___Target_Spot
0.5050461888313293,0.5497004985809326,0.5271434783935547,0.1878042072057724,0.1378132402896881,0.22043298184871674,202.5316162109375,0.24573788046836853,0.6004583835601807,0.06721126288175583,0.5337773561477661,0.15695522725582123,7712.763502014568,7.245312905280835,0.2072296142578125,Tomato___Septoria_leaf_spot
0.5204264521598816,0.5218257308006287,0.43756163120269775,0.2123277187347412,0.16556233167648315,0.23968805372714996,21.7005615234375,0.30652356147766113,0.5589527487754822,0.08566346019506454,0.5118012428283691,0.1830381602048874,8376.115739099449,7.3540177205609725,0.2320404052734375,Tomato___Septoria_leaf_spot
0.33364138007164,0.400656133890152,0.23956915736198425,0.13702021539211273,0.13376066088676453,0.15974768996238708,78.56906127929688,0.40174567699432373,0.40104958415031433,0.22810174524784088,0.362254798412323,0.12810462713241577,80.74744968093,6.822732109570092,0.02874755859375,Tomato___Tomato_Yellow_Leaf_Curl_Virus
0.3881767690181732,0.3845931887626648,0.32993772625923157,0.17421706020832062,0.13931792974472046,0.18440461158752441,38.234100341796875,0.26439446210861206,0.41004568338394165,0.051071830093860626,0.3794339895248413,0.1535358726978302,1091.5213311081752,7.023387925374626,0.0672760009765625,Tomato___Bacterial_spot
0.48988980054855347,0.4829675555229187,0.4406816065311432,0.1838148981332779,0.1677640676498413,0.1975201964378357,22.643341064453125,0.19545528292655945,0.5116872787475586,0.03536365181207657,0.4802166819572449,0.17365506291389465,8676.26687580999,7.37180595052284,0.2166290283203125,Tomato___Spider_mites Two-spotted_spider_mite
0.40795189142227173,0.46572816371917725,0.2251521348953247,0.15770766139030457,0.16566267609596252,0.18554416298866272,75.48101806640625,0.48443615436553955,0.46710440516471863,0.2983523905277252,0.42102739214897156,0.14898161590099335,58.08300423249602,7.169267602648201,0.0206298828125,Tomato___Tomato_Yellow_Leaf_Curl_Virus
0.38751348853111267,0.43342122435569763,0.3892853856086731,0.1749182641506195,0.126351997256279,0.16461177170276642,77.19482421875,0.206654891371727,0.4447225034236908,0.0900435522198677,0.41466328501701355,0.14326608180999756,1590.5014535335358,6.896668797673198,0.071197509765625,Tomato___Bacterial_spot
0.4512770175933838,0.4665699601173401,0.4383406341075897,0.20486018061637878,0.17062370479106903,0.20533542335033417,40.00518798828125,0.20872989296913147,0.49570274353027344,0.04352231323719025,0.4587792158126831,0.18192265927791595,8268.815064299619,7.443422881892429,0.246307373046875,Tomato___Target_Spot
0.5684508681297302,0.5905232429504395,0.564064085483551,0.19338081777095795,0.17190241813659668,0.22123759984970093,223.2501983642578,0.18019506335258484,0.6218376159667969,0.048531513661146164,0.5809072256088257,0.1813662350177765,9458.21431685891,7.391714596549464,0.240997314453125,Tomato___Septoria_leaf_spot
0.35635119676589966,0.4291295111179352,0.24659019708633423,0.1042502298951149,0.11185016483068466,0.1426866203546524,77.3359375,0.3857237696647644,0.42950594425201416,0.25531768798828125,0.38655930757522583,0.09450753033161163,84.9067332779523,6.530675668609188,0.0148773193359375,Tomato___Tomato_Yellow_Leaf_Curl_Virus
0.5030975341796875,0.5084286332130432,0.4788133502006531,0.19756443798542023,0.18745718896389008,0.20371823012828827,20.63909912109375,0.14079345762729645,0.5274232029914856,0.034946516156196594,0.5034584403038025,0.1907471865415573,7474.031791157788,7.379673680104294,0.19464111328125,Tomato___Spider_mites Two-spotted_spider_mite
0.47472554445266724,0.45909225940704346,0.4186092019081116,0.18419687449932098,0.14474067091941833,0.18737180531024933,18.2386474609375,0.21606417000293732,0.49791714549064636,0.02484980784356594,0.45915156602859497,0.1591159552335739,5789.756504944526,7.155015437210505,0.215057373046875,Tomato___Leaf_Mold
0.4916084408760071,0.48949727416038513,0.44387146830558777,0.17394676804542542,0.12926773726940155,0.1867097020149231,9.88507080078125,0.2169366031885147,0.5256373286247253,0.04351460188627243,0.4849271774291992,0.14559832215309143,5566.729411544045,7.156832857681935,0.17010498046875,Tomato___Spider_mites Two-spotted_spider_mite
0.4869128465652466,0.4632095992565155,0.38648661971092224,0.2061445713043213,0.1713523268699646,0.2186519205570221,35.93988037109375,0.3144158720970154,0.5058692097663879,0.0530196912586689,0.4615505039691925,0.18521010875701904,4022.676752811065,7.4799580928545275,0.1756591796875,Tomato___Tomato_Yellow_Leaf_Curl_Virus
0.4435209631919861,0.5270570516586304,0.2957982122898102,0.12529383599758148,0.14451593160629272,0.19444279372692108,83.3245849609375,0.41933655738830566,0.5294719338417053,0.3147948384284973,0.4757162630558014,0.12661005556583405,122.70876198913902,6.714257437848757,0.03466796875,Tomato___Tomato_Yellow_Leaf_Curl_Virus
0.4193556606769562,0.38524359464645386,0.3311120271682739,0.16916948556900024,0.13168032467365265,0.1649814397096634,31.844268798828125,0.303873747587204,0.43942978978157043,0.020019590854644775,0.38927212357521057,0.14357955753803253,3297.372027354082,7.08591569060156,0.1491546630859375,Tomato___Tomato_Yellow_Leaf_Curl_Virus
0.46337461471557617,0.5145163536071777,0.3688141107559204,0.09270935505628586,0.08570277690887451,0.1563510149717331,82.16604614257812,0.2738971710205078,0.5157749056816101,0.1968439668416977,0.4826149046421051,0.07980121672153473,373.5793348138686,6.352246858984355,0.0634307861328125,Tomato___Tomato_Yellow_Leaf_Curl_Virus
0.4788397550582886,0.483612060546875,0.4420511722564697,0.20786361396312714,0.18827880918979645,0.21657754480838776,23.7381591796875,0.21093368530273438,0.5132822394371033,0.04633328318595886,0.47744718194007874,0.194245845079422,7715.077252682066,7.535711090916706,0.2314453125,Tomato___Target_Spot
0.46706780791282654,0.46694040298461914,0.45163899660110474,0.17254593968391418,0.12376522272825241,0.19368480145931244,322.65301513671875,0.21093949675559998,0.5050332546234131,0.015174003317952156,0.4652341306209564,0.1431605964899063,2554.0934600436594,7.036202172008012,0.0823516845703125,Tomato___Spider_mites Two-spotted_spider_mite
0.4404659569263458,0.457411527633667,0.40404361486434937,0.1982952207326889,0.1826298087835312,0.21021726727485657,39.299285888671875,0.26426345109939575,0.48771607875823975,0.07031351327896118,0.44626086950302124,0.18624041974544525,6523.009555778466,7.337164162354293,0.211761474609375,Tomato___Target_Spot
0.4926757514476776,0.5025054216384888,0.36160627007484436,0.12123603373765945,0.07525799423456192,0.19083285331726074,28.8966064453125,0.38003382086753845,0.5427183508872986,0.15072877705097198,0.4835038185119629,0.08775310963392258,190.6114644703921,6.46498250006662,0.0358428955078125,Tomato___Septoria_leaf_spot
0.42008596658706665,0.45268377661705017,0.4382338523864746,0.1908722221851349,0.191189706325531,0.22018225491046906,184.0810546875,0.2497529536485672,0.49422070384025574,0.0470476895570755,0.4412897229194641,0.19107921421527863,13475.922794066137,7.345444270234215,0.2673492431640625,Tomato___healthy
0.42191240191459656,0.4535045623779297,0.43426191806793213,0.17810340225696564,0.18094013631343842,0.20416010916233063,168.31781005859375,0.24355453252792358,0.49260804057121277,0.05083480849862099,0.44186484813690186,0.17948022484779358,16925.466635665856,7.434246504688717,0.321197509765625,Tomato___healthy
0.4991479218006134,0.4920400381088257,0.4578222334384918,0.18636618554592133,0.1537708342075348,0.18838512897491455,23.78021240234375,0.18027028441429138,0.5240103602409363,0.02710990235209465,0.4902644157409668,0.16578662395477295,5690.32713939785,7.307832615807836,0.1695556640625,Tomato___Target_Spot
0.4199252724647522,0.45266193151474,0.4195442497730255,0.11252523213624954,0.11509775370359421,0.11496344208717346,199.42864990234375,0.12378977984189987,0.46445363759994507,0.06585430353879929,0.4390982687473297,0.11125428974628448,6129.860687210225,6.842008221466918,0.17236328125,Tomato___healthy
0.5006025433540344,0.47942352294921875,0.4583284556865692,0.18018268048763275,0.14195255935192108,0.18448972702026367,4.455322265625,0.18155010044574738,0.518047571182251,-8.383393287658691e-05,0.4833512306213379,0.15687677264213562,4804.267323520035,7.167028941422184,0.145294189453125,Tomato___Septoria_leaf_spot
0.44159117341041565,0.4386286735534668,0.39111292362213135,0.18323171138763428,0.14663387835025787,0.1886802613735199,30.595916748046875,0.22588405013084412,0.4697202444076538,0.04455327242612839,0.43409767746925354,0.15997666120529175,1477.5088728060946,7.028998340457047,0.0791168212890625,Tomato___Bacterial_spot
0.3926108777523041,0.43129289150238037,0.35322147607803345,0.2279626578092575,0.18976351618766785,0.21633008122444153,62.05181884765625,0.2860289216041565,0.4490506649017334,0.11675350368022919,0.41082683205604553,0.20080582797527313,4360.024236937752,7.473365720771673,0.1799163818359375,Tomato___Tomato_Yellow_Leaf_Curl_Virus
0.4123481512069702,0.4550896883010864,0.4336535334587097,0.17760714888572693,0.14677387475967407,0.18540401756763458,200.7563018798828,0.19608789682388306,0.4708898067474365,0.06417768448591232,0.43986624479293823,0.15800070762634277,1221.8255539720412,7.230186589369726,0.0789794921875,Tomato___Early_blight
0.34678566455841064,0.40483522415161133,0.1845622956752777,0.12112686783075333,0.133585587143898,0.16070598363876343,66.32113647460938,0.5099932551383972,0.4080353379249573,0.2783224284648895,0.36236730217933655,0.1159176453948021,84.03996274038218,6.766193409502523,0.02630615234375,Tomato___Tomato_Yellow_Leaf_Curl_Virus
0.4232039451599121,0.45627185702323914,0.3901928663253784,0.17210306227207184,0.11845630407333374,0.1929330825805664,351.83544921875,0.2589702904224396,0.47637295722961426,0.09914694726467133,0.438851535320282,0.13740962743759155,1872.216918706894,6.956236730620711,0.10107421875,Tomato___Tomato_Yellow_Leaf_Curl_Virus
0.5126580595970154,0.5371520519256592,0.45055273175239563,0.10332553088665009,0.11658463627099991,0.11193399876356125,63.0833740234375,0.16716217994689941,0.5427641868591309,0.11109332740306854,0.5199559926986694,0.10678449273109436,264.615295227617,6.500060753120856,0.032958984375,Tomato___Bacterial_spot
0.4654648005962372,0.4609392583370209,0.4409823417663574,0.20496715605258942,0.1904446929693222,0.21103335916996002,19.33349609375,0.18426741659641266,0.4912436604499817,0.015431301668286324,0.46001729369163513,0.19505871832370758,7130.60320419725,7.491397531010746,0.2042999267578125,Tomato___Target_Spot
0.4551897346973419,0.49268782138824463,0.44683897495269775,0.15613572299480438,0.14102336764335632,0.20727160573005676,209.80990600585938,0.2761504054069519,0.533750057220459,0.08334691822528839,0.4762491285800934,0.1466159224510193,4604.4433633273,7.108676939151181,0.1543731689453125,Tomato___Leaf_Mold
0.4874325096607208,0.48265525698661804,0.45476534962654114,0.1725439429283142,0.17004255950450897,0.18854168057441711,348.7665710449219,0.16524837911128998,0.5027462840080261,0.02311263605952263,0.480904221534729,0.17125901579856873,15341.861083026975,7.364739065049372,0.314605712890625,Tomato___healthy
0.47384411096572876,0.47094976902008057,0.44487500190734863,0.19014842808246613,0.16247013211250305,0.19334226846694946,2.38128662109375,0.20228374004364014,0.5067816376686096,0.02318049594759941,0.46884268522262573,0.1709795445203781,7627.762185308849,7.366982201376505,0.227294921875,Tomato___Target_Spot
0.4534449279308319,0.5269709825515747,0.3278294503688812,0.10258055478334427,0.09581143409013748,0.18647366762161255,85.84442138671875,0.36117884516716003,0.5272834897041321,0.27266764640808105,0.4822845458984375,0.08700628578662872,145.81321635260247,6.29123523990315,0.0290374755859375,Tomato___Tomato_Yellow_Leaf_Curl_Virus
0.40066754817962646,0.38724857568740845,0.3577239215373993,0.16010944545269012,0.1529771238565445,0.17417782545089722,20.72576904296875,0.17494820058345795,0.4090799391269684,0.01610567979514599,0.3878950774669647,0.1567588597536087,1195.2542247564998,7.070213849981803,0.063751220703125,Tomato___Late_blight
0.4480566382408142,0.4889017343521118,0.4439082145690918,0.08295540511608124,0.0905286893248558,0.08674821257591248,192.5591583251953,0.13015952706336975,0.49941959977149963,0.08583871275186539,0.4715598225593567,0.08269733190536499,2503.2168329805136,6.41803253803403,0.0695343017578125,Tomato___healthy
0.47914257645606995,0.47484201192855835,0.4527839422225952,0.18931326270103455,0.15933363139629364,0.19949309527873993,348.4122314453125,0.17688962817192078,0.5064829587936401,0.017757587134838104,0.47361326217651367,0.16991247236728668,4208.521990965819,7.370315362368616,0.14410400390625,Tomato___Spider_mites Two-spotted_spider_mite
0.4923418462276459,0.4562310576438904,0.41603171825408936,0.2144494354724884,0.1797412633895874,0.19025689363479614,37.23553466796875,0.22572842240333557,0.5062229633331299,0.004088697023689747,0.462445467710495,0.19028443098068237,7193.2779442758765,7.4212757257908875,0.2207794189453125,Tomato___Spider_mites Two-spotted_spider_mite
0.4997619390487671,0.46219533681869507,0.4074532985687256,0.25725916028022766,0.26077696681022644,0.2761852741241455,18.1337890625,0.289752334356308,0.5058358907699585,0.017175355926156044,0.46718716621398926,0.259231299161911,5222.255801532185,7.620611594083204,0.163177490234375,Tomato___Early_blight
0.38159456849098206,0.38299641013145447,0.33146658539772034,0.14539431035518646,0.14280599355697632,0.1085633635520935,324.7076416015625,0.1708594113588333,0.395610511302948,0.052931662648916245,0.3767028748989105,0.13677844405174255,3080.442788287066,6.992282024087647,0.1058349609375,Tomato___Late_blight
0.3688032031059265,0.4312947690486908,0.48081159591674805,0.14399638772010803,0.153214231133461,0.2213832437992096,193.67330932617188,0.3175443112850189,0.5152645707130432,0.012974763289093971,0.41825470328330994,0.15480245649814606,1182.0783824713435,7.1354497090333755,0.082305908203125,Tomato___Late_blight
0.46826592087745667,0.4624714255332947,0.4324883818626404,0.19988027215003967,0.1959875375032425,0.2139458805322647,4.5819091796875,0.2059430480003357,0.4882200062274933,0.024188531562685966,0.4607859253883362,0.19723886251449585,17770.972771182423,7.53194829772461,0.3094482421875,Tomato___healthy
0.4282480478286743,0.4642626643180847,0.4176129102706909,0.09177515655755997,0.0921824723482132,0.09826088696718216,215.69456481933594,0.1276356428861618,0.4717053771018982,0.08266440033912659,0.44817623496055603,0.08739230781793594,3721.5518995875027,6.515784334244914,0.099456787109375,Tomato___healthy
0.37494659423828125,0.424387127161026,0.4140962064266205,0.16102410852909088,0.15193158388137817,0.1945168375968933,183.41209411621094,0.22274278104305267,0.4496051073074341,0.05973152071237564,0.4084312915802002,0.15760356187820435,1093.2901442700531,7.114588913129447,0.0635986328125,Tomato___Early_blight
0.4481722116470337,0.44832733273506165,0.4072713255882263,0.18127410113811493,0.12899373471736908,0.17650897800922394,26.176483154296875,0.21305711567401886,0.48439276218414307,0.04121117666363716,0.4436006247997284,0.14756141602993011,3038.02896722313,7.125047121067242,0.0961761474609375,Tomato___Target_Spot
0.3577478229999542,0.41968828439712524,0.3124523162841797,0.19952476024627686,0.17017169296741486,0.19732479751110077,70.49774169921875,0.3500279486179352,0.43535539507865906,0.16917642951011658,0.3889431953430176,0.17609208822250366,3717.7110345363617,7.325110083184007,0.1840972900390625,Tomato___Tomato_Yellow_Leaf_Curl_Virus
0.4802682101726532,0.47529423236846924,0.4703986346721649,0.17017795145511627,0.16496017575263977,0.18969400227069855,300.4779968261719,0.16390633583068848,0.5062384009361267,-7.832888513803482e-05,0.476223349571228,0.1672973334789276,12334.49119262374,7.30096746361387,0.2951202392578125,Tomato___healthy
0.42534539103507996,0.4288504421710968,0.41369351744651794,0.15996824204921722,0.11661117523908615,0.17120526731014252,317.4402770996094,0.19150379300117493,0.45906129479408264,0.018661979585886,0.4260745346546173,0.13274428248405457,3308.258007801138,6.99055429483005,0.0954742431640625,Tomato___Spider_mites Two-spotted_spider_mite
0.48055896162986755,0.5351244211196899,0.3641773462295532,0.15200383961200714,0.15704987943172455,0.19753967225551605,82.04034423828125,0.3012133538722992,0.5356789231300354,0.22551259398460388,0.4993214011192322,0.14832986891269684,22.423049920937046,7.092725949041769,0.0020751953125,Tomato___Tomato_Yellow_Leaf_Curl_Virus
0.37375637888908386,0.3850597143173218,0.3440592885017395,0.15989360213279724,0.11380846798419952,0.14709538221359253,48.8448486328125,0.2075386941432953,0.4069857597351074,0.05230384320020676,0.3770059645175934,0.1300572156906128,1011.1685495339334,6.848443724586762,0.054290771484375,Tomato___Bacterial_spot
0.44423598051071167,0.4359937906265259,0.41667914390563965,0.1972227394580841,0.18536348640918732,0.1961919218301773,7.091400146484375,0.1941521167755127,0.4674791097640991,0.011072434484958649,0.4362562894821167,0.18804554641246796,12227.278178628534,7.492834205995192,0.2751617431640625,Tomato___Target_Spot
0.4700513482093811,0.4565889835357666,0.4657784104347229,0.08793749660253525,0.09257277101278305,0.13075514137744904,264.3446960449219,0.24125105142593384,0.5264905691146851,-0.022651832550764084,0.46166181564331055,0.08192780613899231,1398.5141648314893,6.19414725628483,0.041900634765625,Tomato___Septoria_leaf_spot
0.45685598254203796,0.4730094075202942,0.43113481998443604,0.1664179116487503,0.12658849358558655,0.17208141088485718,7.65948486328125,0.17087973654270172,0.4914511740207672,0.05802804231643677,0.4634058475494385,0.14056900143623352,713.7625967105851,7.0134081116015565,0.06964111328125,Tomato___Tomato_Yellow_Leaf_Curl_Virus
0.337554395198822,0.3270769417285919,0.28881746530532837,0.21528303623199463,0.19869984686374664,0.20676541328430176,34.30535888671875,0.2868094742298126,0.3555757403373718,0.027782009914517403,0.3258481025695801,0.20271265506744385,5609.371194824576,7.259425751518657,0.1804351806640625,Tomato___Early_blight
0.3979022800922394,0.4094693064689636,0.37526899576187134,0.1790628582239151,0.13559536635875702,0.1652727723121643,45.2044677734375,0.1910012811422348,0.4299975633621216,0.045767396688461304,0.4021119475364685,0.150934100151062,1257.2018328374252,6.929776756083947,0.0549163818359375,Tomato___Bacterial_spot
0.4640718996524811,0.46059727668762207,0.4421209394931793,0.2558225095272064,0.22629757225513458,0.25041887164115906,6.713104248046875,0.20766597986221313,0.490516722202301,0.015001664869487286,0.45952990651130676,0.23645426332950592,4326.016200717306,7.398996318794792,0.1488189697265625,Tomato___Early_blight
0.5031546950340271,0.5091184377670288,0.4505783021450043,0.20223468542099,0.15344420075416565,0.2110515683889389,27.242401123046875,0.2265019565820694,0.5398723483085632,0.06450387835502625,0.5006616711616516,0.17208345234394073,6699.232216342352,7.273227117649212,0.1866912841796875,Tomato___Septoria_leaf_spot
0.3944135010242462,0.4231349527835846,0.3586677014827728,0.14878615736961365,0.11214925348758698,0.15930208563804626,44.925384521484375,0.2241988331079483,0.43662938475608826,0.09318878501653671,0.4071980118751526,0.12547579407691956,1040.4789093276486,6.8794382208434826,0.065826416015625,Tomato___Bacterial_spot
0.47575080394744873,0.48387962579727173,0.4280993342399597,0.13420426845550537,0.1359301209449768,0.15969230234622955,201.56422424316406,0.22029224038124084,0.5107693076133728,0.06390920281410217,0.4750902056694031,0.13312874734401703,891.5279843173921,7.092216873188425,0.082183837890625,Tomato___Late_blight
0.4384985566139221,0.43535155057907104,0.42489656805992126,0.1532694399356842,0.1101718470454216,0.16984373331069946,322.3048095703125,0.2067405730485916,0.47442328929901123,0.007308059372007847,0.43510064482688904,0.12600035965442657,1765.065502461046,6.935297855054765,0.0578460693359375,Tomato___Spider_mites Two-spotted_spider_mite
0.4887032210826874,0.47585922479629517,0.39346593618392944,0.22703351080417633,0.19124194979667664,0.24243851006031036,36.750335693359375,0.32925519347190857,0.5124853253364563,0.0695493221282959,0.47030672430992126,0.205318421125412,6389.515374049544,7.470167009544404,0.2257843017578125,Tomato___Tomato_Yellow_Leaf_Curl_Virus
0.41641733050346375,0.42522698640823364,0.37385815382003784,0.25483280420303345,0.24115391075611115,0.2679748237133026,37.973876953125,0.2615758180618286,0.437592089176178,0.060178451240062714,0.4167368412017822,0.24716751277446747,4050.9133382064756,7.763691930478628,0.136749267578125,Tomato___Early_blight
0.5189594626426697,0.5658836960792542,0.4168660640716553,0.13802838325500488,0.1501413732767105,0.18674927949905396,95.58560180664062,0.24895165860652924,0.5670884847640991,0.19594182074069977,0.5348653197288513,0.13756859302520752,93.80671073286794,6.9957182922910714,0.01904296875,Tomato___Tomato_Yellow_Leaf_Curl_Virus
0.3702600300312042,0.4004667103290558,0.31901898980140686,0.18273133039474487,0.1332382708787918,0.1902993768453598,40.2952880859375,0.3142480254173279,0.4206686317920685,0.1116543710231781,0.382149875164032,0.15052051842212677,239.1362538775429,7.101557880657657,0.0511474609375,Tomato___Tomato_Yellow_Leaf_Curl_Virus
0.5654836893081665,0.5483576655387878,0.505882740020752,0.17685258388519287,0.1765490174293518,0.21985028684139252,315.806640625,0.22259820997714996,0.5893715023994446,0.025348981842398643,0.548636257648468,0.17688173055648804,8093.713287353516,7.287265127362153,0.231842041015625,Tomato___Septoria_leaf_spot
0.3559570014476776,0.4119758903980255,0.23518690466880798,0.1445871740579605,0.14498156309127808,0.17731598019599915,75.45526123046875,0.44657066464424133,0.41466060280799866,0.23280790448188782,0.3750722408294678,0.13917243480682373,80.95256599411368,7.057283363799346,0.0278778076171875,Tomato___Tomato_Yellow_Leaf_Curl_Virus
0.3552073836326599,0.3812459409236908,0.34303733706474304,0.24392884969711304,0.2062036544084549,0.2247076779603958,79.47998046875,0.2429528534412384,0.39691224694252014,0.06424716860055923,0.36910462379455566,0.2184288501739502,5294.377178296214,7.432245331916494,0.1847381591796875,Tomato___Tomato_Yellow_Leaf_Curl_Virus
0.48087170720100403,0.5092122554779053,0.4934133291244507,0.176920548081398,0.15771429240703583,0.20620068907737732,212.25851440429688,0.1994781643152237,0.5460659265518188,0.04413949325680733,0.49893733859062195,0.165992870926857,6951.949254586361,7.302981069183923,0.1905517578125,Tomato___Target_Spot
0.4600999653339386,0.49352169036865234,0.3692561686038971,0.1452348381280899,0.0893404558300972,0.21508774161338806,18.924713134765625,0.3840385377407074,0.5249732732772827,0.1576872169971466,0.4693623185157776,0.1098819300532341,3755.15448898077,6.757312724819149,0.1572265625,Tomato___Septoria_leaf_spot
0.3691158592700958,0.42964351177215576,0.25751692056655884,0.1277652233839035,0.14105252921581268,0.17355602979660034,73.15655517578125,0.38914215564727783,0.43219059705734253,0.23265430331230164,0.39192330837249756,0.12817856669425964,79.41201781388372,6.953115671623644,0.016082763671875,Tomato___Tomato_Yellow_Leaf_Curl_Virus
0.38710665702819824,0.42088744044303894,0.376129686832428,0.1898868829011917,0.15281563997268677,0.19246014952659607,54.960845947265625,0.2068042904138565,0.4277029037475586,0.07853859663009644,0.40568459033966064,0.16711494326591492,1486.3013102551922,7.265406394115772,0.0657806396484375,Tomato___Bacterial_spot
0.4532478451728821,0.4493539333343506,0.4334598183631897,0.2011905163526535,0.19560447335243225,0.22070300579071045,349.8133239746094,0.21248134970664978,0.4772965908050537,0.012000169605016708,0.4487062692642212,0.19851326942443848,19066.012435696088,7.547001757026408,0.3195953369140625,Tomato___healthy
0.34408286213874817,0.41390785574913025,0.49428871273994446,0.10562831163406372,0.12313137203454971,0.17097115516662598,199.90895080566406,0.35869061946868896,0.527367889881134,-0.010555850341916084,0.4021935760974884,0.11669963598251343,1051.830486925086,6.768421131837449,0.0577392578125,Tomato___Leaf_Mold
0.538567066192627,0.5805850028991699,0.4812244772911072,0.07186444848775864,0.1049293577671051,0.10751201957464218,170.25897216796875,0.1726560741662979,0.5880969166755676,0.14137831330299377,0.556694507598877,0.08031439036130905,910.7287048064172,6.344069884959695,0.04437255859375,Tomato___Late_blight
0.38661080598831177,0.4229055345058441,0.38050970435142517,0.16286161541938782,0.11190147697925568,0.1476203352212906,60.5289306640625,0.20550423860549927,0.4393784701824188,0.07869059592485428,0.4072202742099762,0.12887877225875854,1154.5254793127533,6.9169182892941645,0.048370361328125,Tomato___Bacterial_spot
0.26453110575675964,0.32624804973602295,0.24788512289524078,0.08321525156497955,0.0715566948056221,0.10109732300043106,128.74700927734375,0.25087282061576843,0.32969725131988525,0.14007988572120667,0.2988613545894623,0.06927536427974701,459.68435168801807,6.134700921386466,0.0228118896484375,Tomato___healthy
0.5246834754943848,0.4974672496318817,0.43960389494895935,0.22255182266235352,0.2029208093881607,0.21555989980697632,42.364501953125,0.24095585942268372,0.5374958515167236,0.030647071078419685,0.49900853633880615,0.20902574062347412,6714.357202730142,7.4697535053479,0.1876983642578125,Tomato___Spider_mites Two-spotted_spider_mite
0.3951956629753113,0.4054703414440155,0.3716583847999573,0.19806557893753052,0.1499471813440323,0.17885951697826385,44.9356689453125,0.2060142457485199,0.42819854617118835,0.04408659413456917,0.3985436260700226,0.16667841374874115,703.3485481811222,7.013819172694836,0.029632568359375,Tomato___Bacterial_spot
0.4240924119949341,0.4517349600791931,0.4247347116470337,0.20087425410747528,0.16415953636169434,0.19054554402828217,44.940338134765625,0.15955208241939545,0.4604717493057251,0.0546426847577095,0.44039177894592285,0.17719432711601257,1662.8391126682982,7.145190391903345,0.070770263671875,Tomato___Bacterial_spot
0.4620080888271332,0.4599718451499939,0.42228108644485474,0.24353359639644623,0.21499915421009064,0.23034031689167023,53.258514404296875,0.2195831835269928,0.49014854431152344,0.03565452992916107,0.45628392696380615,0.22377260029315948,5907.202953494154,7.633244731010032,0.214202880859375,Tomato___Spider_mites Two-spotted_spider_mite
0.6573601961135864,0.6477621793746948,0.5155367851257324,0.21819069981575012,0.21700851619243622,0.2553076148033142,46.413177490234375,0.29745909571647644,0.6813614368438721,0.12262735515832901,0.6355583071708679,0.2183636724948883,4756.766403708374,7.603736376983299,0.16522216796875,Tomato___Late_blight
0.4575268626213074,0.5090264081954956,0.34835201501846313,0.12050698697566986,0.11968265473842621,0.18356721103191376,111.44842529296875,0.3010950982570648,0.510202944278717,0.2121739536523819,0.47531113028526306,0.10760302096605301,191.7507774939295,6.6107647151028015,0.05474853515625,Tomato___Tomato_Yellow_Leaf_Curl_Virus
0.6112428903579712,0.6540894508361816,0.5737354159355164,0.24124322831630707,0.16054889559745789,0.2511327266693115,26.65118408203125,0.22817307710647583,0.6857482194900513,0.12320054322481155,0.6321179866790771,0.1904209852218628,7871.52925946936,7.455639039278145,0.2483062744140625,Tomato___Septoria_leaf_spot
0.44370245933532715,0.4437606930732727,0.3735382854938507,0.21308524906635284,0.17455419898033142,0.19842685759067535,46.48486328125,0.26485416293144226,0.47362521290779114,0.07028061151504517,0.4357379078865051,0.18615709245204926,2580.856238863431,7.160085635666335,0.1119537353515625,Tomato___Tomato_Yellow_Leaf_Curl_Virus
0.5921937823295593,0.6424074769020081,0.46962428092956543,0.06789162009954453,0.09137265384197235,0.11635437607765198,64.9208984375,0.2453891485929489,0.6440004110336304,0.22299684584140778,0.6076962947845459,0.06566841155290604,110.59698402509093,5.8824339611597365,0.0128326416015625,Tomato___Tomato_Yellow_Leaf_Curl_Virus
0.47026747465133667,0.44392848014831543,0.40520134568214417,0.15874753892421722,0.13098162412643433,0.1700119972229004,22.76397705078125,0.20878152549266815,0.48245763778686523,0.012388104572892189,0.4473889172077179,0.14237341284751892,1768.908467428526,6.948821435592188,0.0970001220703125,Tomato___Tomato_Yellow_Leaf_Curl_Virus
0.4371829926967621,0.472600519657135,0.42558181285858154,0.10646623373031616,0.10524175316095352,0.1116756722331047,255.03326416015625,0.14210572838783264,0.48375678062438965,0.08243618160486221,0.4566505551338196,0.10127611458301544,6549.3418978767,6.726795080995215,0.199066162109375,Tomato___healthy
0.4563046097755432,0.465193510055542,0.43559426069259644,0.1483716368675232,0.13189809024333954,0.17963430285453796,310.7291259765625,0.18092407286167145,0.48781251907348633,0.03848816826939583,0.4591614603996277,0.1394805610179901,1574.78264246881,7.080782775159007,0.0966644287109375,Tomato___Early_blight
0.479666531085968,0.47231757640838623,0.4035488963127136,0.06593915075063705,0.09220949560403824,0.1477096825838089,314.5889892578125,0.32322826981544495,0.5261428952217102,0.061419688165187836,0.4666753113269806,0.06701929122209549,437.6865532249212,6.063450236021934,0.0305023193359375,Tomato___Septoria_leaf_spot
0.33871322870254517,0.3858531415462494,0.28733786940574646,0.1349317878484726,0.11204223334789276,0.14505839347839355,63.603546142578125,0.3394366502761841,0.4028565287590027,0.14565519988536835,0.36052757501602173,0.11555298417806625,1659.638548044255,6.876732066521832,0.077972412109375,Tomato___Bacterial_spot
0.41429826617240906,0.45571720600128174,0.3335680663585663,0.12833945453166962,0.11835487931966782,0.17570814490318298,81.23043823242188,0.2758384048938751,0.4560711681842804,0.16356812417507172,0.4294079542160034,0.12010947614908218,148.88904844946228,6.848695435180266,0.0384368896484375,Tomato___Tomato_Yellow_Leaf_Curl_Virus
0.43348076939582825,0.5355032086372375,0.29310333728790283,0.09357312321662903,0.11235857009887695,0.1740904450416565,85.96298217773438,0.412994384765625,0.5367255806922913,0.34442228078842163,0.4773648977279663,0.08655834943056107,220.06697232997976,6.444111850386438,0.0311279296875,Tomato___Tomato_Yellow_Leaf_Curl_Virus
0.3620706796646118,0.41268354654312134,0.33772358298301697,0.14708732068538666,0.10323957353830338,0.16326121985912323,105.47219848632812,0.2548069953918457,0.4176195561885834,0.12557284533977509,0.3890048563480377,0.11846078187227249,994.0036131457891,6.7311325675333595,0.064483642578125,Tomato___Early_blight
0.36214420199394226,0.3767908811569214,0.35242971777915955,0.17756716907024384,0.13533180952072144,0.17087624967098236,4.589569091796875,0.20687054097652435,0.3956366777420044,0.03900781273841858,0.36963433027267456,0.15037986636161804,613.6760740838945,7.090962207707636,0.0369110107421875,Tomato___Tomato_Yellow_Leaf_Curl_Virus
0.5954411029815674,0.586374819278717,0.5295568704605103,0.2514505684375763,0.24161997437477112,0.27601486444473267,17.59014892578125,0.23909775912761688,0.6227900385856628,0.04775163531303406,0.5826084017753601,0.24519892036914825,7384.907794415951,7.595856723240892,0.18414306640625,Tomato___Target_Spot
0.4124075174331665,0.4410426616668701,0.3594011664390564,0.19209155440330505,0.15143844485282898,0.20425185561180115,32.887176513671875,0.28512489795684814,0.46342307329177856,0.11027658730745316,0.42317360639572144,0.16467376053333282,4210.380040095886,7.359391071865228,0.1656036376953125,Tomato___Tomato_Yellow_Leaf_Curl_Virus
0.3601977825164795,0.36664628982543945,0.3203597664833069,0.16622021794319153,0.13427579402923584,0.17958036065101624,16.90985107421875,0.26538345217704773,0.38796570897102356,0.0527350977063179,0.3594415485858917,0.1463199108839035,1969.510909329867,7.1233254699929,0.0872802734375,Tomato___Tomato_Yellow_Leaf_Curl_Virus
0.5124686360359192,0.47534260153770447,0.4063328504562378,0.21832478046417236,0.19026726484298706,0.21741604804992676,35.4881591796875,0.30543553829193115,0.5266641974449158,0.031883690506219864,0.4785761833190918,0.1998348981142044,5788.750877127051,7.501364034711295,0.197723388671875,Tomato___Tomato_Yellow_Leaf_Curl_Virus
0.4029715657234192,0.41963180899620056,0.3838788568973541,0.21283122897148132,0.16628113389015198,0.19370146095752716,59.330108642578125,0.20684923231601715,0.4389083981513977,0.052413344383239746,0.4105745553970337,0.1824267953634262,1105.4010561367031,7.001782837580484,0.053070068359375,Tomato___Bacterial_spot
0.40905192494392395,0.4235684275627136,0.3898273706436157,0.17148497700691223,0.11861445009708405,0.14869265258312225,45.19915771484375,0.18284811079502106,0.4451376497745514,0.04825751110911369,0.415381520986557,0.1368645876646042,607.8935995397624,6.816007596623807,0.0355987548828125,Tomato___Bacterial_spot
0.49448320269584656,0.5062278509140015,0.48161494731903076,0.2114148586988449,0.19114527106285095,0.2249659150838852,329.9008483886719,0.17465797066688538,0.5280978679656982,0.03635751083493233,0.4999103546142578,0.1991545557975769,7041.098029019078,7.478326882583502,0.1981201171875,Tomato___Target_Spot
0.48084312677383423,0.467806339263916,0.43699103593826294,0.1690998673439026,0.13704830408096313,0.16588416695594788,28.57952880859375,0.17156559228897095,0.5022939443588257,0.017778582870960236,0.46819138526916504,0.1482226550579071,6134.4689696878195,7.203165203592435,0.1799774169921875,Tomato___Target_Spot
0.4575456976890564,0.43662229180336,0.39282798767089844,0.16248661279678345,0.12326788157224655,0.15968658030033112,27.829010009765625,0.22375503182411194,0.47756707668304443,0.022870950400829315,0.4378858506679535,0.13709475100040436,2211.1744916290045,6.959497579755483,0.088287353515625,Tomato___Tomato_Yellow_Leaf_Curl_Virus
0.39839595556259155,0.39856988191604614,0.40013450384140015,0.17022199928760529,0.16016721725463867,0.17536112666130066,279.74322509765625,0.1749178022146225,0.4287232458591461,-0.0013907034881412983,0.39869624376296997,0.16288171708583832,7549.654108806513,7.322365340344051,0.2011871337890625,Tomato___Spider_mites Two-spotted_spider_mite
0.48910683393478394,0.5365206003189087,0.3521443009376526,0.13317427039146423,0.13943210244178772,0.15612301230430603,81.83749389648438,0.3126427233219147,0.5380120873451233,0.23179015517234802,0.5013250112533569,0.12375618517398834,143.7462862280663,6.953862728574677,0.045623779296875,Tomato___Tomato_Yellow_Leaf_Curl_Virus
0.50157231092453,0.4814597964286804,0.47601693868637085,0.12109913676977158,0.10369423776865005,0.16096927225589752,305.55987548828125,0.2298276573419571,0.5366681218147278,-0.014669697731733322,0.4868530035018921,0.10415822267532349,4449.325507046422,6.539753479151266,0.1365203857421875,Tomato___Tomato_mosaic_virus
0.48833993077278137,0.5174928307533264,0.41274136304855347,0.14538536965847015,0.14952987432479858,0.16663919389247894,89.65963745117188,0.19779622554779053,0.5184385180473328,0.1339043229818344,0.4968344569206238,0.14174777269363403,159.7846505192574,6.942105025033841,0.050048828125,Tomato___Tomato_Yellow_Leaf_Curl_Virus
0.468420147895813,0.5355478525161743,0.3669359087944031,0.1077914908528328,0.11070121079683304,0.17857328057289124,73.39065551757812,0.29929134249687195,0.538179874420166,0.23573966324329376,0.49625492095947266,0.0960564911365509,94.65515462844633,6.638244676058996,0.0272979736328125,Tomato___Tomato_Yellow_Leaf_Curl_Virus
0.34092870354652405,0.3739323019981384,0.311046838760376,0.17894329130649567,0.1299484670162201,0.1801794171333313,43.883087158203125,0.28502634167671204,0.39095211029052734,0.09588911384344101,0.3568952977657318,0.14734520018100739,841.8001534938812,7.117461113499078,0.03515625,Tomato___Tomato_Yellow_Leaf_Curl_Virus
0.38589197397232056,0.45091649889945984,0.585525631904602,0.1048767939209938,0.11625771224498749,0.18443869054317474,211.6111602783203,0.3608131408691406,0.601588249206543,-0.0695846751332283,0.44681963324546814,0.1166156530380249,855.3249194473028,6.549262389815368,0.0596923828125,Tomato___Leaf_Mold
0.3914416432380676,0.426223486661911,0.4519309401512146,0.13175839185714722,0.13268953561782837,0.17680057883262634,199.51959228515625,0.2630693316459656,0.49152690172195435,0.009074375964701176,0.41875436902046204,0.1327458620071411,2833.143612880027,7.011676214114005,0.1329498291015625,Tomato___Late_blight
0.3813556134700775,0.4103749990463257,0.3688284158706665,0.18301722407341003,0.12081345915794373,0.1659860610961914,29.98883056640625,0.22660674154758453,0.42861175537109375,0.07056591659784317,0.39696186780929565,0.14283160865306854,675.9210086157545,6.845807696672548,0.030853271484375,Tomato___Tomato_Yellow_Leaf_Curl_Virus
0.42907440662384033,0.4664040505886078,0.4379974603652954,0.09812141209840775,0.09578759223222733,0.09857092052698135,201.70977783203125,0.11886681616306305,0.47896912693977356,0.06573624163866043,0.45200416445732117,0.09269977360963821,3606.698092188686,6.602570389129197,0.0975189208984375,Tomato___healthy
0.48230987787246704,0.4875994622707367,0.3326031267642975,0.08804606646299362,0.099285788834095,0.12962231040000916,30.389556884765625,0.3648635447025299,0.5176286697387695,0.16028593480587006,0.46834829449653625,0.08204908668994904,705.9135722480714,6.350306977448174,0.03564453125,Tomato___Septoria_leaf_spot
0.42296093702316284,0.4244231879711151,0.3879726827144623,0.17917102575302124,0.13204075396060944,0.16091150045394897,40.56365966796875,0.19765673577785492,0.4524640738964081,0.03791270777583122,0.4198306202888489,0.1480688601732254,1072.1561614125967,6.9181646392775615,0.0565948486328125,Tomato___Bacterial_spot
0.43215903639793396,0.40347227454185486,0.38444459438323975,0.140455961227417,0.1313191056251526,0.12983764708042145,265.4549255371094,0.32723313570022583,0.4875239133834839,-0.009659172967076302,0.40988045930862427,0.11588196456432343,975.7212208320852,6.765588684661244,0.0462493896484375,Tomato___Septoria_leaf_spot
0.4524320960044861,0.46907398104667664,0.44929420948028564,0.18793870508670807,0.17663691937923431,0.2163921296596527,211.58169555664062,0.206618070602417,0.49979081749916077,0.03642165660858154,0.46184319257736206,0.18223324418067932,16841.644153514644,7.508183607920423,0.3238067626953125,Tomato___healthy
0.49664247035980225,0.48917654156684875,0.47986891865730286,0.12131465971469879,0.10220186412334442,0.16893860697746277,289.2995910644531,0.22029629349708557,0.5413966178894043,0.001841709017753601,0.49034780263900757,0.10570254176855087,1306.1413720266428,6.551982968194666,0.0474395751953125,Tomato___Septoria_leaf_spot
0.4373360276222229,0.4027743935585022,0.3653888702392578,0.15797004103660583,0.12398281693458557,0.15184643864631653,22.08050537109375,0.24301877617835999,0.45548325777053833,0.00282389298081398,0.4088464081287384,0.13442394137382507,3802.591592628276,7.012175802944795,0.1735687255859375,Tomato___Tomato_Yellow_Leaf_Curl_Virus
0.520193338394165,0.4907170534133911,0.4515678882598877,0.22524340450763702,0.19559675455093384,0.2141144573688507,34.383758544921875,0.2114143669605255,0.5355440378189087,0.009672875516116619,0.49506744742393494,0.20540527999401093,5327.169090095675,7.558309461524338,0.1772003173828125,Tomato___Spider_mites Two-spotted_spider_mite
0.4831089973449707,0.5069499015808105,0.4929434061050415,0.18371061980724335,0.14829804003238678,0.22756360471248627,222.4674530029297,0.2556120753288269,0.5600559115409851,0.03784742206335068,0.49822473526000977,0.16351377964019775,5661.548083655303,7.279268442577266,0.175018310546875,Tomato___Septoria_leaf_spot
0.4782576262950897,0.469629168510437,0.4297206401824951,0.1868658810853958,0.1464814692735672,0.1881239414215088,18.01580810546875,0.2172151356935501,0.5092722773551941,0.03128015622496605,0.46765953302383423,0.16036628186702728,4023.043877210468,7.192719023757359,0.1169586181640625,Tomato___Spider_mites Two-spotted_spider_mite
0.4667690396308899,0.5060265064239502,0.492761492729187,0.2016567438840866,0.16951251029968262,0.2037731111049652,203.9544677734375,0.1716621071100235,0.5200881958007812,0.052522554993629456,0.4927763342857361,0.18111096322536469,382.12449620640837,7.151756091486999,0.05621337890625,Tomato___Early_blight
0.3398711085319519,0.3780362606048584,0.330973744392395,0.15815690159797668,0.11412429809570312,0.15607769787311554,61.445831298828125,0.2264982908964157,0.384663462638855,0.08522770553827286,0.36125972867012024,0.12985830008983612,1719.8424231857061,6.880271981293959,0.082122802734375,Tomato___Early_blight
0.448181688785553,0.4621860980987549,0.46626055240631104,0.164122074842453,0.1278071254491806,0.17875303328037262,258.38067626953125,0.2170482575893402,0.5100785493850708,0.009930006228387356,0.45846331119537354,0.1388745903968811,3526.782221561065,7.15008425874298,0.1729888916015625,Tomato___Tomato_mosaic_virus
0.3975770175457001,0.46525096893310547,0.2961958646774292,0.1402548849582672,0.12509238719940186,0.1913970559835434,80.31924438476562,0.3691581189632416,0.4661596119403839,0.23672905564308167,0.4257442057132721,0.12526147067546844,93.76502968347631,6.961051281371039,0.0215606689453125,Tomato___Tomato_Yellow_Leaf_Curl_Virus
0.48715880513191223,0.4875796437263489,0.436132550239563,0.19671568274497986,0.18676766753196716,0.20726343989372253,26.542694091796875,0.20855742692947388,0.5124254822731018,0.051867980509996414,0.48158887028694153,0.1897360384464264,8319.93929503858,7.455402040506855,0.2126922607421875,Tomato___Spider_mites Two-spotted_spider_mite
0.6376273036003113,0.6473402380943298,0.5222340822219849,0.20739391446113586,0.1900329291820526,0.23043908178806305,44.44580078125,0.25921735167503357,0.6712947487831116,0.13481906056404114,0.6301739811897278,0.19533054530620575,5688.676284066401,7.47687881278332,0.1978302001953125,Tomato___Late_blight
0.4675290882587433,0.49880093336105347,0.4597448706626892,0.08267560601234436,0.09286817163228989,0.08727569878101349,214.65133666992188,0.1075182855129242,0.5078811645507812,0.07032788544893265,0.48499825596809387,0.08481942862272263,4510.440104491776,6.464088576103657,0.1226348876953125,Tomato___healthy
0.43505436182022095,0.4463289976119995,0.4335542321205139,0.18027010560035706,0.1796008050441742,0.1981206089258194,211.85621643066406,0.19505105912685394,0.4764285981655121,0.024049408733844757,0.44150155782699585,0.1800178587436676,18698.244174344232,7.476974501614017,0.318634033203125,Tomato___healthy
0.534222424030304,0.5964921116828918,0.3969700336456299,0.08698511123657227,0.10058256983757019,0.15481413900852203,81.70489501953125,0.30139097571372986,0.5965601205825806,0.26179173588752747,0.5551279187202454,0.07769855856895447,27.07247797306627,6.189751083232283,0.0084075927734375,Tomato___Tomato_Yellow_Leaf_Curl_Virus
0.42088279128074646,0.45627331733703613,0.33016830682754517,0.1968127191066742,0.16579818725585938,0.1966487169265747,49.578582763671875,0.3595077395439148,0.48077818751335144,0.16149550676345825,0.4313155710697174,0.16996218264102936,3019.40151296556,7.199049396372391,0.1650238037109375,Tomato___Tomato_Yellow_Leaf_Curl_Virus
0.4626307487487793,0.5134177207946777,0.3224641680717468,0.12921510636806488,0.12999841570854187,0.17595110833644867,77.1009521484375,0.3586506247520447,0.5145555734634399,0.2417406439781189,0.4764637351036072,0.12109233438968658,138.79503870662302,6.849440373379265,0.0421142578125,Tomato___Tomato_Yellow_Leaf_Curl_Virus
0.45556357502937317,0.5049540996551514,0.41876935958862305,0.12920363247394562,0.15566997230052948,0.13631463050842285,26.0526123046875,0.17268377542495728,0.5101429224014282,0.13557523488998413,0.48036128282546997,0.13855072855949402,1500.3283203912433,7.14893453823532,0.074798583984375,Tomato___Late_blight
0.5035340785980225,0.4894368648529053,0.4357701539993286,0.17305675148963928,0.12997591495513916,0.17494553327560425,20.48773193359375,0.21454857289791107,0.532498300075531,0.039569634944200516,0.4875339865684509,0.14394958317279816,6237.496121025644,7.051514288153405,0.219482421875,Tomato___Leaf_Mold
0.4980190098285675,0.4851022958755493,0.47045373916625977,0.15361107885837555,0.11305204033851624,0.16469967365264893,334.98040771484375,0.20431369543075562,0.5310428142547607,0.0017318343743681908,0.48729443550109863,0.1253931224346161,5860.550865992904,6.806065359784164,0.185302734375,Tomato___Tomato_mosaic_virus
0.3676830232143402,0.386198490858078,0.355073481798172,0.14798367023468018,0.13002915680408478,0.15340861678123474,35.957489013671875,0.1729990690946579,0.3987288475036621,0.04964042454957962,0.37711411714553833,0.1356135755777359,1360.0338237041142,7.026045391458908,0.11639404296875,Tomato___Early_blight
0.4855493903160095,0.5253026485443115,0.3584630787372589,0.09469220787286758,0.10104788839817047,0.14613060653209686,71.33746337890625,0.2822253108024597,0.5263660550117493,0.20659290254116058,0.49439674615859985,0.0825972631573677,81.41997618135065,6.346710976331464,0.0222930908203125,Tomato___Tomato_Yellow_Leaf_Curl_Virus
0.48021385073661804,0.4553799033164978,0.41448336839675903,0.2083899825811386,0.18507753312587738,0.2067604809999466,29.974853515625,0.22225163877010345,0.4930899739265442,0.016062598675489426,0.45814305543899536,0.1930251121520996,5151.798458930105,7.4241871243829785,0.1694793701171875,Tomato___Target_Spot
0.45956695079803467,0.4772670865058899,0.41730761528015137,0.15457285940647125,0.15643739700317383,0.16185006499290466,175.16119384765625,0.2231011688709259,0.4998590350151062,0.07765964418649673,0.46513938903808594,0.1515621393918991,756.9510489096865,7.263761183048317,0.082000732421875,Tomato___Late_blight
0.38344940543174744,0.40054821968078613,0.3569341003894806,0.17347849905490875,0.11606680601835251,0.15554143488407135,45.05615234375,0.22079727053642273,0.42404210567474365,0.060712993144989014,0.390463650226593,0.1363825500011444,517.4347112178802,6.757368963445083,0.0237884521484375,Tomato___Bacterial_spot
0.5277050137519836,0.5737859606742859,0.5131893157958984,0.2066778689622879,0.17016184329986572,0.2303261011838913,138.90966796875,0.20382662117481232,0.5924221277236938,0.10667762160301208,0.5530997514724731,0.18514904379844666,11471.573521300219,7.48247880290066,0.2535400390625,Tomato___Septoria_leaf_spot
0.2672376036643982,0.3437948524951935,0.3995092511177063,0.10709981620311737,0.09151985496282578,0.14377643167972565,202.3499755859375,0.3793574273586273,0.41421765089035034,0.020842844620347023,0.32725563645362854,0.0998610407114029,1667.2486056403723,6.6516536292079795,0.0481719970703125,Tomato___Leaf_Mold
0.46305298805236816,0.46881839632987976,0.4235032796859741,0.16322775185108185,0.12292667478322983,0.16702286899089813,28.4180908203125,0.2007337361574173,0.4982050955295563,0.05108056217432022,0.4619286060333252,0.13713066279888153,4955.924323035171,7.094655519689109,0.17132568359375,Tomato___Target_Spot
0.4980170726776123,0.5591974258422852,0.38892805576324463,0.11063271015882492,0.10917484015226364,0.17531223595142365,82.357666015625,0.2874341309070587,0.5600382685661316,0.231449693441391,0.5214937925338745,0.09849704802036285,234.423446174711,6.652199626725146,0.0428619384765625,Tomato___Tomato_Yellow_Leaf_Curl_Virus
0.466522753238678,0.5027636289596558,0.32342782616615295,0.09140966087579727,0.09450505673885345,0.1261180341243744,95.54025268554688,0.35741516947746277,0.5139187574386597,0.21557661890983582,0.47148334980010986,0.07896126806735992,541.9983346012887,6.340075815578819,0.077178955078125,Tomato___Bacterial_spot
0.4378618896007538,0.4882439970970154,0.42321455478668213,0.19730894267559052,0.15067537128925323,0.21948425471782684,124.14007568359375,0.2340666651725769,0.49929121136665344,0.11541162431240082,0.46576642990112305,0.17164649069309235,141.36622473224998,7.163678176752132,0.0247344970703125,Tomato___Late_blight
0.41770145297050476,0.4423517882823944,0.389884352684021,0.15902288258075714,0.10662262886762619,0.1709577441215515,351.4741516113281,0.2340659350156784,0.4645971655845642,0.07711774855852127,0.42900002002716064,0.12466651946306229,2123.0082923760638,6.8358443670068425,0.1006622314453125,Tomato___Tomato_Yellow_Leaf_Curl_Virus
0.37700486183166504,0.40660205483436584,0.3583334982395172,0.1671140044927597,0.12809857726097107,0.16262036561965942,54.011871337890625,0.2071046084165573,0.42200490832328796,0.07786572724580765,0.3922498822212219,0.14114654064178467,1239.616527586244,6.9146801666072175,0.0626678466796875,Tomato___Bacterial_spot
0.6015326976776123,0.5904465913772583,0.5033450722694397,0.13162687420845032,0.11994607746601105,0.19360993802547455,4.45379638671875,0.2400781363248825,0.62593674659729,0.076015405356884,0.583831787109375,0.123084157705307,1216.804260844132,6.813712464942611,0.094146728515625,Tomato___Septoria_leaf_spot
0.4059765338897705,0.4295765459537506,0.4573037028312683,0.09716576337814331,0.07707430422306061,0.13091228902339935,222.86338806152344,0.1879865676164627,0.48133862018585205,-0.004127237480133772,0.4256809949874878,0.08664030581712723,1284.6768718278036,6.359665515632203,0.035614013671875,Tomato___Leaf_Mold
0.507296621799469,0.4915623962879181,0.4190273880958557,0.22264237701892853,0.1818416714668274,0.22928109765052795,34.620635986328125,0.2898656725883484,0.532764196395874,0.056800756603479385,0.4879978895187378,0.1968281865119934,5338.116365926107,7.464665940069868,0.214202880859375,Tomato___Tomato_Yellow_Leaf_Curl_Virus
0.3981586694717407,0.40619322657585144,0.36207282543182373,0.1271757185459137,0.07987437397241592,0.13961490988731384,3.489959716796875,0.20393456518650055,0.42829352617263794,0.05215495824813843,0.39876121282577515,0.0973687544465065,526.1571626772638,6.539172445957113,0.0197906494140625,Tomato___Tomato_Yellow_Leaf_Curl_Virus
0.4933909475803375,0.4521493911743164,0.46302804350852966,0.08659756928682327,0.08479747176170349,0.09751968085765839,316.11328125,0.13953104615211487,0.497539222240448,-0.05212020128965378,0.4657208025455475,0.0826161652803421,644.066130500054,6.238246282581116,0.0330047607421875,Tomato___Late_blight
0.46023526787757874,0.45681092143058777,0.40970057249069214,0.1844477355480194,0.13848647475242615,0.17689639329910278,24.090576171875,0.22153183817863464,0.4948136508464813,0.043686091899871826,0.45246422290802,0.15329863131046295,4232.718669354916,7.047935902719674,0.180938720703125,Tomato___Leaf_Mold
0.45346599817276,0.4309226870536804,0.4000245928764343,0.1570637971162796,0.12037163972854614,0.1616089642047882,6.58807373046875,0.21825532615184784,0.47492676973342896,0.008354813791811466,0.43414074182510376,0.1326853632926941,3511.5995023241267,7.020606760056866,0.1377105712890625,Tomato___Tomato_Yellow_Leaf_Curl_Virus
0.4924332797527313,0.5521621108055115,0.36827173829078674,0.12831352651119232,0.11697468161582947,0.18088239431381226,78.06674194335938,0.3288455009460449,0.552232027053833,0.2436191886663437,0.5133396983146667,0.1148202195763588,73.31621219869703,6.828940056224555,0.022735595703125,Tomato___Tomato_Yellow_Leaf_Curl_Virus
0.48580119013786316,0.4611752927303314,0.41630280017852783,0.20547907054424286,0.17360594868659973,0.22068890929222107,16.69183349609375,0.25784170627593994,0.5008089542388916,0.02024662122130394,0.4634229838848114,0.18668967485427856,6240.15908444277,7.342502660023612,0.2136383056640625,Tomato___Septoria_leaf_spot
0.5684426426887512,0.5691763162612915,0.5191118121147156,0.16914965212345123,0.15830673277378082,0.19678634405136108,359.0855407714844,0.16802458465099335,0.5909831523895264,0.050798192620277405,0.5632496476173401,0.16277731955051422,6906.423523772275,7.285392310918245,0.210540771484375,Tomato___Spider_mites Two-spotted_spider_mite
0.4978904128074646,0.5654203295707703,0.3757522702217102,0.14383342862129211,0.14047184586524963,0.17879121005535126,82.7620849609375,0.3293759226799011,0.5656519532203674,0.25719791650772095,0.5236067175865173,0.13287806510925293,63.27825926244259,7.04174000817059,0.035400390625,Tomato___Tomato_Yellow_Leaf_Curl_Virus
0.4729156792163849,0.4831785559654236,0.4508078992366791,0.15817758440971375,0.11658478528261185,0.16175487637519836,6.5994873046875,0.18056431412696838,0.5138097405433655,0.0426335334777832,0.47641968727111816,0.13007918000221252,450.39555934723467,6.9799552777529,0.062469482421875,Tomato___Target_Spot
0.5216960906982422,0.4973645508289337,0.4978684186935425,0.1224837526679039,0.09351835399866104,0.15079247951507568,314.18878173828125,0.19094274938106537,0.5479956865310669,-0.024835389107465744,0.5046971440315247,0.10117644816637039,6873.266105592251,6.607200380155232,0.2095184326171875,Tomato___Tomato_mosaic_virus
0.4374989867210388,0.49139225482940674,0.2866593301296234,0.15656228363513947,0.1555037647485733,0.1815006285905838,67.71786499023438,0.4080202579498291,0.49396470189094543,0.25862619280815125,0.4519386291503906,0.14590826630592346,33.776590183144435,7.191264327298349,0.0095977783203125,Tomato___Tomato_Yellow_Leaf_Curl_Virus
0.36692702770233154,0.39598172903060913,0.35979124903678894,0.15910877287387848,0.11047147214412689,0.14725595712661743,54.514495849609375,0.20426426827907562,0.41188210248947144,0.06524509191513062,0.38316863775253296,0.1277586966753006,1613.1456519661006,6.830130835782731,0.0456085205078125,Tomato___Bacterial_spot
0.3690216839313507,0.38596102595329285,0.3337129056453705,0.13471023738384247,0.09244094043970108,0.12682506442070007,53.311279296875,0.22343337535858154,0.4114531874656677,0.0691874772310257,0.37493985891342163,0.10581687092781067,931.6661956273019,6.7018450164439916,0.03936767578125,Tomato___Bacterial_spot
0.3313613533973694,0.4122731685638428,0.4668782353401184,0.13341696560382843,0.12499668449163437,0.19818836450576782,191.25563049316406,0.35577136278152466,0.49901506304740906,0.0263067539781332,0.3943055272102356,0.13203613460063934,1734.391544248676,7.037248495301236,0.08209228515625,Tomato___Leaf_Mold
0.538777768611908,0.5490515828132629,0.47611188888549805,0.2647884786128998,0.23338954150676727,0.2732946276664734,49.344390869140625,0.23893380165100098,0.5702518820762634,0.08321353793144226,0.537664532661438,0.24595604836940765,4153.4606966516,7.642617250009637,0.1396636962890625,Tomato___Late_blight
0.46218255162239075,0.5026920437812805,0.4700140058994293,0.08817789703607559,0.08563590794801712,0.08649538457393646,185.41087341308594,0.10860799252986908,0.5112822651863098,0.07318750023841858,0.4868543744087219,0.08274788409471512,2141.18558124057,6.399555385970767,0.045135498046875,Tomato___healthy
0.477006733417511,0.5441374778747559,0.2963922917842865,0.15653741359710693,0.165138378739357,0.18680237233638763,77.11178588867188,0.4251745641231537,0.5442731380462646,0.3148760199546814,0.4958224892616272,0.14710761606693268,234.55052822455764,7.202017766320136,0.05963134765625,Tomato___Tomato_Yellow_Leaf_Curl_Virus
0.3713948130607605,0.4220829904079437,0.3703335225582123,0.12991493940353394,0.09260735660791397,0.16364803910255432,201.7848358154297,0.2661142647266388,0.44841447472572327,0.10243770480155945,0.4010278284549713,0.10531572997570038,664.6081803804263,6.635226276082408,0.046600341796875,Tomato___Tomato_Yellow_Leaf_Curl_Virus
0.40668657422065735,0.3927809000015259,0.3130938410758972,0.24229204654693604,0.2124508172273636,0.23440830409526825,49.514678955078125,0.3893280029296875,0.43075501918792725,0.06578148156404495,0.38785436749458313,0.2214723378419876,6862.177052175393,7.463782293465471,0.2093505859375,Tomato___Spider_mites Two-spotted_spider_mite
0.5461260080337524,0.5308041572570801,0.49442219734191895,0.15805256366729736,0.1369527131319046,0.18181559443473816,0.4967041015625,0.17515599727630615,0.5673041343688965,0.021060122177004814,0.5312378406524658,0.14494240283966064,6931.911633074051,7.178128197756221,0.1985321044921875,Tomato___Spider_mites Two-spotted_spider_mite
0.5404466986656189,0.5326628088951111,0.4173775613307953,0.10677942633628845,0.11501257866621017,0.18023750185966492,348.75213623046875,0.3102051913738251,0.5673279762268066,0.10750140249729156,0.521847665309906,0.10325745493173599,4349.842265901854,6.527385721214713,0.1554412841796875,Tomato___Septoria_leaf_spot
0.502838671207428,0.5106498003005981,0.5315378904342651,0.17784705758094788,0.15243738889694214,0.21139179170131683,242.8159637451172,0.22281226515769958,0.5733834505081177,-0.013076955452561378,0.5106955170631409,0.16299863159656525,3356.2158806023654,6.878250261751214,0.1109619140625,Tomato___Septoria_leaf_spot
0.5038988590240479,0.4849225580692291,0.44514408707618713,0.1754758059978485,0.1407720148563385,0.18106092512607574,18.52947998046875,0.19842582941055298,0.5238014459609985,0.02080215886235237,0.4860617220401764,0.15358306467533112,2647.6668235843536,6.964826410455781,0.114044189453125,Tomato___Late_blight
0.3652343153953552,0.3958951234817505,0.31970909237861633,0.1662178486585617,0.11684315651655197,0.17311620712280273,41.956146240234375,0.2992144525051117,0.41603758931159973,0.1068468987941742,0.3780423700809479,0.13389214873313904,1246.2100596276578,7.034396654816922,0.0873260498046875,Tomato___Tomato_Yellow_Leaf_Curl_Virus
0.43479710817337036,0.4865962266921997,0.42284631729125977,0.09186851233243942,0.05858328565955162,0.0981329083442688,313.65655517578125,0.1525162011384964,0.4936122000217438,0.1155490055680275,0.4638408422470093,0.060687605291604996,78.32313513662666,5.949019433571264,0.0070037841796875,Tomato___Late_blight
0.3964260220527649,0.43187659978866577,0.3595800995826721,0.1778380125761032,0.10280661284923553,0.20110639929771423,24.416595458984375,0.33071407675743103,0.46393513679504395,0.10774704813957214,0.4130350649356842,0.1305149644613266,690.5482329928782,6.90026362449454,0.045623779296875,Tomato___Septoria_leaf_spot
0.4896450638771057,0.4772677421569824,0.46133434772491455,0.17344675958156586,0.17180542647838593,0.19315558671951294,330.9853210449219,0.18306927382946014,0.5063746571540833,0.003556014969944954,0.4791521430015564,0.17282339930534363,16599.087239309913,7.379984363326916,0.327789306640625,Tomato___healthy
0.4911516606807709,0.5381004214286804,0.39392173290252686,0.0991404727101326,0.10283807665109634,0.16390731930732727,74.64215087890625,0.2509540319442749,0.5389513373374939,0.1911274790763855,0.5076264142990112,0.09173230081796646,268.7193044787273,6.558343033503695,0.04864501953125,Tomato___Tomato_Yellow_Leaf_Curl_Virus
0.36239224672317505,0.4046117663383484,0.3388082981109619,0.16495481133460999,0.11977529525756836,0.18914000689983368,199.70758056640625,0.29927125573158264,0.42308181524276733,0.10802295804023743,0.38448652625083923,0.13631859421730042,1161.2270280623343,6.882708698636803,0.0762939453125,Tomato___Tomato_Yellow_Leaf_Curl_Virus
0.44556736946105957,0.44292017817497253,0.3839409649372101,0.18792693316936493,0.15085460245609283,0.19945387542247772,24.227996826171875,0.2510371208190918,0.47272825241088867,0.056332044303417206,0.43698805570602417,0.16434313356876373,6847.732736274367,7.2812481360687284,0.2494964599609375,Tomato___Tomato_Yellow_Leaf_Curl_Virus
0.5086929202079773,0.4812953472137451,0.3083426058292389,0.08390579372644424,0.094991035759449,0.1351127177476883,21.317962646484375,0.38806092739105225,0.51804119348526,0.14555507898330688,0.469770610332489,0.07129073143005371,135.52529541938566,6.105141718367076,0.017486572265625,Tomato___Septoria_leaf_spot
0.47142690420150757,0.4533587396144867,0.4211755096912384,0.2193625420331955,0.18588903546333313,0.21473576128482819,28.902679443359375,0.2184533178806305,0.4884764850139618,0.014115097932517529,0.45509225130081177,0.1983192265033722,4344.495023748837,7.347173051166374,0.1546478271484375,Tomato___Spider_mites Two-spotted_spider_mite
0.2887871265411377,0.36026644706726074,0.29191717505455017,0.17120422422885895,0.12054982781410217,0.18030695617198944,150.842041015625,0.35346096754074097,0.374853253364563,0.13982854783535004,0.33110228180885315,0.13811439275741577,680.2276852345094,7.005315924951182,0.0465240478515625,Tomato___Tomato_Yellow_Leaf_Curl_Virus
0.4285990595817566,0.43668028712272644,0.35025325417518616,0.20162998139858246,0.18020160496234894,0.19912654161453247,38.753692626953125,0.3014909327030182,0.46676579117774963,0.09450828284025192,0.4244113564491272,0.18424472212791443,3140.510850829771,7.375629913596172,0.142608642578125,Tomato___Late_blight
0.3526003360748291,0.3870283365249634,0.34991228580474854,0.15697571635246277,0.11535312235355377,0.14316144585609436,67.52548217773438,0.21122504770755768,0.4012886881828308,0.07154415547847748,0.3725031614303589,0.12877006828784943,1144.6721561045852,6.820170630035266,0.0540618896484375,Tomato___Bacterial_spot
0.4560149908065796,0.4531264305114746,0.4089648127555847,0.20712222158908844,0.20723256468772888,0.219699427485466,3.91790771484375,0.24174705147743225,0.4795375168323517,0.041272930800914764,0.4489556550979614,0.20587755739688873,19736.573771977564,7.547319490478544,0.3165283203125,Tomato___healthy
0.30284714698791504,0.36778053641319275,0.20545127987861633,0.10526538640260696,0.09361810982227325,0.14238545298576355,68.64108276367188,0.43781790137290955,0.3700888156890869,0.2272626757621765,0.32985997200012207,0.08767808973789215,46.00393810775131,6.478594676709932,0.010345458984375,Tomato___Tomato_Yellow_Leaf_Curl_Virus
0.4129161834716797,0.4445294439792633,0.3610207140445709,0.2079044133424759,0.16022902727127075,0.20968851447105408,53.700531005859375,0.3011608123779297,0.4634067416191101,0.11512206494808197,0.42555713653564453,0.17752069234848022,4774.128490853822,7.353918444246229,0.1949310302734375,Tomato___Tomato_Yellow_Leaf_Curl_Virus
0.5027516484260559,0.5609935522079468,0.4186147153377533,0.15456870198249817,0.15386532247066498,0.20372150838375092,78.02972412109375,0.25690096616744995,0.5632699728012085,0.20062071084976196,0.5273480415344238,0.14878509938716888,86.89626216888428,7.1148240052445715,0.0245513916015625,Tomato___Tomato_Yellow_Leaf_Curl_Virus
0.4150243103504181,0.45079442858695984,0.37972432374954224,0.1692783534526825,0.12050852924585342,0.18939201533794403,45.10260009765625,0.3033978044986725,0.4797388017177582,0.10684025287628174,0.4319972097873688,0.1364782750606537,4988.459166041575,7.055208341894771,0.1754302978515625,Tomato___Septoria_leaf_spot
0.45974138379096985,0.4923367500305176,0.4390981197357178,0.18176090717315674,0.18178924918174744,0.21105192601680756,123.5120849609375,0.24976226687431335,0.5200682282447815,0.08583404123783112,0.4765215516090393,0.18135271966457367,18313.179094076157,7.468359866797932,0.3362884521484375,Tomato___healthy
0.49171382188796997,0.4985896348953247,0.47417497634887695,0.17753490805625916,0.1604696810245514,0.1848277598619461,353.8542175292969,0.16007566452026367,0.5233438014984131,0.031290452927351,0.4937504827976227,0.1657978892326355,7909.721663724398,7.291390805155924,0.224609375,Tomato___Target_Spot
0.45001858472824097,0.45043671131134033,0.4285352826118469,0.17569737136363983,0.15865984559059143,0.1969742327928543,347.01214599609375,0.2121119648218155,0.48022711277008057,0.022319596260786057,0.44781494140625,0.16560186445713043,9646.973158389097,7.284630221559702,0.2690277099609375,Tomato___healthy
0.5109024047851562,0.4787153899669647,0.40860122442245483,0.20339544117450714,0.1693807989358902,0.21499565243721008,30.220977783203125,0.2933032512664795,0.526803731918335,0.03792712837457657,0.48034632205963135,0.18231754004955292,6978.085662659258,7.374460896186885,0.27874755859375,Tomato___Tomato_Yellow_Leaf_Curl_Virus
0.3774533271789551,0.4263906180858612,0.3509890139102936,0.15440836548805237,0.09648314118385315,0.15278971195220947,59.37286376953125,0.25414708256721497,0.4411316215991974,0.12433885782957077,0.4031625986099243,0.11686389148235321,253.04107663687319,6.68461333084719,0.0250701904296875,Tomato___Bacterial_spot
0.31820428371429443,0.3080870509147644,0.30008456110954285,0.17270267009735107,0.16429221630096436,0.16972248256206512,11.081146240234375,0.19603464007377625,0.3304544687271118,-0.0021147485822439194,0.3101998567581177,0.16652172803878784,7706.482234895229,7.267613908504998,0.20013427734375,Tomato___Target_Spot
0.47913166880607605,0.5023088455200195,0.46711429953575134,0.17720505595207214,0.15928547084331512,0.21989671885967255,250.75140380859375,0.24530699849128723,0.5402510762214661,0.058371689170598984,0.4913666546344757,0.1666226089000702,5551.125127358129,7.1718314613619025,0.1754608154296875,Tomato___Leaf_Mold
0.48588645458221436,0.4584738612174988,0.4487970173358917,0.0988549217581749,0.10311701148748398,0.1041446402668953,335.5584716796875,0.12677374482154846,0.4912301301956177,-0.017735803499817848,0.46556705236434937,0.09888958185911179,1089.8964186450467,6.592963064150415,0.0437774658203125,Tomato___Late_blight
0.454345166683197,0.4717329144477844,0.45251235365867615,0.1949773132801056,0.17101673781871796,0.20558400452136993,289.4504089355469,0.19829431176185608,0.5013518929481506,0.03660828620195389,0.46434280276298523,0.1788717657327652,7816.8960698207375,7.322010245228529,0.21234130859375,Tomato___Target_Spot
0.4990324378013611,0.5164547562599182,0.4828881025314331,0.21472598612308502,0.1896677315235138,0.23143388330936432,335.23126220703125,0.18394693732261658,0.5352321267127991,0.050989069044589996,0.5074188709259033,0.2001095414161682,6662.294356878847,7.503660553947032,0.183563232421875,Tomato___Target_Spot
0.5083945989608765,0.5175141096115112,0.45064908266067505,0.20163299143314362,0.1524440497159958,0.2096536010503769,28.57672119140625,0.2223386913537979,0.5467364192008972,0.07598446309566498,0.507164716720581,0.1699264496564865,6245.004397056764,7.2237174452701485,0.2192230224609375,Tomato___Tomato_Yellow_Leaf_Curl_Virus
0.4962294101715088,0.5012844800949097,0.4388713836669922,0.20969158411026,0.19539840519428253,0.2297431081533432,19.984832763671875,0.266094833612442,0.5308493375778198,0.06746827065944672,0.4926578998565674,0.19983989000320435,6168.959784237435,7.522860328569976,0.196502685546875,Tomato___Target_Spot
0.5138636231422424,0.5000166893005371,0.46237581968307495,0.16362516582012177,0.14867731928825378,0.17751987278461456,5.326812744140625,0.17906823754310608,0.5328885912895203,0.023793956264853477,0.4998658299446106,0.15342043340206146,9346.250767634949,7.277285161553184,0.24322509765625,Tomato___Spider_mites Two-spotted_spider_mite
0.46715083718299866,0.44963744282722473,0.4189421236515045,0.17592495679855347,0.15868288278579712,0.17739443480968475,29.6318359375,0.17316973209381104,0.48017966747283936,0.013181858696043491,0.4513746500015259,0.16477034986019135,5060.664749845862,7.296376577102392,0.1641693115234375,Tomato___Target_Spot
0.46318763494491577,0.488494873046875,0.45282480120658875,0.2146652340888977,0.19594687223434448,0.2524990737438202,205.93312072753906,0.24849092960357666,0.5176157355308533,0.060977354645729065,0.4768616557121277,0.20535650849342346,6442.419713168405,7.513343650479028,0.177764892578125,Tomato___Target_Spot
0.47727957367897034,0.46031612157821655,0.42931124567985535,0.24146123230457306,0.23167580366134644,0.28197145462036133,306.1380615234375,0.32899177074432373,0.5127438306808472,0.014041377231478691,0.46185362339019775,0.2359786033630371,6463.126243531704,7.435513999063819,0.1887359619140625,Tomato___Septoria_leaf_spot
0.35656678676605225,0.3971300423145294,0.2982105016708374,0.14097270369529724,0.10382985323667526,0.15057682991027832,55.32659912109375,0.31160223484039307,0.41248732805252075,0.13948281109333038,0.3737247884273529,0.11478836089372635,1027.5755304694176,6.8472999316320475,0.0685882568359375,Tomato___Bacterial_spot
0.5378215312957764,0.5321890711784363,0.4888249635696411,0.2694006562232971,0.2678331136703491,0.28264832496643066,26.62255859375,0.19945284724235535,0.5562850832939148,0.03773164004087448,0.5289297103881836,0.2687905728816986,2815.7472875379026,7.512421774008796,0.1189422607421875,Tomato___Late_blight
0.48501354455947876,0.4422708749771118,0.4598366320133209,0.08888007700443268,0.08315224200487137,0.08984600752592087,323.7613525390625,0.11739897727966309,0.48782920837402344,-0.060308486223220825,0.45705345273017883,0.08373820781707764,548.6423033473548,6.337407237872915,0.017822265625,Tomato___Late_blight
0.5247100591659546,0.4853014051914215,0.431063711643219,0.19050921499729156,0.16776615381240845,0.20484568178653717,24.893890380859375,0.2585168182849884,0.5376911163330078,0.014828971587121487,0.49090147018432617,0.1765478551387787,5446.007408799371,7.337179388215619,0.2192535400390625,Tomato___Tomato_Yellow_Leaf_Curl_Virus
0.48308250308036804,0.4593658447265625,0.4062456488609314,0.2337520718574524,0.19992130994796753,0.2230813354253769,38.5274658203125,0.26264455914497375,0.49900877475738525,0.029403571039438248,0.4604014456272125,0.2114054262638092,7470.3834969380405,7.509127366651563,0.2423248291015625,Tomato___Tomato_Yellow_Leaf_Curl_Virus
0.45163512229919434,0.4543723165988922,0.41127121448516846,0.20718377828598022,0.16648027300834656,0.19583070278167725,47.1337890625,0.21630483865737915,0.4841432273387909,0.04583830013871193,0.448640376329422,0.18035173416137695,4937.9833829400595,7.4518482817200695,0.1717529296875,Tomato___Spider_mites Two-spotted_spider_mite
0.4797762632369995,0.4930390417575836,0.37376588582992554,0.12339987605810165,0.12304871529340744,0.1833953857421875,68.57931518554688,0.27658116817474365,0.5068615078926086,0.13253599405288696,0.47547632455825806,0.12183830887079239,724.978007964557,6.794452632816463,0.0605621337890625,Tomato___Bacterial_spot
0.4336661398410797,0.4841636121273041,0.311145156621933,0.14344608783721924,0.14201737940311432,0.17246399819850922,75.40322875976562,0.3511459231376648,0.4847511053085327,0.22351594269275665,0.4493407607078552,0.13489718735218048,116.6229412322864,7.06062647492354,0.0341644287109375,Tomato___Tomato_Yellow_Leaf_Curl_Virus
0.5121034979820251,0.5586904287338257,0.33500936627388,0.08689206093549728,0.11586794257164001,0.1511770635843277,76.02053833007812,0.3527044653892517,0.5594577193260193,0.27026793360710144,0.5192613005638123,0.08791376650333405,201.97403036407195,6.431515287821933,0.0271759033203125,Tomato___Tomato_Yellow_Leaf_Curl_Virus
0.45217570662498474,0.4567388594150543,0.4274563789367676,0.0860685408115387,0.09909334778785706,0.1605057269334793,268.9040222167969,0.2844618558883667,0.5158384442329407,0.03384555131196976,0.4520362913608551,0.08621298521757126,240.81811248417944,6.287651071945485,0.01788330078125,Tomato___Septoria_leaf_spot
0.5124455690383911,0.5624641180038452,0.3822248876094818,0.1058698296546936,0.11959104239940643,0.14883029460906982,72.9415283203125,0.2966918349266052,0.5629274845123291,0.23025789856910706,0.5269613265991211,0.10492630302906036,109.89577200636268,6.547871837454033,0.00909423828125,Tomato___Tomato_Yellow_Leaf_Curl_Virus
0.46077579259872437,0.48783835768699646,0.3967329263687134,0.15940426290035248,0.15356434881687164,0.20992140471935272,359.0697021484375,0.3315223455429077,0.5216463804244995,0.11816790699958801,0.4693606495857239,0.1525028944015503,3831.3917356347665,6.899681786743005,0.1455841064453125,Tomato___Leaf_Mold
0.3980240821838379,0.4284170866012573,0.4047197699546814,0.17076422274112701,0.12095160782337189,0.14683060348033905,69.25387573242188,0.17221267521381378,0.44288235902786255,0.05409031733870506,0.4166280925273895,0.13774634897708893,1270.7066636001691,6.904311002614666,0.0624542236328125,Tomato___Bacterial_spot
0.4951713979244232,0.5037888884544373,0.45865899324417114,0.15691740810871124,0.10421355068683624,0.18336322903633118,336.85675048828125,0.24110497534275055,0.5455999374389648,0.05374743789434433,0.49606746435165405,0.11989786475896835,830.4269141769037,6.736295844107539,0.0629730224609375,Tomato___Septoria_leaf_spot
0.36989715695381165,0.4096911549568176,0.37228724360466003,0.1732056587934494,0.1221982017159462,0.1463358998298645,90.98223876953125,0.21085722744464874,0.4247191548347473,0.07719787210226059,0.39352869987487793,0.13892526924610138,952.2850280692801,6.967037687013541,0.0414276123046875,Tomato___Bacterial_spot
0.5022757649421692,0.544659435749054,0.5047330856323242,0.07296129316091537,0.07434365898370743,0.07639654725790024,201.7063751220703,0.10307204723358154,0.5528891682624817,0.08230999112129211,0.5274351239204407,0.0668882429599762,2338.010728634661,6.1192060531149055,0.0514678955078125,Tomato___healthy
0.44778764247894287,0.5009236931800842,0.32019469141960144,0.11017077416181564,0.11507491767406464,0.15726765990257263,86.9207763671875,0.3353275954723358,0.5015951991081238,0.2338651716709137,0.464432954788208,0.10038605332374573,336.9484586119652,6.678332360489577,0.064208984375,Tomato___Tomato_Yellow_Leaf_Curl_Virus
0.500622034072876,0.47569096088409424,0.432014137506485,0.21837566792964935,0.18219012022018433,0.21205240488052368,29.413330078125,0.23246794939041138,0.5212677717208862,0.01874581351876259,0.4781661629676819,0.19476769864559174,5758.616875967942,7.459751914065512,0.1928253173828125,Tomato___Spider_mites Two-spotted_spider_mite
0.5259230136871338,0.5191512703895569,0.4825228750705719,0.1866035759449005,0.14353549480438232,0.19258712232112885,14.097991943359375,0.17396678030490875,0.5518234968185425,0.0298567283898592,0.5170003771781921,0.16003015637397766,2790.8823390861508,7.034968799149479,0.105743408203125,Tomato___Late_blight
0.41688254475593567,0.45127490162849426,0.34779632091522217,0.12607038021087646,0.11700510233640671,0.17232908308506012,63.286895751953125,0.2487310916185379,0.4537619650363922,0.13787095248699188,0.4291950762271881,0.11845327168703079,293.8552350020036,6.815666861962844,0.0710601806640625,Tomato___Tomato_Yellow_Leaf_Curl_Virus
0.48471856117248535,0.4737474322319031,0.46003496646881104,0.0833030641078949,0.0850256085395813,0.11135605722665787,297.2994079589844,0.12186729162931442,0.49719130992889404,0.0027413126081228256,0.4754645824432373,0.08279220759868622,817.2307110875845,6.298617133123872,0.0482177734375,Tomato___Late_blight
0.4255526661872864,0.4480118751525879,0.3782075345516205,0.13379810750484467,0.09397950768470764,0.1427953541278839,31.680877685546875,0.24719752371311188,0.4778138995170593,0.09226354956626892,0.4333389103412628,0.1040377989411354,1909.5785827701911,6.712162669297155,0.0707244873046875,Tomato___Bacterial_spot
0.4961227774620056,0.49999019503593445,0.4645366370677948,0.15714487433433533,0.1573101282119751,0.1754217892885208,356.0723876953125,0.18799492716789246,0.5249996185302734,0.03932100161910057,0.4947921633720398,0.15648318827152252,13048.237651403993,7.264723653397709,0.304290771484375,Tomato___healthy
0.49297958612442017,0.4847726821899414,0.4456714391708374,0.17864185571670532,0.15406090021133423,0.18705932796001434,15.7142333984375,0.19291836023330688,0.5170168876647949,0.030894441530108452,0.4827690124511719,0.16272419691085815,9368.188396826154,7.3460660003339076,0.2472076416015625,Tomato___Spider_mites Two-spotted_spider_mite
0.41307204961776733,0.4354472756385803,0.47755956649780273,0.08971698582172394,0.09538837522268295,0.129019096493721,238.1903076171875,0.2677213251590729,0.5242771506309509,-0.019737159833312035,0.43355792760849,0.08326773345470428,1490.9401071332395,6.40855214011926,0.0739288330078125,Tomato___Tomato_mosaic_virus
0.40013813972473145,0.42883819341659546,0.38803204894065857,0.10090697556734085,0.10413230955600739,0.10444383323192596,276.71881103515625,0.13845767080783844,0.4402945637702942,0.06950616836547852,0.41560494899749756,0.09837175160646439,7422.91069971025,6.6821818168589395,0.2107086181640625,Tomato___healthy
0.4119887351989746,0.3793758153915405,0.320570170879364,0.23365411162376404,0.21163249015808105,0.22505100071430206,36.91259765625,0.3676924407482147,0.42765259742736816,0.02619270049035549,0.3824232518672943,0.2181924432516098,6280.969629827654,7.183664780105631,0.1785430908203125,Tomato___Spider_mites Two-spotted_spider_mite
0.4557536244392395,0.4356781542301178,0.4000941812992096,0.15507271885871887,0.11372891813516617,0.16434264183044434,7.276580810546875,0.22846032679080963,0.47933679819107056,0.015508373267948627,0.43762415647506714,0.12832780182361603,2969.427060985705,6.922459297719428,0.1145172119140625,Tomato___Tomato_Yellow_Leaf_Curl_Virus
0.4758906662464142,0.5479927062988281,0.36231091618537903,0.08828877657651901,0.09877656400203705,0.16611994802951813,85.99813842773438,0.30857840180397034,0.5490015745162964,0.25778380036354065,0.5052664875984192,0.07692090421915054,182.1337917065248,6.2713201241399315,0.033294677734375,Tomato___Tomato_Yellow_Leaf_Curl_Virus
0.5552553534507751,0.5522995591163635,0.48504185676574707,0.23980943858623505,0.22173871099948883,0.24997788667678833,42.582672119140625,0.21464857459068298,0.5742156505584717,0.06430185586214066,0.5455159544944763,0.22880251705646515,2587.267051464878,7.51894413559482,0.116485595703125,Tomato___Late_blight
0.5083494186401367,0.49047744274139404,0.4838555157184601,0.16211552917957306,0.13503582775592804,0.1955617219209671,312.5420837402344,0.2174186110496521,0.5383154153823853,-0.011250036768615246,0.4950663149356842,0.14451231062412262,6520.238654598361,6.960241810243987,0.1899871826171875,Tomato___Tomato_mosaic_virus
0.4028509557247162,0.4368200898170471,0.3767942190170288,0.19432346522808075,0.14704959094524384,0.1838293969631195,42.016845703125,0.23905055224895477,0.4582977890968323,0.09399498254060745,0.4198203682899475,0.1616775542497635,4782.838993105805,7.3130776400332325,0.18109130859375,Tomato___Tomato_Yellow_Leaf_Curl_Virus
0.4453447163105011,0.4812352955341339,0.43222784996032715,0.09225606173276901,0.10446857661008835,0.08940384536981583,172.6148681640625,0.1289350986480713,0.4902801811695099,0.08489806205034256,0.4649171233177185,0.09494253247976303,3971.77158707357,6.588494717048193,0.1126556396484375,Tomato___healthy
0.36129748821258545,0.435696005821228,0.24497482180595398,0.1206878051161766,0.10991483181715012,0.1804407685995102,82.73101806640625,0.42523786425590515,0.4359910488128662,0.265119731426239,0.3917086124420166,0.10569584369659424,169.3285519145429,6.737256714729332,0.051605224609375,Tomato___Tomato_Yellow_Leaf_Curl_Virus
0.40675783157348633,0.41502073407173157,0.3856036067008972,0.14402402937412262,0.096207395195961,0.13707362115383148,12.00494384765625,0.19490879774093628,0.4438644349575043,0.037679992616176605,0.40919655561447144,0.11180732399225235,2214.6203368296847,6.780531420384281,0.077728271484375,Tomato___Early_blight
0.48948901891708374,0.4886370301246643,0.47256824374198914,0.18513940274715424,0.16969317197799683,0.1960858851671219,350.2158508300781,0.1566159874200821,0.5137078762054443,0.015216782689094543,0.48705989122390747,0.17555482685565948,13006.365307530155,7.435544784627494,0.2353363037109375,Tomato___Target_Spot
0.49237585067749023,0.48835670948028564,0.4607061445713043,0.1578921526670456,0.1276768296957016,0.18662787973880768,328.34051513671875,0.25067928433418274,0.5361067652702332,0.023631494492292404,0.48640626668930054,0.1349593698978424,7027.968335828744,7.051030608874036,0.2088623046875,Tomato___Tomato_mosaic_virus
0.5226348042488098,0.5161423087120056,0.46213966608047485,0.23865331709384918,0.22681419551372528,0.2521100640296936,34.36932373046875,0.21736043691635132,0.5420750975608826,0.04751012474298477,0.5119272470474243,0.2315942794084549,4468.825835770927,7.563876255696738,0.1721038818359375,Tomato___Early_blight
0.49214139580726624,0.5186812281608582,0.41795268654823303,0.13006246089935303,0.1348814219236374,0.174393430352211,46.36737060546875,0.23816703259944916,0.5297331809997559,0.12726835906505585,0.4992627799510956,0.13246405124664307,680.2788236902561,7.067418290009444,0.0846099853515625,Tomato___Bacterial_spot
0.4607284367084503,0.4456954002380371,0.3444117307662964,0.21182063221931458,0.18838512897491455,0.22580382227897644,38.868316650390625,0.3507506847381592,0.47737106680870056,0.08625069260597229,0.4386439621448517,0.1962817907333374,4215.658191390103,7.298193839292489,0.1900634765625,Tomato___Tomato_Yellow_Leaf_Curl_Virus
0.614695131778717,0.5855169296264648,0.5256273746490479,0.2045057713985443,0.19455565512180328,0.22442738711833954,25.10186767578125,0.1958000659942627,0.6242839694023132,0.030711282044649124,0.5874138474464417,0.19897626340389252,7710.678574211663,7.47205938153685,0.2269287109375,Tomato___Late_blight
0.428034245967865,0.43673864006996155,0.3615776002407074,0.19022119045257568,0.1508861631155014,0.18383020162582397,36.28912353515625,0.2728922665119171,0.4688614010810852,0.08386548608541489,0.425567626953125,0.1616152971982956,2377.1025299346074,7.122995227575446,0.129425048828125,Tomato___Leaf_Mold
0.4199364483356476,0.4378136992454529,0.38736850023269653,0.2339591681957245,0.20780432224273682,0.24113711714744568,45.33111572265625,0.29061490297317505,0.46896424889564514,0.06832245737314224,0.4267176389694214,0.21570496261119843,6816.65706163249,7.588676108341691,0.1989288330078125,Tomato___Target_Spot
0.3889501392841339,0.42350953817367554,0.39273521304130554,0.18915939331054688,0.14181700348854065,0.17187775671482086,76.00823974609375,0.1920885294675827,0.4356815218925476,0.0653337687253952,0.4096679985523224,0.15838906168937683,1197.3001973591745,6.9810328426238195,0.051513671875,Tomato___Bacterial_spot
0.449701726436615,0.5291113257408142,0.3465052545070648,0.11408870667219162,0.08076963573694229,0.18041227757930756,90.47030639648438,0.3414985239505768,0.5294716954231262,0.2620156705379486,0.4845507740974426,0.084770068526268,120.33653872366995,6.393833572588146,0.0341339111328125,Tomato___Tomato_Yellow_Leaf_Curl_Virus
0.48594117164611816,0.48354896903038025,0.45285651087760925,0.1943967044353485,0.13889703154563904,0.1816815286874771,18.51806640625,0.178667813539505,0.5179293155670166,0.02830020897090435,0.48076534271240234,0.15878082811832428,2304.076062872773,6.835857784839493,0.0924530029296875,Tomato___Late_blight
0.40727606415748596,0.40705394744873047,0.33119162917137146,0.21216405928134918,0.17081046104431152,0.19525662064552307,52.25189208984375,0.3170137405395508,0.4393749237060547,0.07564021646976471,0.3984720706939697,0.18386071920394897,5061.503047063015,7.431458243232588,0.18096923828125,Tomato___Late_blight
0.4650069773197174,0.4496011734008789,0.37045472860336304,0.22644996643066406,0.1896028369665146,0.2159811556339264,44.4202880859375,0.3258099853992462,0.4921501874923706,0.06374068558216095,0.4451848268508911,0.20120972394943237,7889.5180053673685,7.568102258924974,0.2695770263671875,Tomato___Tomato_Yellow_Leaf_Curl_Virus
0.4249657988548279,0.4481491446495056,0.3952999711036682,0.19331786036491394,0.14257635176181793,0.1901661604642868,12.86578369140625,0.23718762397766113,0.4732655882835388,0.07603257149457932,0.4351924955844879,0.15898562967777252,3512.956199548207,7.201058518274487,0.1306915283203125,Tomato___Tomato_Yellow_Leaf_Curl_Virus
0.4137269854545593,0.4447466731071472,0.39317208528518677,0.17790965735912323,0.12525558471679688,0.1590699702501297,63.65167236328125,0.20982465147972107,0.4631294012069702,0.08259427547454834,0.4295923113822937,0.1430632621049881,961.9776610396802,6.891863606534619,0.0519561767578125,Tomato___Bacterial_spot
0.37383320927619934,0.4138534963130951,0.3926737606525421,0.12807197868824005,0.12838947772979736,0.15705522894859314,160.8643798828125,0.2816888689994812,0.4623289108276367,0.06120000779628754,0.3994729816913605,0.12513786554336548,1207.462660279125,6.951181188381822,0.115997314453125,Tomato___Late_blight
0.5128464102745056,0.4615243673324585,0.3811866044998169,0.18442736566066742,0.1577448546886444,0.1737830638885498,37.794708251953125,0.3239678144454956,0.5287229418754578,0.029015814885497093,0.4677111804485321,0.1645037680864334,9298.89514420717,7.330562199538373,0.2573699951171875,Tomato___Spider_mites Two-spotted_spider_mite
0.40450751781463623,0.47996777296066284,0.23164376616477966,0.1345074474811554,0.1615043729543686,0.13762114942073822,77.5953369140625,0.44423991441726685,0.48038220405578613,0.3237842917442322,0.4290962517261505,0.13183771073818207,112.29094495228492,7.04475676531143,0.0341949462890625,Tomato___Tomato_Yellow_Leaf_Curl_Virus
0.40192148089408875,0.4134102463722229,0.3575049638748169,0.1527256965637207,0.11727389693260193,0.15405599772930145,42.3233642578125,0.22749917209148407,0.435339093208313,0.06739400327205658,0.40360191464424133,0.12918636202812195,1960.2633537314832,6.966934575072969,0.102142333984375,Tomato___Bacterial_spot
0.535800576210022,0.5332719683647156,0.5096017718315125,0.1866745501756668,0.1829608976840973,0.2187412530183792,271.0644836425781,0.22491881251335144,0.5752606391906738,0.02114156261086464,0.5313296318054199,0.1838310807943344,6087.320754080778,7.254925467853177,0.1844024658203125,Tomato___Leaf_Mold
0.46942833065986633,0.47251126170158386,0.42221319675445557,0.16443586349487305,0.1503470093011856,0.17249256372451782,32.83538818359375,0.2267589122056961,0.5037754774093628,0.05338098853826523,0.4658554792404175,0.1530398726463318,7807.013454437256,7.18573118469744,0.228424072265625,Tomato___Target_Spot
0.36753159761428833,0.4031614363193512,0.49410006403923035,0.07988552004098892,0.07736218720674515,0.14920742809772491,221.34750366210938,0.31023651361465454,0.5175280570983887,-0.0553087517619133,0.4028751254081726,0.08043207228183746,901.9953308105469,6.2170347323214035,0.0461273193359375,Tomato___Leaf_Mold
0.49989399313926697,0.4707335829734802,0.4074697494506836,0.2249733805656433,0.19581937789916992,0.20896117389202118,43.79278564453125,0.2713957130908966,0.516987681388855,0.034103453159332275,0.47224047780036926,0.20445536077022552,6283.061044972157,7.465791024781514,0.1949310302734375,Tomato___Spider_mites Two-spotted_spider_mite
0.3946141004562378,0.42226120829582214,0.37543246150016785,0.16514816880226135,0.12853652238845825,0.16411137580871582,43.64996337890625,0.1952875703573227,0.434334397315979,0.07447587698698044,0.4086562693119049,0.14094577729701996,2582.788655891083,7.099810783341091,0.09405517578125,Tomato___Bacterial_spot
0.46454477310180664,0.4739886224269867,0.4754278361797333,0.18457332253456116,0.17853917181491852,0.212020605802536,242.0454559326172,0.20500962436199188,0.5154632329940796,0.00800463929772377,0.4713289737701416,0.1818879097700119,15044.934067211114,7.459966898165101,0.29962158203125,Tomato___healthy
0.475053608417511,0.4732595384120941,0.4192608594894409,0.1687997728586197,0.1681181788444519,0.18691374361515045,0.89971923828125,0.2180446833372116,0.5027817487716675,0.05220462754368782,0.46764013171195984,0.16532769799232483,9944.60598733928,7.19710090676451,0.27386474609375,Tomato___Spider_mites Two-spotted_spider_mite
0.44183269143104553,0.4697262942790985,0.4353795349597931,0.15471254289150238,0.11274866759777069,0.14503386616706848,40.422821044921875,0.16300570964813232,0.4863673448562622,0.0622403621673584,0.4574705958366394,0.12651705741882324,1170.6268433870282,6.769666983002986,0.0471954345703125,Tomato___Bacterial_spot
0.47910547256469727,0.47305208444595337,0.3797053098678589,0.13589246571063995,0.10953573882579803,0.1493295580148697,10.23797607421875,0.28553199768066406,0.5106076598167419,0.08729325234889984,0.46422046422958374,0.10911035537719727,1160.2178281508386,6.692127716369402,0.0499114990234375,Tomato___Septoria_leaf_spot
0.4686529040336609,0.48616909980773926,0.446300208568573,0.1805019974708557,0.17923451960086823,0.2070016860961914,22.80352783203125,0.23383019864559174,0.5135669708251953,0.057385075837373734,0.47638675570487976,0.17981365323066711,12224.900894162944,7.4125924886067285,0.280303955078125,Tomato___healthy
0.4430348873138428,0.4734351634979248,0.4309585690498352,0.19298408925533295,0.16334520280361176,0.23125791549682617,174.24908447265625,0.29608818888664246,0.5162004232406616,0.07287681102752686,0.4595031142234802,0.17472270131111145,6355.8353862976655,7.327923350374248,0.2112579345703125,Tomato___Septoria_leaf_spot
0.4851357936859131,0.47062093019485474,0.4129599928855896,0.20262104272842407,0.19978192448616028,0.2184092402458191,356.19000244140625,0.2686198055744171,0.5043663382530212,0.04314605891704559,0.46838754415512085,0.19806982576847076,11409.38556242711,7.550830326545579,0.2761688232421875,Tomato___Spider_mites Two-spotted_spider_mite
0.48414286971092224,0.5127566456794739,0.4822527766227722,0.17625288665294647,0.1532454788684845,0.1995658278465271,185.16590881347656,0.1864769458770752,0.5394148230552673,0.0591176338493824,0.5007237195968628,0.162506565451622,7025.492919320008,7.2701943329822765,0.1955108642578125,Tomato___Target_Spot
0.3725353181362152,0.3964572548866272,0.3512799143791199,0.18695884943008423,0.13471733033657074,0.17387190461158752,54.704620361328125,0.22435453534126282,0.4144272208213806,0.06909921765327454,0.38415437936782837,0.15375342965126038,735.5541316121817,6.873268095571845,0.0291748046875,Tomato___Bacterial_spot
0.45221254229545593,0.4449746608734131,0.4185217618942261,0.19469667971134186,0.1521901935338974,0.18530094623565674,20.72796630859375,0.1836460530757904,0.47702616453170776,0.01921500638127327,0.44412314891815186,0.1672794073820114,2525.068554101279,6.964110134753055,0.107421875,Tomato___Late_blight
0.42939913272857666,0.3888914883136749,0.31515493988990784,0.15191538631916046,0.12768970429897308,0.16117919981479645,29.214202880859375,0.345627099275589,0.44719499349594116,0.03322892263531685,0.3925973176956177,0.13359366357326508,5080.927524893545,7.107772116943469,0.228607177734375,Tomato___Tomato_Yellow_Leaf_Curl_Virus
0.41616058349609375,0.3932637572288513,0.3293989896774292,0.16773277521133423,0.13768410682678223,0.1740899682044983,30.499481201171875,0.30969640612602234,0.44074612855911255,0.040967997163534164,0.3928293287754059,0.1463424563407898,2102.849271353334,7.151786176038192,0.106964111328125,Tomato___Tomato_Yellow_Leaf_Curl_Virus
0.46042072772979736,0.45946669578552246,0.4371127486228943,0.19034749269485474,0.1717045158147812,0.1943977177143097,349.9245300292969,0.1971818506717682,0.48902860283851624,0.021400004625320435,0.45720356702804565,0.17723354697227478,7494.130366958445,7.253963111832759,0.2144775390625,Tomato___Target_Spot
0.4836680591106415,0.4599270224571228,0.3761965036392212,0.22133053839206696,0.18507368862628937,0.22944360971450806,38.157806396484375,0.3439180850982666,0.5009731650352478,0.05998954549431801,0.4574803113937378,0.1986640840768814,5970.30578996148,7.460209257122143,0.2596588134765625,Tomato___Tomato_Yellow_Leaf_Curl_Virus
0.5088356137275696,0.5522713661193848,0.48211169242858887,0.06321738660335541,0.08654496818780899,0.07006470113992691,209.9304656982422,0.14577895402908325,0.561416745185852,0.11359541118144989,0.5312858819961548,0.06854476779699326,518.7550078087952,6.108643579442357,0.0244140625,Tomato___Late_blight
0.3784424066543579,0.40304282307624817,0.32338210940361023,0.1954999566078186,0.15365037322044373,0.18651345372200012,51.44110107421875,0.3056659996509552,0.42874324321746826,0.10426121205091476,0.38660600781440735,0.165982186794281,4300.131284262752,7.2585543409037765,0.1818084716796875,Tomato___Leaf_Mold
0.3639371693134308,0.3897255063056946,0.3411664366722107,0.17902344465255737,0.12487991899251938,0.17345476150512695,37.753875732421875,0.27041783928871155,0.41554558277130127,0.07434746623039246,0.37647905945777893,0.14301280677318573,1211.9074663966894,7.088122964253806,0.108154296875,Tomato___Early_blight
0.5402286052703857,0.5237569808959961,0.5108135938644409,0.1796773374080658,0.14020878076553345,0.17912717163562775,353.88836669921875,0.14102785289287567,0.561424970626831,-0.003528190078213811,0.5272064805030823,0.15486879646778107,5319.037073846906,7.292251598142718,0.1522369384765625,Tomato___Spider_mites Two-spotted_spider_mite
0.43478652834892273,0.4318764805793762,0.39041951298713684,0.20847950875759125,0.1768028736114502,0.19992287456989288,18.359375,0.22929836809635162,0.46789172291755676,0.03854687884449959,0.4280204772949219,0.1855219006538391,6070.080699786544,7.28576111831629,0.2103118896484375,Tomato___Leaf_Mold
0.48954835534095764,0.4969445466995239,0.43864724040031433,0.1969345659017563,0.18845239281654358,0.2213885337114334,16.36474609375,0.2252025008201599,0.5139979720115662,0.06569350510835648,0.48808717727661133,0.19227485358715057,8128.995525135659,7.496995639027308,0.2228546142578125,Tomato___Spider_mites Two-spotted_spider_mite
0.44810715317726135,0.4759157598018646,0.4614633321762085,0.17363959550857544,0.17068488895893097,0.19992753863334656,205.099853515625,0.2117384523153305,0.5149037837982178,0.04226110130548477,0.46595340967178345,0.17128916084766388,15322.319207181921,7.357776428729915,0.3116607666015625,Tomato___healthy
0.38269269466400146,0.4025082588195801,0.368838906288147,0.15547440946102142,0.11278916150331497,0.15089969336986542,29.7244873046875,0.19145162403583527,0.418907105922699,0.05348486825823784,0.39274513721466064,0.12802812457084656,455.67219467810355,6.712304009315008,0.034759521484375,Tomato___Bacterial_spot
0.45654717087745667,0.5393257737159729,0.3303968906402588,0.09321078658103943,0.0992693156003952,0.15580351650714874,92.29086303710938,0.3589438498020172,0.5398505926132202,0.2917073965072632,0.4907570779323578,0.0808427482843399,75.08240953250788,6.344695922011425,0.01470947265625,Tomato___Tomato_Yellow_Leaf_Curl_Virus
0.5076290369033813,0.519930362701416,0.5012259483337402,0.21219609677791595,0.18692636489868164,0.23313236236572266,279.21356201171875,0.1819012314081192,0.5458260178565979,0.031005799770355225,0.5141199231147766,0.1979905515909195,7921.883886691183,7.510325666717277,0.2204742431640625,Tomato___Target_Spot
0.49061357975006104,0.49816685914993286,0.46249985694885254,0.16653431951999664,0.16157463192939758,0.20208008587360382,276.25927734375,0.23914791643619537,0.5356296300888062,0.04322025179862976,0.4918423891067505,0.16264280676841736,4808.398652177071,7.145762332446916,0.16046142578125,Tomato___Leaf_Mold
0.5059611201286316,0.500768780708313,0.3719489276409149,0.23769120872020721,0.2097688615322113,0.23369745910167694,47.157623291015625,0.39012956619262695,0.5423426628112793,0.12362749129533768,0.4876357913017273,0.21567852795124054,5681.563966747373,7.4705752683683375,0.2084503173828125,Tomato___Tomato_Yellow_Leaf_Curl_Virus
0.48409414291381836,0.4790753722190857,0.424974650144577,0.19589491188526154,0.15864624083042145,0.21797409653663635,17.26934814453125,0.25268980860710144,0.5101524591445923,0.049081966280937195,0.47440850734710693,0.17414429783821106,6925.132122775307,7.3282758905366245,0.2228851318359375,Tomato___Septoria_leaf_spot
0.4657556414604187,0.41776588559150696,0.3485153913497925,0.20391379296779633,0.1767352670431137,0.19000950455665588,37.727935791015625,0.3390271067619324,0.47861772775650024,0.021260758861899376,0.4242202639579773,0.18432757258415222,9567.98137488868,7.425483051605013,0.25384521484375,Tomato___Spider_mites Two-spotted_spider_mite
0.37652286887168884,0.4293700158596039,0.3706546425819397,0.1755945384502411,0.11596875637769699,0.19021861255168915,225.45565795898438,0.2726114094257355,0.44739705324172974,0.111562579870224,0.4068751633167267,0.13816620409488678,1394.169293889543,7.000978048339749,0.0535888671875,Tomato___Tomato_Yellow_Leaf_Curl_Virus
0.5853129625320435,0.5520064234733582,0.5904055833816528,0.15604731440544128,0.15843729674816132,0.194378063082695,275.127197265625,0.21725961565971375,0.6335641741752625,-0.07170553505420685,0.5663425922393799,0.1554657518863678,7833.555089702597,7.234366339289353,0.203033447265625,Tomato___Septoria_leaf_spot
0.43142980337142944,0.48187702894210815,0.4179210960865021,0.09363960474729538,0.09869062155485153,0.10137403011322021,192.8885498046875,0.1584305763244629,0.48923906683921814,0.11440311372280121,0.45950227975845337,0.08845335245132446,2331.978830731474,6.488046277168532,0.0489501953125,Tomato___healthy
0.5378805994987488,0.526317834854126,0.4410395324230194,0.1513604372739792,0.13140170276165009,0.20356588065624237,355.73101806640625,0.2947678565979004,0.5671297311782837,0.07371556758880615,0.5200533866882324,0.13559021055698395,5046.060329546919,6.9098475448755865,0.172943115234375,Tomato___Septoria_leaf_spot
0.349725604057312,0.38822728395462036,0.3353462517261505,0.1945396214723587,0.15878091752529144,0.19613096117973328,63.491943359375,0.24903056025505066,0.3955419957637787,0.09138273447751999,0.3706868886947632,0.17216281592845917,1346.021270379424,7.160666969066228,0.0548248291015625,Tomato___Bacterial_spot
0.45384955406188965,0.4567829370498657,0.43435138463974,0.17301304638385773,0.1677010953426361,0.19263093173503876,335.2315673828125,0.1953769475221634,0.4832432270050049,0.0253649540245533,0.45334869623184204,0.16991840302944183,17330.373716413043,7.384498095744631,0.3268585205078125,Tomato___healthy
0.44256269931793213,0.5051047801971436,0.3135719299316406,0.09927138686180115,0.11791271716356277,0.17051713168621063,82.3206787109375,0.3418453335762024,0.5051910877227783,0.25407496094703674,0.46456995606422424,0.09679606556892395,80.86692767008208,6.319019424988776,0.0109405517578125,Tomato___Tomato_Yellow_Leaf_Curl_Virus
0.5773523449897766,0.5606030225753784,0.4930604100227356,0.1985590159893036,0.16184227168560028,0.22644156217575073,9.883056640625,0.252144455909729,0.6068817973136902,0.05079316347837448,0.5579111576080322,0.17419271171092987,6450.407772049308,7.263862657828745,0.1906890869140625,Tomato___Septoria_leaf_spot
0.385646253824234,0.3930683434009552,0.3609811067581177,0.17077097296714783,0.14881810545921326,0.178373783826828,19.287322998046875,0.17797547578811646,0.40720608830451965,0.039509378373622894,0.38719117641448975,0.1571374386548996,3549.9883699854836,7.154564238186344,0.1381378173828125,Tomato___Late_blight
0.5407133102416992,0.5273340344429016,0.5017898082733154,0.18631555140018463,0.16883964836597443,0.19266663491725922,18.970550537109375,0.14615899324417114,0.5548941493034363,0.012164905667304993,0.5284223556518555,0.1757201999425888,8287.609342181822,7.2858231627640295,0.2022247314453125,Tomato___Target_Spot
0.4274495542049408,0.46717897057533264,0.3955998420715332,0.19583171606063843,0.13595369458198547,0.2001497596502304,40.69000244140625,0.24634535610675812,0.483751505613327,0.11130861937999725,0.4471399188041687,0.15854555368423462,98.20390482153744,7.068463587401773,0.0152740478515625,Tomato___Tomato_Yellow_Leaf_Curl_Virus
0.44658082723617554,0.4550580084323883,0.4208369255065918,0.2239168882369995,0.22726798057556152,0.2408183515071869,19.31121826171875,0.23404595255851746,0.4797600507736206,0.04269828274846077,0.4486221373081207,0.22588644921779633,14155.917206879472,7.529120965581726,0.2653045654296875,Tomato___healthy
0.5066870450973511,0.5495651960372925,0.39562106132507324,0.09091158956289291,0.09676393866539001,0.16299763321876526,90.53167724609375,0.250163733959198,0.5496737957000732,0.1968224197626114,0.5191949605941772,0.07949723303318024,98.3514256440103,6.224047154538285,0.0167694091796875,Tomato___Tomato_Yellow_Leaf_Curl_Virus
0.42476001381874084,0.4690234065055847,0.4315274953842163,0.1830669343471527,0.13890984654426575,0.1711142510175705,71.63739013671875,0.1673411726951599,0.474333792924881,0.08175934851169586,0.4515141248703003,0.15496708452701569,1096.2013008883223,7.016784816161161,0.045074462890625,Tomato___Bacterial_spot
0.4364072382450104,0.4743976593017578,0.3646436631679535,0.12941063940525055,0.12465929985046387,0.1800571084022522,60.31134033203125,0.23215143382549286,0.475999116897583,0.1477443426847458,0.4505265951156616,0.1222606673836708,101.0723236342892,6.864617773494,0.023590087890625,Tomato___Tomato_Yellow_Leaf_Curl_Virus
0.43067821860313416,0.4361215829849243,0.3942708969116211,0.1522349864244461,0.12050291895866394,0.15959128737449646,19.70062255859375,0.18673036992549896,0.4579032361507416,0.04729405418038368,0.42972302436828613,0.13168640434741974,1095.3557073341217,6.847328263626947,0.0728607177734375,Tomato___Bacterial_spot
0.47046613693237305,0.4815506637096405,0.44988587498664856,0.21100670099258423,0.20241983234882355,0.23831763863563538,317.06170654296875,0.24524299800395966,0.5100003480911255,0.04274938255548477,0.4746266305446625,0.20651096105575562,12751.254557208857,7.534838647461762,0.28680419921875,Tomato___healthy
0.44864383339881897,0.41344863176345825,0.3854321241378784,0.09047557413578033,0.09937551617622375,0.09819872677326202,328.4822692871094,0.21020719408988953,0.4580324590206146,-0.007178690284490585,0.4207781255245209,0.08651162683963776,1090.5371863821056,6.421548463345257,0.0447235107421875,Tomato___Late_blight
0.46518898010253906,0.5054236650466919,0.46859216690063477,0.18324516713619232,0.14335404336452484,0.22605903446674347,174.91064453125,0.27369147539138794,0.5505514144897461,0.07706616073846817,0.48919472098350525,0.15990698337554932,3878.5483933573123,7.144250928592683,0.162689208984375,Tomato___Septoria_leaf_spot
0.45152467489242554,0.4908548891544342,0.4123222231864929,0.2218264490365982,0.14503084123134613,0.22529388964176178,40.00018310546875,0.29925841093063354,0.5218147039413452,0.11786296963691711,0.4701424241065979,0.17320704460144043,6571.42114540562,7.395307000907164,0.212493896484375,Tomato___Septoria_leaf_spot
0.35574910044670105,0.39215758442878723,0.2430661916732788,0.1025211289525032,0.09429837763309479,0.1385878026485443,63.506256103515625,0.3753371834754944,0.3962804973125458,0.18549992144107819,0.3642750382423401,0.08864552527666092,66.26663848548196,6.508066512699097,0.0133209228515625,Tomato___Tomato_Yellow_Leaf_Curl_Virus
0.5139718651771545,0.5059040188789368,0.459341824054718,0.16678324341773987,0.13370227813720703,0.18977002799510956,8.90997314453125,0.2090291976928711,0.5406208634376526,0.03849439322948456,0.503008246421814,0.14668400585651398,4243.19198968634,7.166240042219069,0.1372222900390625,Tomato___Spider_mites Two-spotted_spider_mite
0.3828381896018982,0.41407179832458496,0.3728998601436615,0.18512310087680817,0.17074601352214813,0.20898643136024475,87.96417236328125,0.2407938838005066,0.4303981363773346,0.07240553200244904,0.40003934502601624,0.17675276100635529,367.4800537896808,7.209963392063954,0.0554656982421875,Tomato___Early_blight
0.5409669280052185,0.5259694457054138,0.41453438997268677,0.2569524943828583,0.24396099150180817,0.2728187143802643,44.69268798828125,0.37045907974243164,0.5689045190811157,0.09643759578466415,0.517750084400177,0.2476469725370407,5689.985213095089,7.582564241949715,0.203277587890625,Tomato___Tomato_Yellow_Leaf_Curl_Virus
0.4926087260246277,0.4927612543106079,0.4897228181362152,0.17959487438201904,0.1737271547317505,0.2138800472021103,262.1212158203125,0.2004229724407196,0.5372618436813354,0.0031909430399537086,0.49236923456192017,0.17685739696025848,5980.079723544186,7.349311897077975,0.1615753173828125,Tomato___Late_blight
0.38738203048706055,0.4194970726966858,0.33287250995635986,0.20803207159042358,0.17855122685432434,0.20943106710910797,55.28997802734375,0.3208833336830139,0.4372135400772095,0.11873959749937057,0.4000195264816284,0.1875848025083542,6031.157667882508,7.370855864621894,0.2042694091796875,Tomato___Tomato_Yellow_Leaf_Curl_Virus
0.4074314832687378,0.41760027408599854,0.36027470231056213,0.1607276201248169,0.11671564728021622,0.15341180562973022,45.22320556640625,0.23414555191993713,0.4434157609939575,0.06749441474676132,0.4080246686935425,0.13091062009334564,1828.961774358293,7.004614804293002,0.0843353271484375,Tomato___Bacterial_spot
0.39586004614830017,0.41674965620040894,0.36136364936828613,0.23865686357021332,0.22507821023464203,0.24756236374378204,47.69244384765625,0.29101982712745667,0.4375174343585968,0.07627563923597336,0.40418967604637146,0.22926901280879974,2456.472409292124,7.617798290781377,0.129058837890625,Tomato___Early_blight
0.4521681070327759,0.4668785035610199,0.3851909637451172,0.17596682906150818,0.154476135969162,0.17402884364128113,42.06439208984375,0.24076969921588898,0.48860061168670654,0.09639797359704971,0.45316770672798157,0.15809758007526398,4080.110966490349,7.0606872964245415,0.15277099609375,Tomato___Tomato_Yellow_Leaf_Curl_Virus
0.42017823457717896,0.4378155767917633,0.3836568593978882,0.14536228775978088,0.10895927995443344,0.14927953481674194,40.391510009765625,0.21313859522342682,0.46277832984924316,0.07179613411426544,0.4263679087162018,0.12024188041687012,1446.3311764858663,6.861857457231343,0.0582275390625,Tomato___Bacterial_spot
0.4755060076713562,0.5652647614479065,0.2982582449913025,0.1112198531627655,0.12145303934812546,0.1954476535320282,87.36361694335938,0.42987456917762756,0.5656334161758423,0.3567653298377991,0.5079882144927979,0.09657955914735794,151.97695557563566,6.460224668138935,0.03704833984375,Tomato___Tomato_Yellow_Leaf_Curl_Virus
0.4811451733112335,0.47889453172683716,0.40804821252822876,0.1699403077363968,0.1349821835756302,0.18268609046936035,19.1033935546875,0.25726133584976196,0.5170578956604004,0.06859580427408218,0.4714910686016083,0.1445138305425644,5695.097236840986,7.051898582606861,0.2350311279296875,Tomato___Leaf_Mold
0.5009385347366333,0.5228601694107056,0.42576339840888977,0.1726934015750885,0.15517978370189667,0.23447348177433014,71.628173828125,0.23862724006175995,0.529569149017334,0.11901837587356567,0.5052365660667419,0.16348148882389069,339.9911797484383,7.161735457985971,0.041900634765625,Tomato___Bacterial_spot
