r_mean,g_mean,b_mean,r_std,g_std,b_std,h_mean,s_mean,v_mean,excess_green,brightness_mean,contrast_std,laplacian_variance,entropy,edge_density,target_real
0.5129344808468381,0.4807225978799946,0.44563722257808086,0.17970294615809157,0.1358991933202484,0.18094264851691585,37.62765502262731,0.20466779426347537,0.5413482582430451,0.028820775712628848,0.49605709251215363,0.15030499059396057,5590.042199981534,6.98218526077285,0.2328540053697383,Tomato___Leaf_Mold
0.4917102801212827,0.478885195297826,0.34247019534304973,0.09469226113144591,0.10520906719920425,0.13561942564132076,47.529479973799184,0.3549827660680942,0.5264786279062836,0.14953707557429838,0.47687140044023896,0.08840449411111145,58.45965120396147,6.280977950067618,0.049016114744738284,Tomato___Septoria_leaf_spot
0.4657050120243589,0.4564792430826313,0.4454613292713487,0.15501783153597548,0.1378213686084488,0.18563141809584957,327.8690490655961,0.17104329422723574,0.4966624772410004,0.02773930903782416,0.4676845663433304,0.14583596843915253,927.3287214247001,7.011453747778452,0.11003601220567578,Tomato___Early_blight
0.3820933448681394,0.41223402981244395,0.351267274667772,0.14526391884867385,0.11303755614516525,0.18169831620337826,165.95669554997104,0.2439922715784244,0.4359941875795929,0.11705457072963286,0.4059745663051834,0.12497829902606278,1127.6635798422112,6.777444304449287,0.07773315576036328,Tomato___Early_blight
0.46694609993787206,0.4279080248304493,0.4026950562496507,0.16913280746523573,0.1291911599373558,0.16568369554164272,44.968933098799184,0.21387425318967623,0.4864170348505585,0.012122091169257648,0.4464089566116562,0.14345015842156678,1563.7205705848946,6.890168552374928,0.10165893701036328,Tomato___Tomato_Yellow_Leaf_Curl_Virus
0.45804423564763463,0.4047343647905476,0.39529919271663067,0.09712176880423262,0.10529879454133301,0.10419584201457363,345.62219237614295,0.20032641545545382,0.4668824171881287,-0.017927549516062253,0.4293012314682236,0.09286703426080017,443.0832653379956,6.3522194359647015,0.058095094236925784,Tomato___Late_blight
0.4217485534557859,0.44637542132817576,0.44352060203746196,0.18425334355417922,0.15269715312478332,0.1914011328089462,217.89622496891636,0.18620711818944735,0.4797397649149506,0.05342882525434066,0.44838935073664093,0.1643561150475052,574.3716329279313,7.160857561989171,0.09235107568223828,Tomato___Early_blight
0.4765118109592954,0.47795652512990305,0.46414252762988445,0.2142897035795851,0.18567212644574432,0.23178500817897182,0.10516356754919798,0.20043170706044955,0.5196320807795136,0.041205819959540854,0.4856525653248062,0.19711226481633454,7764.8311496916185,7.379378609718921,0.2263232436509883,Tomato___Target_Spot
0.4171209382423917,0.44314201836072276,0.39858811741069194,0.16633925697390273,0.11502055797335892,0.1751429675686584,59.190063469892934,0.1889170284629993,0.46632278917833253,0.0965222234677272,0.43998536404421235,0.13539526123242646,0.0,6.785684269850678,0.033421632322863284,Tomato___Bacterial_spot
0.4519631015667478,0.4963905132242329,0.32343899851039287,0.10591758153025344,0.12383599552867203,0.17651424692752224,99.46060179997106,0.3319645549417667,0.5140410458902924,0.24332610171546507,0.47309306200792695,0.10315147299008637,0.0,6.24969039760822,0.024312135252550788,Tomato___Tomato_Yellow_Leaf_Curl_Virus
0.3819357203850309,0.38774298791371653,0.3611469829578721,0.19360504409853652,0.14064060870168,0.17986901985289913,71.84454345036168,0.2144737567068271,0.42327717898889466,0.05835035842170287,0.39267748531153107,0.1601088370724228,88.1002105680717,6.80393906819129,0.042546388182238284,Tomato___Bacterial_spot
0.5748840915569822,0.5396433985658772,0.5157498085995041,0.18349877855364516,0.18247229579446106,0.22584740208270412,332.9465637140336,0.21271743134271426,0.5982214605669587,0.014600122610826976,0.5571593635921708,0.18323713797765045,7446.259366309406,7.217936099981598,0.2452136245103633,Tomato___Septoria_leaf_spot
0.5447250353703061,0.5230441010423786,0.4982872570057237,0.18684794864241316,0.1650764716005066,0.20704365657451015,28.75592040348668,0.16857430592786593,0.5661380684237092,0.02902320798744727,0.5364072316532364,0.17439945298867493,8139.502823093809,7.306548532655745,0.25311767724473827,Tomato___Spider_mites Two-spotted_spider_mite
0.379740153492407,0.3871986186929829,0.36413111930087444,0.15517372748438552,0.10968621793744354,0.14908611165168148,56.88229369450231,0.19081162170182986,0.4202863967279999,0.056473110134501944,0.3920416229610672,0.12575992453532486,81.25377394808027,6.707365316300158,0.045842286619738284,Tomato___Bacterial_spot
0.5020091282734434,0.48404698733769724,0.49958988671496746,0.18624106905047133,0.17965043309685974,0.2198771624434219,279.2611389093461,0.1905421938062839,0.5461118018488496,-0.007557916191617959,0.5008923405056229,0.1832128043814209,5332.625802500076,7.279982869697419,0.1749469008775508,Tomato___Late_blight
0.5327784168133298,0.5059091365762837,0.48521756773188945,0.18330333492342665,0.14734419408795624,0.18795343624236446,40.670715325361684,0.16627620414506716,0.5563291704516022,0.019769441599746234,0.5212869637851945,0.16122797388272553,3912.8511801484465,7.128780956612222,0.1693011489244258,Tomato___Target_Spot
0.46264824742169774,0.4406396663614399,0.44332688694194194,0.2078367110211058,0.2015277517175415,0.22670012103202206,6.953247063642948,0.20260057107221408,0.48614654897256776,0.0012513103734450408,0.4572293752079239,0.2048686768456009,18418.558514651977,7.477672729645852,0.33296692040880077,Tomato___healthy
0.4968329119095365,0.4739409900137074,0.4646324182052934,0.1791901375967665,0.17596583786961822,0.19453879581572872,5.906494133955448,0.15536760047685427,0.5115962421755402,0.012363776827950961,0.4894273274784317,0.17761442321973114,14694.407161982865,7.295410037668817,0.32797729638536327,Tomato___healthy
0.547221933544592,0.5234748042055256,0.49869203214839336,0.2760468508917494,0.2737563920354584,0.28864544020774224,43.76248168278356,0.18957206860791964,0.5651350414614289,0.026982780809302814,0.5374528163318864,0.275145980302861,2168.2933664937927,7.443092746628241,0.1323138442369258,Tomato___Late_blight
0.3922855007061521,0.39803927306615183,0.35464861636355755,0.20209031662527754,0.15282566073891907,0.18544257568003994,82.84182738590856,0.24731704846631808,0.4347004091600983,0.0750915895055728,0.40107518371393586,0.16928933817582398,597.7527597268535,6.966703363146977,0.08894836572130078,Tomato___Bacterial_spot
0.5340838777432004,0.48875298265897105,0.4494709635277116,0.2291980173308058,0.20884408775326996,0.22155701504828793,59.50442504215856,0.231075080788248,0.5463458096842377,0.019898211846848018,0.5075316422825089,0.21538114804463654,6066.903281686032,7.400424477967345,0.2010699477525508,Tomato___Spider_mites Two-spotted_spider_mite
0.423127387703375,0.43603240613423655,0.403039153863939,0.18455585202757552,0.13117886308190613,0.1650670854914413,80.79159545231481,0.19994387284528536,0.47197935937448426,0.07184541624297668,0.4381154173259964,0.14941866952615052,314.5237399955703,6.8225345791540635,0.06532776025255078,Tomato___Bacterial_spot
0.4832445132145444,0.4622355020471699,0.4547420704861009,0.1967946227509184,0.1683934104776123,0.19933938370826107,19.521209710127305,0.19240296140920443,0.5156315958361237,0.012431636716027743,0.47736579116632843,0.17733495194154053,6980.30826426474,7.29765317399595,0.2406665053697383,Tomato___Target_Spot
0.4430665420898954,0.4754493451543934,0.32101222520068523,0.15009228250567153,0.14794065776822357,0.17846111343982082,92.54315184879918,0.3412651445032291,0.49360106347604676,0.21276708346118497,0.4578638666515579,0.1412525947733429,0.0,6.991297447542984,0.047536012205675784,Tomato___Tomato_Yellow_Leaf_Curl_Virus
0.4184523271927396,0.41485416058980296,0.39969443922236797,0.17813117167536452,0.1245377284621933,0.15468976782443386,62.33908080387731,0.17296733216058535,0.45398760794206544,0.03750865187754203,0.4239046269302597,0.1432199950857666,0.0,6.746678569243252,0.048970338377550784,Tomato___Bacterial_spot
0.4283134686359922,0.42446597580396006,0.40139397626117107,0.18715927860323622,0.14356576624867706,0.19567627595546108,25.04400634098668,0.2037844087244205,0.46169606803461,0.04517161499967147,0.43268898066332245,0.16028084117608338,978.6721185128162,6.8841364847532995,0.10091125634630078,Tomato___Tomato_Yellow_Leaf_Curl_Virus
0.46103552454801,0.44565804962598154,0.4211382830639207,0.2138299729544325,0.1724035513734558,0.20182781802298885,64.27371215153356,0.20642406002294345,0.49299318550630494,0.035089440907140265,0.4571634822731247,0.18670714158253937,4290.52946189595,7.382519254339514,0.1851245131822383,Tomato___Spider_mites Two-spotted_spider_mite
0.5203352915653745,0.49479161862813303,0.44007774834826824,0.26758615037981703,0.2329829109048584,0.28105887161376336,54.10012816715856,0.2972703601480655,0.5457019007067292,0.055117350335021506,0.5058946007137528,0.24714169162946015,4952.367264676742,7.5533369601929214,0.2081042495103633,Tomato___Tomato_Yellow_Leaf_Curl_Virus
0.4444547640690366,0.43761473063908884,0.44342130069926616,0.18691630026880934,0.18552408340928345,0.204117724167131,228.9961395196976,0.18517028049241824,0.48527855633302613,0.01330054950227309,0.45002466377069855,0.18637326616483002,18050.79025330012,7.407645474233462,0.33200561669786327,Tomato___healthy
0.5009599077114621,0.4727110183664448,0.474214371492418,0.09944347402636244,0.1035433110928276,0.13073837892892223,296.6732482843461,0.14250114814054293,0.5228110349039643,-0.0038050918068988256,0.4910316758995285,0.0985846545143631,171.38034835261794,6.458488693175819,0.058369752440050784,Tomato___Late_blight
0.4905455755600492,0.4701802647539265,0.417915281106981,0.17658650240484908,0.14090546194073944,0.18868320571067196,36.24331664372106,0.24738055721532626,0.5259078538279145,0.05784694504251052,0.480014174545311,0.1508692379637268,5047.643315796876,6.982569555226306,0.2484027114244258,Tomato___Leaf_Mold
0.5425505387196103,0.5504498994775898,0.4650482202072465,0.29396055004183486,0.2730892670488098,0.3147616325485931,76.60317992497106,0.30767533437024874,0.5865002667765229,0.11924818557014037,0.5480549329166642,0.2823295916958359,5786.176012535715,7.710607742598328,0.1804400649400508,Tomato___Late_blight
0.5007544505009214,0.4665370500513203,0.4356854820747697,0.19832348188940718,0.15535099032876282,0.20147494362475735,41.912170403486684,0.23097270981084628,0.5266030227999299,0.022581246013541705,0.4829537564163437,0.17108370620446472,5129.62124289935,7.1466601193617825,0.2077380385728633,Tomato___Tomato_Yellow_Leaf_Curl_Virus
0.3653574036964933,0.40326162342511485,0.24505397324756023,0.1512333687264128,0.15090484145638733,0.18331309543731075,92.59518431950231,0.43668988600980563,0.4235105609755127,0.22205904525031614,0.3835953467731705,0.14552784222798615,0.0,6.987954336418791,0.041249391111925784,Tomato___Tomato_Yellow_Leaf_Curl_Virus
0.47277501696439184,0.5058020866342671,0.37868117933467266,0.09935554972473815,0.09162605527398376,0.1623481302130447,99.30596923161168,0.2640163923860721,0.5246248638491242,0.18609510761012601,0.4911380105858078,0.08615662414269715,0.0,6.2829178316037995,0.07680236962755078,Tomato___Tomato_Yellow_Leaf_Curl_Virus
0.3763274299511472,0.38726746205769846,0.3696583176155412,0.16575496754233077,0.11639475050923614,0.15325307236792904,71.65441893864293,0.19438348964463992,0.4207320606569855,0.05449623268355895,0.39169174369623566,0.13411410409646302,965.6917309219906,6.760801808402175,0.058980104002550784,Tomato___Bacterial_spot
0.438474808872656,0.4576897836156971,0.44786452894404766,0.10476760676686003,0.10171087059733658,0.10456803576829296,218.8497009210648,0.10898603752862734,0.4878190851072876,0.05498738240708877,0.46052727040102387,0.09905518103080063,2959.2441711445763,6.533241361748642,0.11089050439317578,Tomato___healthy
0.41006795042844213,0.3785343087144978,0.36759099011615154,0.1667556401211424,0.15890040222165375,0.18017494069220882,37.86569213200231,0.16506742194902224,0.41792989729448243,0.005356820563574321,0.3964181834106674,0.16311426717477112,547.8003037123898,7.000884822601248,0.07712280419786328,Tomato___Late_blight
0.4871970164188901,0.46172677640401194,0.4521499836941087,0.22726658842150405,0.21611715081689148,0.24179015444400173,14.715820305830448,0.2037635918022327,0.5080527460436433,0.01005371872593928,0.477953433359169,0.22044898826318055,8644.457535779238,7.546634679276207,0.2389270034166133,Tomato___Spider_mites Two-spotted_spider_mite
0.3987929868111173,0.4072484291025288,0.39339699988559124,0.1806850071865721,0.13076781455037384,0.16643683003070217,47.929321282392934,0.17752149955045504,0.4400915300707428,0.04825401705016662,0.4128440016155472,0.148464205448201,221.2350719681898,6.801365675127407,0.047352906736925784,Tomato___Bacterial_spot
0.4160572635540525,0.42947306398831675,0.4060670102138841,0.28525219223086073,0.2556470704412201,0.2781707285511718,80.20654296208043,0.20509337142717166,0.4580002522329895,0.06276895504703094,0.4324962490444412,0.2661351885242966,2423.772788626976,7.58560792345694,0.12259399560411328,Tomato___Early_blight
0.44580764049382604,0.46568339232884715,0.37451073174670574,0.13605683407370284,0.13058257821557312,0.1860542236435638,77.45126342106481,0.22227065519105715,0.48484907506509706,0.1369954834531741,0.4590497010593643,0.12861607480483322,0.0,6.795288746113445,0.036961671385363284,Tomato___Tomato_Yellow_Leaf_Curl_Virus
0.3785162615189115,0.4209292447992451,0.2673839891453111,0.1344114180523558,0.14697580758092194,0.17955314503791195,90.29647826481481,0.3792613770128421,0.4410405552248566,0.22190544408072996,0.40044641431620026,0.13453397411542206,0.0,6.883786644243089,0.029454347166613288,Tomato___Tomato_Yellow_Leaf_Curl_Virus
0.4038139032730619,0.4144206858106739,0.3685347700615251,0.15543235203806594,0.11807253185269623,0.16529920087935787,62.065307610517934,0.2143180544735126,0.4454793429236023,0.08243992578496505,0.4157211178188553,0.13183120149808197,393.0249882835386,6.810109193462927,0.07919799951036328,Tomato___Bacterial_spot
0.610933099926428,0.5817323244043476,0.5132121408481919,0.1382730688769026,0.1258693558311203,0.19960705326678616,21.593719475752305,0.2301973576904468,0.6347867047648041,0.06526654612531234,0.5923548930530778,0.12943956512646942,569.350339800022,6.744383437562056,0.10751831201036328,Tomato___Septoria_leaf_spot
0.4764682101616422,0.4582261360117085,0.461506065179857,0.17919213435236647,0.12968850109336166,0.19968191670062405,339.7929382257523,0.20105871812116427,0.5138832127909272,0.0044251440863804885,0.4737572365646591,0.14951600391106873,1906.6395389995496,6.966873144627456,0.09572326806505078,Tomato___Spider_mites Two-spotted_spider_mite
0.4271018552193204,0.43363752130948374,0.39975142126277324,0.16566907724920943,0.11254590723273544,0.17695485936286312,8.614074700361698,0.2241851563812427,0.47344712375207826,0.0663688893269496,0.43752312597086335,0.1310219268842247,1475.554371331954,6.766515339626287,0.11403381494005078,Tomato___Tomato_Yellow_Leaf_Curl_Virus
0.3967824327358762,0.4107828057237751,0.3427395785351121,0.21467826625887587,0.1844745052194336,0.21542818235041958,72.42990111637731,0.3110025550485782,0.4460634982447235,0.10799073826779891,0.4085426324253311,0.1939402099295166,5383.703746838398,7.301526837241338,0.2176409926744258,Tomato___Tomato_Yellow_Leaf_Curl_Virus
0.3715446042427579,0.3680766141840107,0.3622967863579118,0.18421336373869612,0.1412550878858307,0.17687336491229397,21.72949218083043,0.19698976234208865,0.40448663590951844,0.02825895350684691,0.37815743621637726,0.15673527378278046,0.0,7.021633180327081,0.050282594236925784,Tomato___Tomato_Yellow_Leaf_Curl_Virus
0.46067741984219945,0.4578556931444294,0.44820770268634197,0.21150637528483107,0.17654698315617828,0.21133253859164577,57.14511107731481,0.19884911433469576,0.5045527016977875,0.03277345400561858,0.4673023217563858,0.18827806669907837,7621.361143255509,7.374093854511874,0.25967895654161327,Tomato___Target_Spot
0.4657050120243589,0.4564792430826313,0.4454613292713487,0.15501783153597548,0.1378213686084488,0.18563141809584957,327.8690490655961,0.17104329422723574,0.4966624772410004,0.02773930903782416,0.4676845663433304,0.14583596843915253,927.3287214247001,7.011453747778452,0.11003601220567578,Tomato___Early_blight
0.6667605983624021,0.6390479124017842,0.5254038537044846,0.2248368944842024,0.22293179455754547,0.2613047300446258,63.553100579267934,0.28757831708204074,0.6902113950113862,0.11187849592675735,0.6440814131145707,0.22471907991605072,4109.312482664264,7.534407349602744,0.1785937514634883,Tomato___Late_blight
0.38260832899899877,0.38933449153386424,0.36087107305720684,0.2043470080811186,0.16175880256650238,0.19827281819465023,64.02688597965856,0.22440320507299227,0.4211578464369385,0.06113674145450164,0.3937813633327713,0.17735569435792237,1275.5667646917473,7.224791710839963,0.1272784438463008,Tomato___Tomato_Yellow_Leaf_Curl_Virus
0.4558632718929807,0.504165045065511,0.3463557029266679,0.09578854701105788,0.09370422336814194,0.1744435368645416,104.81726073551793,0.3083630527616672,0.5225812589983552,0.23205832045783567,0.481435357893013,0.0784876148744133,0.0,6.103466614992553,0.07263672021348828,Tomato___Tomato_Yellow_Leaf_Curl_Virus
0.518093322456793,0.47258108024083445,0.31820967440799114,0.09055198839489653,0.10091431412455826,0.1411098329889999,38.457885735517934,0.37818014875661654,0.5268911516527741,0.1348062197517352,0.4782937162761917,0.07764613885121613,0.0,6.03581269098652,0.030858155760363288,Tomato___Septoria_leaf_spot
0.5340838777432004,0.48875298265897105,0.4494709635277116,0.2291980173308058,0.20884408775326996,0.22155701504828793,59.50442504215856,0.231075080788248,0.5463458096842377,0.019898211846848018,0.5075316422825089,0.21538114804463654,6066.903281686032,7.400424477967345,0.2010699477525508,Tomato___Spider_mites Two-spotted_spider_mite
0.4313682662853757,0.4413652933069355,0.42674177532389995,0.10757381579462721,0.09989479902741699,0.11115759001853329,275.8372192316117,0.12220104292642398,0.4729732370237915,0.050567593688865195,0.44641193684389496,0.09874138492779999,5780.535905934773,6.520817877980515,0.1980792250963008,Tomato___healthy
0.4944139468082944,0.43355660800420115,0.46970370059207317,0.09552627167288497,0.08907552036998062,0.09584312276723247,340.9012756280961,0.10751819864522738,0.4966791665415375,-0.07105734545479249,0.46557655867388154,0.09009361523824005,0.0,6.26807821049236,0.031193849119738288,Tomato___Late_blight
0.4989487575897733,0.48823027972661326,0.4485143089790666,0.20358076057020857,0.19437567118165283,0.22738564895274502,33.50466918278356,0.2153217221857242,0.5228479301790803,0.05494464587678481,0.49661028322031403,0.198630261008313,7481.541604091549,7.427666611646752,0.2362261977525508,Tomato___Spider_mites Two-spotted_spider_mite
0.44673642987103857,0.39406012658559153,0.37525593881801006,0.16461623570505812,0.12990609529969482,0.15784355388762814,39.22042846012731,0.23313799754392428,0.4643332159380524,-0.007924966250757687,0.4173695140724411,0.1407793487949875,3155.137671584166,6.94284677556424,0.1869403090806758,Tomato___Tomato_Yellow_Leaf_Curl_Virus
0.5212169038662473,0.5182294166513569,0.33813258652881023,0.11446560284678176,0.12293646458146362,0.12967457758071285,58.31680297184606,0.39655581370603366,0.5625083243708222,0.20305651825179624,0.5082944625263444,0.10493964958625107,0.0,6.579805473669807,0.046254273924425784,Tomato___Septoria_leaf_spot
0.4902435290226499,0.45909207229100535,0.4468581045170152,0.17574606201235488,0.1429715824460724,0.17188128219725948,45.71945189762731,0.16168481365453524,0.5111439025263398,0.007029723639388568,0.47671449121286774,0.15457806247906952,5487.01504864371,7.133836176211879,0.1933490004869258,Tomato___Target_Spot
0.610933099926428,0.5817323244043476,0.5132121408481919,0.1382730688769026,0.1258693558311203,0.19960705326678616,21.593719475752305,0.2301973576904468,0.6347867047648041,0.06526654612531234,0.5923548930530778,0.12943956512646942,569.350339800022,6.744383437562056,0.10751831201036328,Tomato___Septoria_leaf_spot
0.422472451866583,0.42673300866566966,0.487426635076555,0.09636318049017623,0.1013116535877922,0.13501621173503262,255.33023070622104,0.25784054652463717,0.533127108798465,-0.030486019064883702,0.4420810335521927,0.0896231408758667,843.4861860891295,6.339223112738705,0.08730041650255078,Tomato___Tomato_mosaic_virus
0.3821309255966703,0.37384190325223277,0.34481054191783306,0.17000106832567885,0.13396582725999145,0.1766204177010284,40.624999993330434,0.22249511138212008,0.4096785580973236,0.04668947335590888,0.38271355565836335,0.14743417758183747,1235.650094335103,6.9983042496277506,0.09427368310411328,Tomato___Tomato_Yellow_Leaf_Curl_Virus
0.5222468125233213,0.45281010035954783,0.39105367307856914,0.1910735603291197,0.16366813305375366,0.1797801791298614,54.934631340986684,0.3140870358110599,0.5375729000429719,0.018266955653925426,0.4762342863922348,0.17085917550759583,8651.44122316306,7.261233172157818,0.27074157861192577,Tomato___Spider_mites Two-spotted_spider_mite
0.3503291057953397,0.36521803502522776,0.3209139073391282,0.18558948597494795,0.13587174538132935,0.1861765323746429,61.023010247236684,0.27514556304227633,0.3998020684580414,0.08514025461186935,0.3654184037094345,0.1537006076021698,194.34623244977126,7.048132086118523,0.048527833494738284,Tomato___Tomato_Yellow_Leaf_Curl_Virus
0.4347457932838956,0.42013617519818613,0.4235605860252702,0.1666144367176695,0.1225344536041954,0.17720238255145412,334.58020018864295,0.18162301436673922,0.4679112529615967,0.007913120354314334,0.43459764059832,0.13909968990521698,2660.804086757028,6.921225267449494,0.10884582665880078,Tomato___Spider_mites Two-spotted_spider_mite
0.5244078385242978,0.5054789698549397,0.4862550461788499,0.1964187409598036,0.17626594725606232,0.21488370882155758,9.644927971846073,0.1802386070848636,0.5472082888941376,0.02624227505435515,0.5186499946956864,0.18429637211995392,8526.681243201852,7.313446805476272,0.2261706557603633,Tomato___Spider_mites Two-spotted_spider_mite
0.5034082579025785,0.4925113833376057,0.4637744987507188,0.15669318399016097,0.16155525270459442,0.1387314139473663,249.33003234196323,0.129513117230051,0.5246491229395478,0.043787196541924964,0.5021963709240189,0.15528618056016236,0.0,6.942645098147826,0.054020997557238284,Tomato___Late_blight
0.5462198006519834,0.49862372045003245,0.5015899801750504,0.172520586462657,0.13999550763127594,0.1617941944468246,15.119171135908573,0.13282971338044924,0.5592970049242585,-0.02461520835499,0.5228959315662614,0.15074488777356415,632.3990841190288,6.961350016812308,0.06462585595567578,Tomato___Leaf_Mold
0.5153615223774473,0.4920545137354023,0.38181599621966716,0.2443374033886595,0.21569213989732056,0.23969457434298855,64.29754638004918,0.38024878755819125,0.5511926209787934,0.11287863206376601,0.49615889724543,0.22203393537240296,5034.1100457032635,7.401246240987782,0.2218219008775508,Tomato___Tomato_Yellow_Leaf_Curl_Virus
0.4294863688358823,0.4439695096441395,0.44810092096522686,0.19751841685358718,0.19711298469064026,0.22617937015178066,201.22097777653354,0.2398721750141315,0.5030706620077698,0.036298830325503836,0.4498128288631668,0.19743462163644104,12828.468873022026,7.27611524285366,0.28072082665880077,Tomato___healthy
0.5218690382847349,0.4666283345647938,0.41619991903499004,0.22497097513262465,0.1961905432080963,0.22341316329123836,52.62808226872106,0.29555475965749545,0.5355141556124299,0.021134831274648196,0.4870992892627945,0.20619030553536682,5141.2969560829415,7.4320350073307395,0.2110949721666133,Tomato___Tomato_Yellow_Leaf_Curl_Virus
0.507417474926428,0.5504831588693745,0.3987951243419969,0.11727890482727721,0.1150981185173729,0.18130935119273525,99.49758910465856,0.277553352272623,0.5688882267336457,0.2207008342098193,0.5300168984775773,0.10485245544152527,0.0,6.582870599344591,0.056233521971300784,Tomato___Tomato_Yellow_Leaf_Curl_Virus
0.3659671890148679,0.38841577534161875,0.30807757024958965,0.14761889836374953,0.10975313160178451,0.15657394515158993,72.46652221012731,0.30172145620595736,0.4213372862200348,0.1287339518617587,0.3822478943710556,0.12114376831488877,380.1216094253076,6.777970904251492,0.08195984033067578,Tomato___Bacterial_spot
0.46303865784497655,0.4981607115694172,0.5358852708835923,0.14703897497240737,0.15686086538789062,0.21801332520129543,209.57739257145542,0.3288109923959903,0.6102998649935334,0.02334461014976073,0.5016626709347001,0.15061208862500458,888.4240751621736,6.962338437728401,0.10629760888536328,Tomato___Leaf_Mold
0.3862355398544828,0.3988624132105,0.30245309715464946,0.11841476074043944,0.13092889610287933,0.12477040426614147,86.57662963200231,0.22960126653920931,0.4177541828016846,0.13498334985484647,0.39379915531923676,0.11444257456498413,0.0,6.661239175338528,0.06355774072130078,Tomato___Tomato_Yellow_Leaf_Curl_Virus
0.4468993889698545,0.48267798785649607,0.29652639870837566,0.16320847830359175,0.16142704311368256,0.1874977438318954,84.85778807926793,0.3981394793153934,0.5028146600584595,0.24787733357657957,0.4604617350940933,0.15226367372708588,0.0,7.121935299917793,0.022969361815050788,Tomato___Tomato_Yellow_Leaf_Curl_Virus
0.49731058353276647,0.4660625374742634,0.4392691219349229,0.2108242895323439,0.19969481948373108,0.20730807767989498,44.26571654606481,0.20290197685968203,0.517059484706363,0.021492488945622928,0.48205405410578156,0.2015969927950409,11204.718949712715,7.494001889926582,0.30040466454942577,Tomato___Target_Spot
0.4632499563107053,0.44806867007695506,0.44421845321849224,0.17965924105231001,0.17362437370774536,0.19862804697635036,352.3714904718461,0.18549616888772769,0.49209318517251893,0.014616094792981631,0.46187180217554474,0.17627381045060425,16682.919795368933,7.315169068364075,0.34023010400255077,Tomato___healthy
0.5020761536964933,0.4937911546655781,0.3714733386535966,0.12788222840611174,0.08118127259967117,0.19682996855857235,46.03652953434606,0.37015304223310275,0.5515683090548127,0.1399799178194003,0.4920269244556656,0.094108517055085,0.0,6.395653472686065,0.049214479002550784,Tomato___Septoria_leaf_spot
0.5203028070339719,0.47000112299405405,0.4184682930012071,0.21004163584295943,0.17530407730099945,0.2209927676785217,47.360900872236684,0.2834224726320438,0.5356536900858491,0.0271782691430049,0.48886942800333405,0.18867294747071534,6330.631741615148,7.305131868806329,0.29211914208848827,Tomato___Tomato_Yellow_Leaf_Curl_Virus
0.6135707246670286,0.6516745007463581,0.44571065550044414,0.14587139448706343,0.136466465625737,0.20077151940944057,95.05068969059606,0.3139533425928287,0.6695773398737519,0.27001479666938355,0.6265043609981766,0.12925443309979706,0.0,6.807301304348786,0.022496339354113288,Tomato___Tomato_Yellow_Leaf_Curl_Virus
0.46334025734754003,0.4539083159395344,0.4319957459469163,0.11791099718395903,0.11880677911994247,0.11081674085738522,224.26808165836948,0.18736517683278842,0.4996003901819794,0.03842770707120467,0.463933258617424,0.1115737732096222,1542.9048621895681,6.661782765026165,0.10820495751817578,Tomato___Late_blight
0.457507555426077,0.46720149282895396,0.47133040075496074,0.18028579017702773,0.17660816732404022,0.20592465387465816,222.23977660465854,0.2018576736808948,0.5237537419657319,0.03151224207391311,0.47447651561548615,0.1776445682688263,14674.86528613781,7.28844740134936,0.32503235009630077,Tomato___healthy
0.43385056132169164,0.39305277828656504,0.32845800762370464,0.22481612226549819,0.20027407232281952,0.22123817490222317,56.67306517887731,0.36050123230230136,0.44981471656366273,0.049744103367228995,0.4075903290157547,0.20791104692654877,2827.286763289846,7.408655884701951,0.1581011977525508,Tomato___Late_blight
0.5091623412975828,0.4534810698457844,0.41732036714747783,0.26390535494867995,0.2667002451753357,0.2821823893654571,35.27371215153356,0.2798715557218723,0.5146858489374726,0.006426496694584376,0.47571027215769196,0.26558670658307343,4574.801880488075,7.551282566702649,0.1765490737291133,Tomato___Early_blight
0.5000139819988767,0.4894525921770222,0.4723669255276048,0.17318051418844893,0.16749791029450684,0.20807720111491543,293.3992004327836,0.22926713780175967,0.5444795882563203,0.0324713925670581,0.5003654950504532,0.16899821418957978,4160.944731132961,7.07643330506636,0.1738330092759883,Tomato___Leaf_Mold
0.36536014551015294,0.3832569635339863,0.3730411196251237,0.1775521274525328,0.11787880930659561,0.145778798924707,88.86380004215856,0.20727351561795992,0.41830796955629274,0.054059770221610556,0.38644400175859833,0.1376556332750824,381.5868431794414,6.754297211234603,0.051320191893175784,Tomato___Bacterial_spot
0.46896735304685033,0.4685528195329792,0.4271746838589036,0.16121905407492354,0.16236067536828308,0.16784718023421627,192.3011169366898,0.2132203902364902,0.5087089931826203,0.06691078495492507,0.47366249498178864,0.15791754681306153,109.49712786557654,7.194432155667761,0.09537231591661328,Tomato___Late_blight
0.3877126919636289,0.33872198228322337,0.3080290520687425,0.23355776927057936,0.211796916756604,0.23078980432631832,47.80538939762731,0.33089384690534396,0.3933199143271057,0.007649353037376887,0.3595740490799179,0.2194202418966797,2394.1126174255232,7.246113779980443,0.1433764663072383,Tomato___Late_blight
0.441523109615759,0.4377042568155415,0.3539962137241685,0.24920574686114028,0.19562055889127045,0.23586236821296078,74.96044921208043,0.3616004909635715,0.4838564789156525,0.10583631348123122,0.43900617893984223,0.21436789888577729,3672.133166735196,7.515349615238016,0.2041064467759883,Tomato___Tomato_Yellow_Leaf_Curl_Virus
0.44489378208012975,0.510817340654958,0.2640258038540208,0.12724444380585387,0.143296561870549,0.15099137412192684,104.28540038395543,0.4406366075636081,0.5288176929812043,0.3386623005222278,0.47267478641321564,0.11587114888863831,0.0,6.704026088166413,0.038350221190050784,Tomato___Tomato_Yellow_Leaf_Curl_Virus
0.4441869305977384,0.42316221360646555,0.4002865815658891,0.21512570342604354,0.18272615197655945,0.2059199898112045,35.49929808903356,0.21941758946191592,0.4767416810850708,0.02779801961292792,0.4365435832386246,0.19187730807500153,5422.626778742434,7.216432090935735,0.2236834731431758,Tomato___Leaf_Mold
0.4069843041309873,0.459036699576009,0.2968753541012132,0.14352510234896376,0.13899137798306732,0.16896716641070705,100.81436156559606,0.369060042059534,0.4768420255045502,0.2401608864616351,0.4346894615535965,0.13126258808808594,0.0,6.854304189313547,0.042775270018175784,Tomato___Tomato_Yellow_Leaf_Curl_Virus
0.4531028615841428,0.43504642610036204,0.38340535407260296,0.21973144373480513,0.18047747734544067,0.20442397283198696,63.62478637028356,0.25497338429700656,0.4824751710753052,0.0595317522834735,0.44426101383020783,0.19251249987321167,1933.402317819321,7.09075660828578,0.1253253188463008,Tomato___Tomato_Yellow_Leaf_Curl_Virus
0.41885069483609594,0.4108123696275837,0.35673129205897686,0.14658349117819502,0.10252442184445648,0.15600464628817898,48.875122063642934,0.2534756983877353,0.4558086490492432,0.07198992770423461,0.41675344046404267,0.11644774932103424,404.20623446059915,6.647433805207528,0.10023986962755078,Tomato___Bacterial_spot
0.45311323279233373,0.4946192419954426,0.35464930181697246,0.0977215330917044,0.11111231866833954,0.14147613333346706,103.32702636051793,0.2713180507780246,0.5126880204538911,0.207423050219913,0.47595515784075165,0.09107705462413102,0.0,6.232780811526463,0.07170593408067578,Tomato___Tomato_Yellow_Leaf_Curl_Virus
0.4733878123173276,0.44634108905278513,0.4118130171795213,0.23362504801336959,0.20577774170396118,0.2267518280613647,62.713562005049184,0.2503855253816776,0.49801955579324647,0.03342845317234565,0.4601947062854996,0.21510309237675934,4812.751846104763,7.382480541694176,0.1913195815416133,Tomato___Spider_mites Two-spotted_spider_mite
0.5203352915653745,0.49479161862813303,0.44007774834826824,0.26758615037981703,0.2329829109048584,0.28105887161376336,54.10012816715856,0.2972703601480655,0.5457019007067292,0.055117350335021506,0.5058946007137528,0.24714169162946015,4952.367264676742,7.5533369601929214,0.2081042495103633,Tomato___Tomato_Yellow_Leaf_Curl_Virus
0.42334333533139623,0.428119084877599,0.39390587454036113,0.2159163143355055,0.17990297797677307,0.19902821766021114,74.28063964176793,0.2100024546743564,0.46732015369935914,0.06493611287583877,0.4324936562423935,0.19059498864846497,0.0,7.09683263533683,0.12236511376817578,Tomato___Tomato_Yellow_Leaf_Curl_Virus
0.47461089962811864,0.42157315377675364,0.36998146419719097,0.22755099198404982,0.2005759251451233,0.20550934361102444,62.36972045231481,0.3085226441980533,0.49102885483308717,0.024501163775821216,0.44125282701303864,0.20736331004338532,5809.18233602298,7.3709232051222875,0.2070513930650508,Tomato___Spider_mites Two-spotted_spider_mite
0.4727034317860166,0.5256062663026936,0.3158819640179002,0.07768788299147322,0.08457966122386246,0.14759489284636837,93.93133544254918,0.3927749420763187,0.5447424447397797,0.28857434194793274,0.49558257993509675,0.0669422957642582,0.0,5.921587512330024,0.027791139158800788,Tomato___Tomato_Yellow_Leaf_Curl_Virus
0.48231608146520055,0.4744642889925129,0.4606749678154313,0.16482377907816603,0.1225080636477211,0.16775199161650997,23.739410393721055,0.17068353549253268,0.5226596987108796,0.03188467424621154,0.48494279321482087,0.13643458742337494,0.0,6.910626250372345,0.07584106591661328,Tomato___Target_Spot
0.45311323279233373,0.4946192419954426,0.35464930181697246,0.0977215330917044,0.11111231866833954,0.14147613333346706,103.32702636051793,0.2713180507780246,0.5126880204538911,0.207423050219913,0.47595515784075165,0.09107705462413102,0.0,6.232780811526463,0.07170593408067578,Tomato___Tomato_Yellow_Leaf_Curl_Virus
0.47071841830106176,0.48947354320966074,0.45884722118571636,0.10022474190775588,0.10051995489356308,0.10847736285807949,215.15968322086948,0.11582130447637362,0.5153518712381928,0.07532861482610274,0.4900771671180954,0.09635381657319336,1050.6048047243576,6.427147007056236,0.057911988768175784,Tomato___healthy
0.3706978904614011,0.42698173884831736,0.2548418903847062,0.1273339997846289,0.11583811018225937,0.1864378838408218,99.87094115543981,0.41535708562146945,0.44484100698038026,0.25437087219466736,0.4002317183857193,0.11205125111775666,0.0,6.667927687348777,0.06497680810411328,Tomato___Tomato_Yellow_Leaf_Curl_Virus
0.4924829053291837,0.45065157775365183,0.41611271743968364,0.24039826652590468,0.20584458831307678,0.2290784506666885,55.66738890934606,0.25276378051053805,0.5078587329248994,0.01865471180786658,0.4689245515709152,0.21776083368497162,6822.929575893931,7.439798339271007,0.25569641259630077,Tomato___Tomato_Yellow_Leaf_Curl_Virus
0.5371054160007993,0.5650716937013752,0.5230563843746506,0.2133240636307402,0.17608512166497498,0.2363232164252029,156.04959105778354,0.1939458425403766,0.601272085891208,0.09592876237144042,0.5616228574161759,0.19150445121960907,10824.119600256108,7.413149775520105,0.26691162255723827,Tomato___Septoria_leaf_spot
0.3657515990147153,0.4204152441450245,0.2564572656650865,0.11089642456356719,0.11777344319579391,0.148683735595964,94.47586058903356,0.3758429910303287,0.4383559024195282,0.24456882875670957,0.39508241351892853,0.10086293775277405,0.0,6.461346641228633,0.028248902830675788,Tomato___Tomato_Yellow_Leaf_Curl_Virus
0.5266945707211057,0.5110629713960774,0.4338682556648576,0.1745647724587126,0.17926656428334503,0.19239882515551907,37.580505364424184,0.2376461054445438,0.5519172346453278,0.08751026194800902,0.5166394704227677,0.17409444112019806,7978.117809569599,7.243362895236983,0.2455340590806758,Tomato___Spider_mites Two-spotted_spider_mite
0.4213891374477903,0.37066154841862986,0.33043723945811626,0.24030030629221633,0.2175557685231903,0.23104811595561367,54.05252074528356,0.357811662113779,0.4365025555948822,0.015443841258783824,0.390946357810997,0.22454785067277222,5633.515708783544,7.114335752725076,0.1919146743150508,Tomato___Spider_mites Two-spotted_spider_mite
0.5371054160007993,0.5650716937013752,0.5230563843746506,0.2133240636307402,0.17608512166497498,0.2363232164252029,156.04959105778354,0.1939458425403766,0.601272085891208,0.09592876237144042,0.5616228574161759,0.19150445121960907,10824.119600256108,7.413149775520105,0.26691162255723827,Tomato___Septoria_leaf_spot
0.40763178938718236,0.390244773668874,0.3238679135341966,0.2143877681214018,0.18306264999863892,0.1988904862272964,66.90847777653356,0.3119229699731998,0.4388807809214203,0.07493701976050902,0.3975793414955368,0.1916954841061142,2795.153543680809,7.335214162865005,0.1508837905259883,Tomato___Late_blight
0.4711637842068235,0.4447136140295155,0.4308549726505601,0.20335965714041426,0.1957536411618927,0.2009959606993423,47.75857543278356,0.18671982244264407,0.49194441197915956,0.013355598117013461,0.46074509557535553,0.19680828112798004,12008.3930241737,7.436200091751799,0.28697693017442577,Tomato___Target_Spot
0.4999466883549253,0.43112292055569956,0.37829950099185344,0.20991686842028334,0.17895921293256073,0.1936981915104614,54.62503051090856,0.3158319021822147,0.5134806430201142,0.009946726525922305,0.45538219746401215,0.1875319953604248,7378.903911152757,7.285105380374433,0.2382556166978633,Tomato___Spider_mites Two-spotted_spider_mite
0.4662818955788175,0.4494389510580189,0.44960891847804424,0.19684472045485213,0.14861447337624817,0.19162821160437923,17.76373290348668,0.17512858167897982,0.4991264140467255,0.008934261540670878,0.46419715818216706,0.16630307096677094,3694.1973733875393,7.153413055798642,0.1540271010728633,Tomato___Target_Spot
0.4153769361385862,0.42086227898083994,0.46717077141002056,0.1038119580465956,0.08299758258816986,0.13690940426471096,240.00331115055698,0.178105788982027,0.4901885783533661,-0.01487609671170544,0.4342041009311905,0.09299571323828965,637.2229507836936,6.290336488251648,0.048985597166613284,Tomato___Leaf_Mold
0.4259647178062955,0.4103929615446217,0.3370372319717729,0.2285545106846495,0.17816600922105102,0.1940045295822845,74.25167846012731,0.328471663153284,0.462764183268985,0.08373117845763732,0.41638919647982026,0.19265841204362183,2445.2207062709103,7.1497610734947035,0.1636401381822383,Tomato___Tomato_Yellow_Leaf_Curl_Virus
0.4341604160675565,0.46030913953267405,0.44139456396296856,0.189713129015605,0.144833124909375,0.1771113662588821,88.77731322575231,0.1574603940607242,0.48318375109239503,0.0710104892801242,0.460037230814003,0.1613224919481781,448.74737984421233,6.947455788780606,0.058446046385363284,Tomato___Bacterial_spot
0.47486520284505285,0.4522249913641102,0.45084941034510967,0.2116133507210417,0.19636797133443146,0.21703047441127163,36.47341918278356,0.17438663796197695,0.5000936186174958,0.004682442436714656,0.46854039963533783,0.20141412574487,6483.1492831531405,7.42206850363019,0.2176715102525508,Tomato___Target_Spot
0.4798665391811887,0.47283639673672984,0.4597529435654008,0.21765289566103652,0.2083431107139328,0.24431475387694698,334.2016296320023,0.23536221936952395,0.5188503062586396,0.03200052332391311,0.4831497364883652,0.21286636847691803,12103.800636164746,7.465509620081207,0.30017578271348827,Tomato___healthy
0.5646557556995908,0.5435852921434529,0.4949089253444993,0.24645563325468733,0.22766198936459808,0.2559750019180999,59.722595208174184,0.20476779595624728,0.5830656087259858,0.05355299663056899,0.5540390604381791,0.23515792447762757,1939.8131304207682,7.449615108214265,0.1298571791978633,Tomato___Late_blight
0.3718527304539243,0.38429396514378855,0.3601765299339616,0.20263091585222914,0.1534403038358429,0.17910171435954433,92.97738646793981,0.23168123022329135,0.42011908649011537,0.06250589739789535,0.387527465189003,0.1698155726833847,534.3196957466615,6.989735212421319,0.06793701318223828,Tomato___Bacterial_spot
0.47203115099759496,0.5047034538217671,0.3323312366504991,0.13586130103651717,0.13592169407365112,0.18194822357776028,94.24087523747106,0.348769846117609,0.523405531630954,0.23099178474654722,0.4849868410473099,0.127447741810849,0.0,6.7801113459987095,0.055485841307238284,Tomato___Tomato_Yellow_Leaf_Curl_Virus
0.38827282661290563,0.4231043971010334,0.4144895935554826,0.16550596913878157,0.14683993879315643,0.19464653121116024,188.6462097101273,0.20960463837396426,0.45879364965959474,0.0693935344766574,0.4214104407673111,0.15615424770550995,414.1839839721987,7.040585423654163,0.06816589501817578,Tomato___Early_blight
0.40582642430158056,0.4231623328157551,0.36944716816142437,0.1844842072445555,0.10872989121434479,0.20710351453902584,41.556518548017934,0.3208332981229953,0.472785094962558,0.09699818890800048,0.4215581708793869,0.13687037188248902,43.09431194876822,6.830934597113985,0.058995362791613284,Tomato___Septoria_leaf_spot
0.46570799225659765,0.46217211250745127,0.42529320364192363,0.13403254112784102,0.12715537074563293,0.18646633015754085,20.975128167158555,0.1979865159155063,0.4972137307982056,0.05929018210877944,0.4687279456501236,0.1326045121593979,393.0704166217664,6.779504674664039,0.08675110009630078,Tomato___Early_blight
0.3122475492367307,0.3590662694402821,0.21531834845736858,0.11191158107105925,0.0995413881873825,0.14838256822707516,85.78100585270543,0.42793712273847384,0.37893877385660096,0.21651381653060484,0.3383830779438248,0.09403349715905457,0.0,6.4092656493293765,0.023717042479113288,Tomato___Tomato_Yellow_Leaf_Curl_Virus
0.5646557556995908,0.5435852921434529,0.4949089253444993,0.24645563325468733,0.22766198936459808,0.2559750019180999,59.722595208174184,0.20476779595624728,0.5830656087259858,0.05355299663056899,0.5540390604381791,0.23515792447762757,1939.8131304207682,7.449615108214265,0.1298571791978633,Tomato___Late_blight
0.5310964929470579,0.48865028385602305,0.5077354872722947,0.1291299473363562,0.0994416323637703,0.1567895947563873,331.3287048273148,0.18106197074662966,0.556845644698581,-0.03558424833903741,0.5132202499752274,0.10753185558753281,6225.812184548141,6.537871352774677,0.2228900161119258,Tomato___Tomato_mosaic_virus
0.5327784168133298,0.5059091365762837,0.48521756773188945,0.18330333492342665,0.14734419408795624,0.18795343624236446,40.670715325361684,0.16627620414506716,0.5563291704516022,0.019769441599746234,0.5212869637851945,0.16122797388272553,3912.8511801484465,7.128780956612222,0.1693011489244258,Tomato___Target_Spot
0.4694927083859006,0.4442603803106434,0.4121499622364366,0.21410670241896346,0.20742749396321564,0.22718938575866085,35.159423821455434,0.24029374376546664,0.4866534268717377,0.03282521318902541,0.45784705814173127,0.2098459627075699,21152.929680262827,7.53762613730037,0.33446228173692577,Tomato___healthy
0.42872211808057226,0.4165528333612568,0.4630335534115159,0.20455550512854292,0.2024008703565338,0.23214803026797634,257.7000579767289,0.2238342191339664,0.49050191997095033,-0.032702788447241296,0.4351930611973038,0.20469348389344483,12517.300213182247,7.368366923110823,0.27640258935411327,Tomato___healthy
0.46515402668805517,0.42696388725720713,0.40996124987796184,0.16171891352717116,0.11965219650027542,0.17033975707175594,24.41650389958043,0.21857954815637393,0.4881867563585846,0.00475951403637696,0.44614726241876984,0.13468320924477845,2321.973139941595,6.853130270338872,0.1278887954088008,Tomato___Tomato_Yellow_Leaf_Curl_Virus
0.4530713903317014,0.4282004750200398,0.40655639414981243,0.17738179227892592,0.12684029314276962,0.16743641482474667,35.871582024580434,0.19999663785707278,0.48471228240533754,0.022720247770448215,0.442872285211586,0.14351290721135407,4633.294903311781,6.960706371756153,0.2269183364244258,Tomato___Leaf_Mold
0.47766632312627233,0.453757158560384,0.44235545044139263,0.20652646681849196,0.20191081586835175,0.21994299577357632,21.721832268721055,0.1960622693659,0.49706996439500734,0.013439672331114299,0.4693090313320389,0.20359426993565827,17123.518850138313,7.462619270344055,0.32281982568223827,Tomato___healthy
0.39691389077992834,0.42470695738278696,0.39915245418742534,0.1815644588190718,0.13227527562138824,0.17060888694407803,94.33474730778356,0.19677411273729128,0.45357246159120485,0.07929469298829604,0.42318639096071625,0.14962148923115998,943.0475324894259,6.827339770292642,0.08456909326036328,Tomato___Bacterial_spot
0.5358063923725644,0.5274875081010945,0.4930067325134599,0.20253119728151991,0.14092769447324066,0.2138342051375137,25.52813720036168,0.2187154765487842,0.5835035240511506,0.05210915606727172,0.5357469313984147,0.1630947019501236,8698.651810230822,7.19840995802127,0.28036987451036327,Tomato___Septoria_leaf_spot
0.4990454661259214,0.46855347518407175,0.4712014163036668,0.18009295425001814,0.17772870484349518,0.19915270196082455,348.12524413395545,0.17318849519502444,0.5152246153215974,-0.007192844261626714,0.4876752489452591,0.17917880672650605,15951.633318265802,7.310655335946361,0.34116089013536327,Tomato___healthy
0.3859232711205045,0.4206557488866932,0.38052171116069194,0.18224073311869338,0.12189203474280624,0.19621572779300075,242.59558104801792,0.26273063079129977,0.4562470114092438,0.10081372063865233,0.4153982692604294,0.1445216115160492,746.7153728454331,6.931649020959194,0.06696045068223828,Tomato___Tomato_Yellow_Leaf_Curl_Virus
0.46570799225659765,0.46217211250745127,0.42529320364192363,0.13403254112784102,0.12715537074563293,0.18646633015754085,20.975128167158555,0.1979865159155063,0.4972137307982056,0.05929018210877944,0.4687279456501236,0.1326045121593979,393.0704166217664,6.779504674664039,0.08675110009630078,Tomato___Early_blight
0.5778512703785459,0.5818089759775288,0.5739311540623032,0.20002701243941023,0.17782569650170593,0.22723471509101253,240.39012145329136,0.17031428471814913,0.630687574134311,0.0377826544295745,0.5894303315525284,0.1877216424389389,8810.7603958148,7.322385569168909,0.25436889794786327,Tomato___Septoria_leaf_spot
0.4876580285439054,0.46091490153752634,0.43958770876124736,0.1935120757538481,0.15240474763867645,0.1941210566628204,35.15573119450231,0.2073343570591144,0.5181222355227082,0.02053129699339438,0.47618263896753693,0.1667216892881897,3375.589956166358,7.123389996376804,0.1303302016588008,Tomato___Spider_mites Two-spotted_spider_mite
0.5503673302540342,0.5172551787325032,0.424401458551439,0.26359868905131056,0.24988426986691742,0.27881582962157586,61.83261107731481,0.36057830110799594,0.5777544772486298,0.08568873655309249,0.5262731903438798,0.25400237995820313,5042.53129205098,7.51323521456916,0.2166491713853633,Tomato___Tomato_Yellow_Leaf_Curl_Virus
0.4161356436619321,0.42057525281392405,0.4154300654430711,0.10702324024025633,0.11034359756467133,0.10587330298306805,246.50067138004917,0.1006509687067203,0.4509383237223236,0.035531945789952765,0.4283640974407425,0.10633719969229966,3779.397105067871,6.638503524848958,0.1396228041978633,Tomato___healthy
0.4715829538712064,0.49397777680836985,0.47988107447818157,0.09482409170452788,0.09155918631312637,0.09249249981524807,202.55079650211948,0.09872721389543337,0.5201322233538239,0.062438641006846915,0.4953774803524246,0.08910329151587754,1493.7316601964603,6.330226358590211,0.058507081541613284,Tomato___healthy
0.522058461845831,0.5284377849527485,0.4604198003311479,0.10997172555510237,0.12250791463610916,0.11793111400487286,80.22329711247106,0.1572814013124637,0.551614145026645,0.10034446817149688,0.5284790986423722,0.11313990015225678,0.0,6.4307317257403005,0.046330567869738284,Tomato___Bacterial_spot
0.4153769361385862,0.42086227898083994,0.46717077141002056,0.1038119580465956,0.08299758258816986,0.13690940426471096,240.00331115055698,0.178105788982027,0.4901885783533661,-0.01487609671170544,0.4342041009311905,0.09299571323828965,637.2229507836936,6.290336488251648,0.048985597166613284,Tomato___Leaf_Mold
0.5045718001732389,0.4950746214815266,0.4685260618229234,0.16356360277716353,0.1101368290519455,0.18936034427764278,353.9966735773148,0.23122419670831484,0.554449895606479,0.042998578662772666,0.5045905702953568,0.12625327218013077,182.9729931327937,6.666966816726983,0.07634460595567578,Tomato___Septoria_leaf_spot
0.4798665391811887,0.47283639673672984,0.4597529435654008,0.21765289566103652,0.2083431107139328,0.24431475387694698,334.2016296320023,0.23536221936952395,0.5188503062586396,0.03200052332391311,0.4831497364883652,0.21286636847691803,12103.800636164746,7.465509620081207,0.30017578271348827,Tomato___healthy
0.47140849107594884,0.45125757817708323,0.432148155023607,0.2501797910648985,0.2209224325751999,0.23633743213298183,70.39843749333043,0.2097024048925571,0.4989985024790375,0.024905670697589404,0.46480703290750885,0.2301280077143219,5259.749032450044,7.563915703629477,0.2275744643541133,Tomato___Spider_mites Two-spotted_spider_mite
0.44726229184956945,0.4795297301241047,0.4330816233654344,0.2039551373440428,0.1565986496543625,0.22548136995913845,141.2799987726273,0.2241858865381412,0.5081411695341675,0.10466276508082915,0.47428953584482575,0.17800189811425476,0.0,7.094349149371577,0.038106080565050784,Tomato___Late_blight
0.48231608146520055,0.4744642889925129,0.4606749678154313,0.16482377907816603,0.1225080636477211,0.16775199161650997,23.739410393721055,0.17068353549253268,0.5226596987108796,0.03188467424621154,0.48494279321482087,0.13643458742337494,0.0,6.910626250372345,0.07584106591661328,Tomato___Target_Spot
0.4139079200634519,0.4712535059877522,0.2415108347435319,0.14115364214960768,0.16742765131947784,0.14361826466204983,94.73526000309606,0.43435913578283114,0.4892321622233002,0.3130354325126605,0.4376193576698532,0.13819311815934449,0.0,6.9754277379308745,0.047566529783800784,Tomato___Tomato_Yellow_Leaf_Curl_Virus
0.4530713903317014,0.4282004750200398,0.40655639414981243,0.17738179227892592,0.12684029314276962,0.16743641482474667,35.871582024580434,0.19999663785707278,0.48471228240533754,0.022720247770448215,0.442872285211586,0.14351290721135407,4633.294903311781,6.960706371756153,0.2269183364244258,Tomato___Leaf_Mold
0.5233722674259702,0.4971897519060261,0.46920889263347026,0.17342943808619216,0.13962555650231628,0.19576714323642116,26.049896233564805,0.1991484190584354,0.5494708216051667,0.02774553399791289,0.5115313523655167,0.1530394132776764,3595.7380686422302,7.096911014838514,0.1505938735338008,Tomato___Spider_mites Two-spotted_spider_mite
0.47411677712293065,0.4445365584322102,0.38241618519023296,0.24051507672850325,0.20700135055539398,0.24384211884620052,56.69064330387731,0.33084297434102816,0.5000880753855317,0.05848733734597732,0.456002145374321,0.21865304071145325,5162.83584470036,7.467641645201808,0.2153826918931758,Tomato___Tomato_Yellow_Leaf_Curl_Virus
0.4441869305977384,0.42316221360646555,0.4002865815658891,0.21512570342604354,0.18272615197655945,0.2059199898112045,35.49929808903356,0.21941758946191592,0.4767416810850708,0.02779801961292792,0.4365435832386246,0.19187730807500153,5422.626778742434,7.216432090935735,0.2236834731431758,Tomato___Leaf_Mold
0.5218459712872068,0.5537498510309345,0.39209195618823406,0.11251602432314589,0.12551432076451569,0.15482740985038143,90.08145140934606,0.2868110562921695,0.5717774426798432,0.21950903933753538,0.5354844325428239,0.11128171045022278,0.0,6.478542810073478,0.022465821775988288,Tomato___Tomato_Yellow_Leaf_Curl_Virus
0.3821309255966703,0.37384190325223277,0.34481054191783306,0.17000106832567885,0.13396582725999145,0.1766204177010284,40.624999993330434,0.22249511138212008,0.4096785580973236,0.04668947335590888,0.38271355565836335,0.14743417758183747,1235.650094335103,6.9983042496277506,0.09427368310411328,Tomato___Tomato_Yellow_Leaf_Curl_Virus
0.49306846135945714,0.45121275548421214,0.38606357221797344,0.22797673306051924,0.19099696699139862,0.23544072495581966,55.297729485517934,0.3340373064638309,0.5098231232027619,0.049240686262746344,0.4660034173374405,0.20501949149804383,5322.85186891737,7.390880229741588,0.27303039697130077,Tomato___Tomato_Yellow_Leaf_Curl_Virus
0.43629554385037816,0.4760285234876759,0.4127467239399278,0.10612245014492705,0.10535651418921738,0.11541221426608425,95.42572020817418,0.18092692152272982,0.5016611313681214,0.1289618800233798,0.4666370743160477,0.09821097809510498,3452.5183181661605,6.5067804738481225,0.1338092055650508,Tomato___healthy
0.47576252096982397,0.494051507753957,0.3689460123081529,0.08285974821631148,0.09887900176999359,0.1446706740725265,78.70816039372106,0.24514302865278048,0.5133065974573701,0.1693417171787219,0.48402386840631867,0.07895619678931504,0.0,6.141495659749865,0.029149171385363288,Tomato___Tomato_Yellow_Leaf_Curl_Virus
0.4871970164188901,0.46172677640401194,0.4521499836941087,0.22726658842150405,0.21611715081689148,0.24179015444400173,14.715820305830448,0.2037635918022327,0.5080527460436433,0.01005371872593928,0.477953433359169,0.22044898826318055,8644.457535779238,7.546634679276207,0.2389270034166133,Tomato___Spider_mites Two-spotted_spider_mite
0.5194532024273435,0.5059765494295246,0.45061617737010357,0.16798671445433333,0.15919948342797546,0.21934685991885525,292.7179260187211,0.2930052305818729,0.569047907576999,0.06783086460341979,0.5133978122120133,0.15934483963685303,2899.58133341176,7.029440620130509,0.1467181411119258,Tomato___Leaf_Mold
0.47140849107594884,0.45125757817708323,0.432148155023607,0.2501797910648985,0.2209224325751999,0.23633743213298183,70.39843749333043,0.2097024048925571,0.4989985024790375,0.024905670697589404,0.46480703290750885,0.2301280077143219,5259.749032450044,7.563915703629477,0.2275744643541133,Tomato___Spider_mites Two-spotted_spider_mite
0.4844861375698606,0.4569666004606373,0.2997271979351365,0.19182448944632247,0.18013036969659119,0.21169514344813686,63.011962883955434,0.44324791685354037,0.50227583406969,0.15566704076041746,0.45697247918894196,0.18128763395982056,3999.7570309910416,7.252174461622399,0.1770220961900508,Tomato___Early_blight
0.4574570404896299,0.48018746737920115,0.45377528314784404,0.08960159978453353,0.09645196768996506,0.09274532781722408,209.69908141422886,0.12027874842893405,0.5082695579390137,0.07508985352029372,0.4800829285030594,0.08905273932652741,1855.7629119364037,6.348703510653475,0.08290588525255078,Tomato___healthy
0.4968329119095365,0.4739409900137074,0.4646324182052934,0.1791901375967665,0.17596583786961822,0.19453879581572872,5.906494133955448,0.15536760047685427,0.5115962421755402,0.012363776827950961,0.4894273274784317,0.17761442321973114,14694.407161982865,7.295410037668817,0.32797729638536327,Tomato___healthy
0.46303865784497655,0.4981607115694172,0.5358852708835923,0.14703897497240737,0.15686086538789062,0.21801332520129543,209.57739257145542,0.3288109923959903,0.6102998649935334,0.02334461014976073,0.5016626709347001,0.15061208862500458,888.4240751621736,6.962338437728401,0.10629760888536328,Tomato___Leaf_Mold
0.47954479330869115,0.45243128303967783,0.4490560257931077,0.18230154475752547,0.18000983420369415,0.19517818974139553,5.280670159346073,0.16890599087487979,0.49377746342225953,0.0022089642312126227,0.46985626157572175,0.18095781165795594,15852.226563502005,7.360021362192093,0.33235656884630077,Tomato___healthy
0.46183249825330175,0.46035971407376597,0.4591612780590379,0.19458489975516036,0.18256019774434357,0.22238924490096432,228.72161864567417,0.1967372919679813,0.5086407756666749,0.025672797377009875,0.47036629852106476,0.18858865160184174,16194.190232470533,7.438854580539868,0.33717834619005077,Tomato___healthy
0.4600327658066312,0.42804717187367747,0.3989703917999589,0.23335974773947432,0.19518070641515045,0.2316731451618896,51.12539672184606,0.2541104878545932,0.4823649322847931,0.023038354034324176,0.44399893220713044,0.2094237532063034,2111.764619829036,7.245051966055924,0.1639453139634883,Tomato___Tomato_Yellow_Leaf_Curl_Virus
0.3907560157188932,0.401660732073415,0.37869548444941875,0.18966341874186232,0.12673673752305298,0.171983176337503,47.12875365543981,0.21672596291314883,0.4374617135386078,0.059817057366271506,0.40548497375299836,0.14918701607423096,28.467087571644583,6.7764786692919925,0.044224854979113284,Tomato___Tomato_Yellow_Leaf_Curl_Virus
0.49528685683103,0.4497595942445881,0.45866408591464397,0.10550111642662718,0.10904028985259323,0.1101417555082069,352.6983947687211,0.11689296618711276,0.5000800883631318,-0.028484662731389516,0.47409015830805207,0.1052449892802742,442.4424976009367,6.5236340367698595,0.057149049315050784,Tomato___Late_blight
0.34076175564618505,0.4035589015909321,0.47674530391887066,0.14006316027228072,0.13091996285674362,0.20418547974707943,208.3955535821976,0.34589058414708895,0.5078650212149232,0.015557894746561534,0.4028286331539383,0.13839154202180176,1086.937623204566,6.967919467920681,0.09546386865098828,Tomato___Leaf_Mold
0.5085483240494291,0.483325771135915,0.46768930201724407,0.1930123802143736,0.15969411257264404,0.19438224421622616,40.92013549137731,0.17038950577985568,0.5328603184084504,0.016361043120522983,0.4987875216846695,0.17214203137593537,5042.87321835374,7.238503588427281,0.1829272475572383,Tomato___Target_Spot
0.3555144416698972,0.3597434676118977,0.33219080810740825,0.1729226346928282,0.13706199053284912,0.17755705999019009,29.973480217939805,0.21776683882486148,0.39063091038270875,0.05772877138366271,0.36504077848246,0.1499888326569107,0.0,7.0395321740577,0.050374146971300784,Tomato___Tomato_Yellow_Leaf_Curl_Virus
0.3864859687695066,0.42442869309865305,0.3621519172687852,0.1098093699533148,0.11261368516442566,0.11903508888366085,178.21548461247104,0.18845860914003176,0.44731826542421266,0.1261666457008319,0.41568708356668854,0.10536419856982498,4556.313763385541,6.624420576232174,0.1724749770494258,Tomato___healthy
0.49030268663258947,0.46482717160664866,0.4525015914936387,0.10610645374838545,0.09128812674042969,0.1164135946500526,6.121734612471073,0.13824971274148745,0.5149845874170869,0.012797253469725139,0.48074206646730805,0.08980894345479279,0.0,6.259255493152659,0.026768800291613288,Tomato___Late_blight
0.34748283499570287,0.35914870266400645,0.3346384430427873,0.16683549544398024,0.11369038346764831,0.14684065567138058,76.29785155583043,0.2223209466100864,0.39344967363878175,0.06212328773250152,0.36256927188684845,0.13167161006169587,0.0,6.636014457331064,0.021153565916613288,Tomato___Bacterial_spot
0.5165124284634153,0.46076326732121775,0.4536010289688432,0.10254709533039763,0.09942287925240784,0.1265171183812843,0.492919915205448,0.1726782496334247,0.5248657858233063,-0.022639825676779263,0.4863186472301712,0.09614812094407349,302.22765854480247,6.310696416431067,0.058537599119738284,Tomato___Late_blight
0.4694927083859006,0.4442603803106434,0.4121499622364366,0.21410670241896346,0.20742749396321564,0.22718938575866085,35.159423821455434,0.24029374376546664,0.4866534268717377,0.03282521318902541,0.45784705814173127,0.2098459627075699,21152.929680262827,7.53762613730037,0.33446228173692577,Tomato___healthy
0.3561860668072263,0.39612095717870066,0.19442936425402996,0.12777306249920561,0.13950886550900726,0.16670309888007503,83.46105956364293,0.5001124765039615,0.4168852960924713,0.2675735692333179,0.37089040812303925,0.12227305281596451,0.0,6.6968643821219676,0.039677735838488284,Tomato___Tomato_Yellow_Leaf_Curl_Virus
0.36959818476529516,0.3579320228525288,0.33022683506205913,0.17286641261164382,0.1401990723943451,0.18557747589232784,34.04977416325231,0.255502673542612,0.3968156671385376,0.04198623847474624,0.3679646545295944,0.15267531830506592,1322.0569882857571,7.053996442612345,0.10065185693223828,Tomato___Tomato_Yellow_Leaf_Curl_Virus
0.4519631015667478,0.4963905132242329,0.32343899851039287,0.10591758153025344,0.12383599552867203,0.17651424692752224,99.46060179997106,0.3319645549417667,0.5140410458902924,0.24332610171546507,0.47309306200792695,0.10315147299008637,0.0,6.24969039760822,0.024312135252550788,Tomato___Tomato_Yellow_Leaf_Curl_Virus
0.5046851086029569,0.48959871296368906,0.389896836330446,0.20055211445872023,0.16027776125428467,0.21347466992022854,62.68734740543981,0.33352995172750277,0.5403995907168,0.11056264888753463,0.49244636234095,0.17361413199143677,2565.5504725297405,6.924642471388741,0.1649676528306758,Tomato___Tomato_Yellow_Leaf_Curl_Virus
0.3864859687695066,0.42442869309865305,0.3621519172687852,0.1098093699533148,0.11261368516442566,0.11903508888366085,178.21548461247104,0.18845860914003176,0.44731826542421266,0.1261666457008319,0.41568708356668854,0.10536419856982498,4556.313763385541,6.624420576232174,0.1724749770494258,Tomato___healthy
0.4428811716446439,0.5267889416643269,0.3029704058666551,0.10021931788508132,0.1182818484639862,0.1800875602829681,103.10290526676793,0.4031136061311893,0.5455755388598054,0.33367342155685,0.485888003671669,0.09291375685172348,0.0,6.374782823005883,0.044499513182238284,Tomato___Tomato_Yellow_Leaf_Curl_Virus
0.5072908150562803,0.5567060625978596,0.38561933880046245,0.1504796232897444,0.1463951242303589,0.18478832529666286,99.90200804997106,0.3194951440454654,0.5745019113878815,0.24644905727614927,0.5321298235302201,0.13923347253041535,0.0,6.972410980790035,0.048771974119738284,Tomato___Tomato_Yellow_Leaf_Curl_Virus
0.4038139032730619,0.4144206858106739,0.3685347700615251,0.15543235203806594,0.11807253185269623,0.16529920087935787,62.065307610517934,0.2143180544735126,0.4454793429236023,0.08243992578496505,0.4157211178188553,0.13183120149808197,393.0249882835386,6.810109193462927,0.07919799951036328,Tomato___Bacterial_spot
0.4657050120243589,0.4564792430826313,0.4454613292713487,0.15501783153597548,0.1378213686084488,0.18563141809584957,327.8690490655961,0.17104329422723574,0.4966624772410004,0.02773930903782416,0.4676845663433304,0.14583596843915253,927.3287214247001,7.011453747778452,0.11003601220567578,Tomato___Early_blight
0.3878428089031736,0.3943285561033375,0.3332491779823625,0.2021461512762709,0.15957365158555298,0.19251056896331173,68.58102416325231,0.2957852210165195,0.4375932013849823,0.0935123528193431,0.39512911375811005,0.17233759421544342,3652.6773632186423,7.189225313523221,0.1951800551744258,Tomato___Leaf_Mold
0.4509915756592313,0.42991440658055613,0.4009799922008836,0.18987790605608657,0.15255715671536713,0.1946773766148315,47.735839837080434,0.2160032714964084,0.47857020257516786,0.03380441319455672,0.44262078341295624,0.16633206862645417,830.0549517619846,6.959669313076492,0.09248840478380078,Tomato___Bacterial_spot
0.470128838957266,0.43698113326512644,0.35427879934504863,0.21846682688776686,0.1943084073400238,0.23180093752028805,56.008239739424184,0.3408699061037235,0.4862210249762146,0.07550183337440063,0.4471670680885544,0.20263719815449982,3568.204270345993,7.228864811911934,0.2034350600572383,Tomato___Tomato_Yellow_Leaf_Curl_Virus
0.5004163729557554,0.47907959584676096,0.448544319917711,0.17982021829668715,0.1563992721175888,0.1848928718435989,46.166931145674184,0.18757209435712618,0.5281730687479584,0.03514556985606719,0.491681038702034,0.16410610336499482,8648.52766140168,7.244401178187039,0.25560485986192577,Tomato___Spider_mites Two-spotted_spider_mite
0.547221933544592,0.5234748042055256,0.49869203214839336,0.2760468508917494,0.2737563920354584,0.28864544020774224,43.76248168278356,0.18957206860791964,0.5651350414614289,0.026982780809302814,0.5374528163318864,0.275145980302861,2168.2933664937927,7.443092746628241,0.1323138442369258,Tomato___Late_blight
0.49929020279736913,0.47425328855000803,0.45054867510989544,0.19046109280173018,0.17368734601495056,0.2035173116791473,39.783264153486684,0.18557450429212374,0.5205372369150727,0.0246147925805049,0.4887397879009476,0.18001047033505707,8028.81295476588,7.302476923142285,0.2300006118150508,Tomato___Spider_mites Two-spotted_spider_mite
0.4008420454868833,0.41750921968900034,0.46179800872996685,0.1384045865255995,0.13861281398293762,0.18279769407393795,216.6595153741898,0.25318855301152987,0.5003768598894685,-0.001674483266870492,0.42727747496416474,0.13910126942830353,2185.689691835917,6.94234718673345,0.1463214125963008,Tomato___Late_blight
0.48640713566632665,0.5354232109018452,0.30625936036303875,0.16318360826555922,0.17106165710446625,0.19279948757769924,94.25170897770543,0.415293785488718,0.5531230962137788,0.30412716072310975,0.50434559520533,0.1534630234880951,0.0,7.1326887389395806,0.07300293115098828,Tomato___Tomato_Yellow_Leaf_Curl_Virus
0.4851512061962644,0.47516535882436106,0.43796640281871196,0.14085046312395766,0.14185339931008606,0.16568941758754116,218.7041473321976,0.21041146174680514,0.5196192657808869,0.05316034358253051,0.4836133116131058,0.13948415476517945,244.07406327328215,7.02288784580787,0.09555542138536328,Tomato___Late_blight
0.5194532024273435,0.5059765494295246,0.45061617737010357,0.16798671445433333,0.15919948342797546,0.21934685991885525,292.7179260187211,0.2930052305818729,0.569047907576999,0.06783086460341979,0.5133978122120133,0.15934483963685303,2899.58133341176,7.029440620130509,0.1467181411119258,Tomato___Leaf_Mold
0.3706978904614011,0.42698173884831736,0.2548418903847062,0.1273339997846289,0.11583811018225937,0.1864378838408218,99.87094115543981,0.41535708562146945,0.44484100698038026,0.25437087219466736,0.4002317183857193,0.11205125111775666,0.0,6.667927687348777,0.06497680810411328,Tomato___Tomato_Yellow_Leaf_Curl_Virus
0.5410322296032468,0.4898073590227253,0.44794734959796306,0.21276038250509932,0.17818853977677612,0.20329115675570827,52.68667601872106,0.24486676112424655,0.5583538210253327,0.01658232722689677,0.5100544088726273,0.18964906293587952,5263.945888031177,7.314813759121549,0.2131091323228633,Tomato___Tomato_Yellow_Leaf_Curl_Virus
0.4323613392719785,0.41570892099820445,0.3978397512932145,0.18581722042147353,0.1379640323257187,0.16690861569526058,57.70358275700231,0.18777595714341921,0.46131403206392213,0.027163848544259555,0.4283537262325516,0.15442426759438782,424.70224036848674,6.848835611897006,0.06996643212755078,Tomato___Bacterial_spot
0.43629554385037816,0.4760285234876759,0.4127467239399278,0.10612245014492705,0.10535651418921738,0.11541221426608425,95.42572020817418,0.18092692152272982,0.5016611313681214,0.1289618800233798,0.4666370743160477,0.09821097809510498,3452.5183181661605,6.5067804738481225,0.1338092055650508,Tomato___healthy
0.46625638479085363,0.4642951405473835,0.4410018885631883,0.1730641063172026,0.1325117719506958,0.17807852612616878,24.799407952314805,0.16099895790826602,0.5003011321882813,0.0472791830848651,0.4719289534931412,0.14692440885739594,66.3086756664751,6.944079084221001,0.08301269677598828,Tomato___Tomato_Yellow_Leaf_Curl_Virus
0.46496397727818883,0.4962398326822407,0.4286364281673753,0.1358498271423979,0.16159325066563873,0.14231174574973446,43.19253539372106,0.16280299679052157,0.5189928805689423,0.12482637565841247,0.4888843887691727,0.14490613598065644,852.8743993471334,7.079605510854765,0.08817016747911328,Tomato___Late_blight
0.5069609331497709,0.4513300872274525,0.42141258363917705,0.15223883947912886,0.14469715181348114,0.1855862824785934,324.0388793878617,0.27984133616697116,0.530171433673343,0.00023381438364554127,0.4742559486274948,0.13747729617791443,2438.981954706037,6.897678490594019,0.12109863427598828,Tomato___Septoria_leaf_spot
0.3877126919636289,0.33872198228322337,0.3080290520687425,0.23355776927057936,0.211796916756604,0.23078980432631832,47.80538939762731,0.33089384690534396,0.3933199143271057,0.007649353037376887,0.3595740490799179,0.2194202418966797,2394.1126174255232,7.246113779980443,0.1433764663072383,Tomato___Late_blight
0.5203352915653745,0.49479161862813303,0.44007774834826824,0.26758615037981703,0.2329829109048584,0.28105887161376336,54.10012816715856,0.2972703601480655,0.5457019007067292,0.055117350335021506,0.5058946007137528,0.24714169162946015,4952.367264676742,7.5533369601929214,0.2081042495103633,Tomato___Tomato_Yellow_Leaf_Curl_Virus
0.3503291057953397,0.36521803502522776,0.3209139073391282,0.18558948597494795,0.13587174538132935,0.1861765323746429,61.023010247236684,0.27514556304227633,0.3998020684580414,0.08514025461186935,0.3654184037094345,0.1537006076021698,194.34623244977126,7.048132086118523,0.048527833494738284,Tomato___Tomato_Yellow_Leaf_Curl_Virus
0.4999466883549253,0.43112292055569956,0.37829950099185344,0.20991686842028334,0.17895921293256073,0.1936981915104614,54.62503051090856,0.3158319021822147,0.5134806430201142,0.009946726525922305,0.45538219746401215,0.1875319953604248,7378.903911152757,7.285105380374433,0.2382556166978633,Tomato___Spider_mites Two-spotted_spider_mite
0.3715446042427579,0.3680766141840107,0.3622967863579118,0.18421336373869612,0.1412550878858307,0.17687336491229397,21.72949218083043,0.19698976234208865,0.40448663590951844,0.02825895350684691,0.37815743621637726,0.15673527378278046,0.0,7.021633180327081,0.050282594236925784,Tomato___Tomato_Yellow_Leaf_Curl_Virus
0.4871970164188901,0.46172677640401194,0.4521499836941087,0.22726658842150405,0.21611715081689148,0.24179015444400173,14.715820305830448,0.2037635918022327,0.5080527460436433,0.01005371872593928,0.477953433359169,0.22044898826318055,8644.457535779238,7.546634679276207,0.2389270034166133,Tomato___Spider_mites Two-spotted_spider_mite
0.501357858122305,0.4679899728723652,0.44768076782420513,0.18060297629419997,0.13605418029782562,0.18492693589808804,39.273193352705434,0.1806489105583362,0.5212607180933564,0.01288856033494044,0.48535454210092926,0.15395556647019654,1282.6414867135654,6.854861835360379,0.08183777001817578,Tomato___Septoria_leaf_spot
0.3896709429630796,0.39170711402379343,0.3611891830463731,0.18687094113413527,0.13533145907876282,0.16784123467089992,75.12643431950231,0.22262722507726473,0.43134478686853334,0.058501336986918936,0.39732202824404145,0.15288771945672303,246.56563839516173,6.935586832950219,0.058919068846300784,Tomato___Bacterial_spot
0.5160874473461667,0.5408509290643818,0.4054881299038255,0.0975577842313452,0.10268721703049927,0.16899474846007687,107.67160033512731,0.2402829553247623,0.5585237538675873,0.1860735605310397,0.52771806653788,0.08585264045434265,0.0,6.15471812715773,0.030140992674425788,Tomato___Tomato_Yellow_Leaf_Curl_Virus
0.45496777170987523,0.43420591120206187,0.39380803351596233,0.19457312783781722,0.1567778808212021,0.20545099066378933,41.367919915205434,0.2411563421846561,0.4815782105784027,0.04558318507184554,0.4455111616497269,0.17069854098992615,6200.278815230257,7.211919108688173,0.26286804345567577,Tomato___Tomato_Yellow_Leaf_Curl_Virus
0.5020104693779508,0.4737686729856617,0.42229079847529766,0.13675273320261672,0.14594420019147186,0.18046426163794857,335.1556701593461,0.29152280346166415,0.5377796685556977,0.04918329444040824,0.48604732688715363,0.13194580632882386,3678.8087967309593,6.780656803242775,0.1609088149400508,Tomato___Septoria_leaf_spot
0.5436228262791196,0.5877778447099812,0.40683710222438213,0.09363130590502455,0.10650584820267944,0.16081125424983364,98.84481810856481,0.29151019707929415,0.6054100787500947,0.2510428766559558,0.5636510246639481,0.08405396599011689,0.0,6.120422055851727,0.021779176268175788,Tomato___Tomato_Yellow_Leaf_Curl_Virus
0.4295786368259946,0.42910130981885264,0.39352392797664043,0.15200848242823317,0.1148825583195427,0.15527665005805355,57.531433098799184,0.2032578165889911,0.4716282880167572,0.06104727488269378,0.4348910146599045,0.12659728783803254,798.8772554417563,6.792528429850788,0.07159912255723828,Tomato___Bacterial_spot
0.46103552454801,0.44565804962598154,0.4211382830639207,0.2138299729544325,0.1724035513734558,0.20182781802298885,64.27371215153356,0.20642406002294345,0.49299318550630494,0.035089440907140265,0.4571634822731247,0.18670714158253937,4290.52946189595,7.382519254339514,0.1851245131822383,Tomato___Spider_mites Two-spotted_spider_mite
0.444197510422186,0.47788195971928904,0.432713385870012,0.09851470700089171,0.06450656402466087,0.1041300235855804,330.7964782648148,0.1426354225040607,0.5024621581892579,0.10480014633645583,0.472363948190712,0.06704301271276741,0.0,5.879690406190709,0.020375367674425788,Tomato___Late_blight
0.46625638479085363,0.4642951405473835,0.4410018885631883,0.1730641063172026,0.1325117719506958,0.17807852612616878,24.799407952314805,0.16099895790826602,0.5003011321882813,0.0472791830848651,0.4719289534931412,0.14692440885739594,66.3086756664751,6.944079084221001,0.08301269677598828,Tomato___Tomato_Yellow_Leaf_Curl_Virus
0.4891766654858152,0.48432477478467295,0.3836329544086778,0.13004607072655394,0.1289719936585167,0.1893925009834991,85.71923827458043,0.26670038954030795,0.5157114660601227,0.1217871348213153,0.48399943050196076,0.1281937162919548,77.52408692044708,6.725123605435908,0.07393371728380078,Tomato___Bacterial_spot
0.44280335778088964,0.4434085405298359,0.3312812412281358,0.08895510545555785,0.07469419363496094,0.13660650836112362,48.633544915205434,0.34510055438291354,0.4949229156832306,0.13867958288898038,0.44014787610819245,0.0634102399988678,0.0,5.687910757632049,0.043660279783800784,Tomato___Septoria_leaf_spot
0.46570799225659765,0.46217211250745127,0.42529320364192363,0.13403254112784102,0.12715537074563293,0.18646633015754085,20.975128167158555,0.1979865159155063,0.4972137307982056,0.05929018210877944,0.4687279456501236,0.1326045121593979,393.0704166217664,6.779504674664039,0.08675110009630078,Tomato___Early_blight
0.4949497925648252,0.5165883815714009,0.36833014731601116,0.10133840254131987,0.10697116676327972,0.15212772177340847,88.47738646793981,0.272344532168024,0.5352160131792634,0.1958440433095889,0.5029198521023026,0.08895267057853012,0.0,6.277381948950909,0.035664674315050784,Tomato___Tomato_Yellow_Leaf_Curl_Virus
0.601594184578375,0.6336932099290974,0.4794913495083177,0.07453781476799681,0.0972959322070816,0.12235149131896358,82.06082152653356,0.2355083699585132,0.6528503692011445,0.2122479866098361,0.6162194007282487,0.07202381897406845,0.0,5.813104933779181,0.026204225096300788,Tomato___Tomato_Yellow_Leaf_Curl_Virus
0.6136920797237913,0.6013943469949848,0.4760813677807176,0.10405166557614043,0.10255546096322327,0.1663481234181152,39.807128899580434,0.27212044850599093,0.6530797278742402,0.13896236222495603,0.6004885428791276,0.09035057831244736,233.6256981102241,6.314077752604585,0.048787232908800784,Tomato___Septoria_leaf_spot
0.4832445132145444,0.4622355020471699,0.4547420704861009,0.1967946227509184,0.1683934104776123,0.19933938370826107,19.521209710127305,0.19240296140920443,0.5156315958361237,0.012431636716027743,0.47736579116632843,0.17733495194154053,6980.30826426474,7.29765317399595,0.2406665053697383,Tomato___Target_Spot
0.383233611525015,0.4051392293401844,0.40254082923129436,0.13471817335669234,0.13431275609490662,0.16305234418990475,178.00430297184604,0.2718080903650455,0.47117886899515077,0.05045114856471587,0.4079960876350632,0.1314932729645279,560.008739235015,6.881852161001267,0.1293688979478633,Tomato___Late_blight
0.47140849107594884,0.45125757817708323,0.432148155023607,0.2501797910648985,0.2209224325751999,0.23633743213298183,70.39843749333043,0.2097024048925571,0.4989985024790375,0.024905670697589404,0.46480703290750885,0.2301280077143219,5259.749032450044,7.563915703629477,0.2275744643541133,Tomato___Spider_mites Two-spotted_spider_mite
0.4691417860397855,0.4836224830576069,0.44896518831447,0.18840710184160903,0.1877125275468567,0.21704904125811916,140.65200804997104,0.23988148823987765,0.5289181864122956,0.07508518200625945,0.485044657552742,0.1877081270857361,17665.725173032046,7.399030839417376,0.34966003564317577,Tomato___healthy
0.47576252096982397,0.494051507753957,0.3689460123081529,0.08285974821631148,0.09887900176999359,0.1446706740725265,78.70816039372106,0.24514302865278048,0.5133065974573701,0.1693417171787219,0.48402386840631867,0.07895619678931504,0.0,6.141495659749865,0.029149171385363288,Tomato___Tomato_Yellow_Leaf_Curl_Virus
0.45201087468953527,0.4582413053938038,0.3973558807869279,0.1806956466156645,0.14480587068555145,0.1970989196169601,55.21353148747106,0.24684223786603732,0.4949718510965912,0.09306303810586501,0.4591403299217453,0.15747382003503113,4687.281306687645,7.090137061808767,0.25224792626817577,Tomato___Tomato_Yellow_Leaf_Curl_Virus
0.4988894211658994,0.47992276315175364,0.4824353123207414,0.19178559741560652,0.17561645034310608,0.2020830004084335,7.355773919111698,0.1467352087856464,0.5225578343729584,0.004467923457522876,0.4955829971676102,0.1819102342768219,12358.911386486045,7.3662157572469384,0.2487078872056758,Tomato___Target_Spot
0.5060428726086179,0.4804622745939381,0.4897359872360551,0.12796085438315108,0.10812514248845367,0.17493572221877438,306.4395141534867,0.21041551486264987,0.5502465760569184,-0.008907150213818067,0.49887090858271027,0.11205794918971329,658.6874509825328,6.482653940814111,0.060811158690050784,Tomato___Septoria_leaf_spot
0.4600327658066312,0.42804717187367747,0.3989703917999589,0.23335974773947432,0.19518070641515045,0.2316731451618896,51.12539672184606,0.2541104878545932,0.4823649322847931,0.023038354034324176,0.44399893220713044,0.2094237532063034,2111.764619829036,7.245051966055924,0.1639453139634883,Tomato___Tomato_Yellow_Leaf_Curl_Virus
0.46183249825330175,0.46035971407376597,0.4591612780590379,0.19458489975516036,0.18256019774434357,0.22238924490096432,228.72161864567417,0.1967372919679813,0.5086407756666749,0.025672797377009875,0.47036629852106476,0.18858865160184174,16194.190232470533,7.438854580539868,0.33717834619005077,Tomato___healthy
0.4739451753506223,0.465274355454076,0.4852949047584855,0.19121951720301344,0.18446245018002777,0.21801772104384762,259.18537902165076,0.19512884572755618,0.5243131911615937,-0.0027442199338478974,0.4798520797138443,0.18824331719117432,14397.480146167003,7.390637870784546,0.31299316552598827,Tomato___healthy
0.3821309255966703,0.37384190325223277,0.34481054191783306,0.17000106832567885,0.13396582725999145,0.1766204177010284,40.624999993330434,0.22249511138212008,0.4096785580973236,0.04668947335590888,0.38271355565836335,0.14743417758183747,1235.650094335103,6.9983042496277506,0.09427368310411328,Tomato___Tomato_Yellow_Leaf_Curl_Virus
0.43349281424374975,0.44302069310628245,0.43460178022578594,0.20752044877592757,0.1700828147268036,0.19654265926959377,62.080261223799184,0.14967130378495974,0.46932170747323915,0.04389382552613784,0.44891488488962555,0.183549734537175,1015.3851916241882,7.0758613645227895,0.08414184716661328,Tomato___Bacterial_spot
0.3994018482574979,0.4266045606561787,0.2944157684345567,0.147512623282115,0.1567955237960556,0.17857141183497768,96.93472289372106,0.30468970791112704,0.44467444180055543,0.18533856075515318,0.41310420569231415,0.14492234844403534,0.0,6.895638991699681,0.029317018065050788,Tomato___Tomato_Yellow_Leaf_Curl_Virus
0.39691389077992834,0.42470695738278696,0.39915245418742534,0.1815644588190718,0.13227527562138824,0.17060888694407803,94.33474730778356,0.19677411273729128,0.45357246159120485,0.07929469298829604,0.42318639096071625,0.14962148923115998,943.0475324894259,6.827339770292642,0.08456909326036328,Tomato___Bacterial_spot
0.48966861242146886,0.46657996539555857,0.48026570325091716,0.17682414612356856,0.17088345411774902,0.19569111751201015,317.61791991520545,0.15402555719625277,0.5150883591036408,-0.010827188116709702,0.48474645551493073,0.17365274090009003,11687.03727157963,7.231638436233315,0.30849182275255077,Tomato___healthy
0.3691620575794736,0.3626243985124714,0.35307836179927227,0.18992180487696364,0.14215681675431519,0.182021537290834,32.30838012028356,0.21895385042440219,0.4024471735815613,0.02895558279265929,0.37319374021341706,0.15967253107266693,263.5025434094904,6.934611481376831,0.052937623533800784,Tomato___Tomato_Yellow_Leaf_Curl_Virus
0.416086976469473,0.3840666330286152,0.32296090965464946,0.24893824121538832,0.21837409559247284,0.24040541933657986,66.65460204411168,0.3794472242952518,0.4396049773554413,0.05503262233247329,0.39637747343828583,0.22782774526315003,6214.7231311312835,7.394453266084915,0.2227221694322383,Tomato___Spider_mites Two-spotted_spider_mite
0.37333757156224645,0.3810112393327839,0.35103350525096294,0.18566963932100966,0.13080319735762863,0.17945187674643856,54.893798821455434,0.26053706065427584,0.4243955409388153,0.06359860699882079,0.38500216540148163,0.14936821419434815,564.4535453525795,7.018793936873251,0.12152588036973828,Tomato___Early_blight
0.44580764049382604,0.46568339232884715,0.37451073174670574,0.13605683407370284,0.13058257821557312,0.1860542236435638,77.45126342106481,0.22227065519105715,0.48484907506509706,0.1369954834531741,0.4590497010593643,0.12861607480483322,0.0,6.795288746113445,0.036961671385363284,Tomato___Tomato_Yellow_Leaf_Curl_Virus
0.4798665391811887,0.47283639673672984,0.4597529435654008,0.21765289566103652,0.2083431107139328,0.24431475387694698,334.2016296320023,0.23536221936952395,0.5188503062586396,0.03200052332391311,0.4831497364883652,0.21286636847691803,12103.800636164746,7.465509620081207,0.30017578271348827,Tomato___healthy
0.5479674684414426,0.5718707359262593,0.4910915458698594,0.07851064315621092,0.11085263613221435,0.11350913481595379,187.3988952570023,0.1627752955318622,0.5969468748430817,0.1306294540714221,0.5652176135425797,0.08666979778247147,263.27478376230727,6.27474085757914,0.057744142088488284,Tomato___Late_blight
0.46103552454801,0.44565804962598154,0.4211382830639207,0.2138299729544325,0.1724035513734558,0.20182781802298885,64.27371215153356,0.20642406002294345,0.49299318550630494,0.035089440907140265,0.4571634822731247,0.18670714158253937,4290.52946189595,7.382519254339514,0.1851245131822383,Tomato___Spider_mites Two-spotted_spider_mite
0.6240955340275327,0.5768026626535542,0.5354944432278,0.2111519660669966,0.20047893348691254,0.23042450235965115,42.24179076481481,0.185919287359827,0.6331339275698273,0.019962422813077457,0.5959369533901444,0.20533167082505493,7063.224653167553,7.4027303541562945,0.2403002944322383,Tomato___Late_blight
0.5072908150562803,0.5567060625978596,0.38561933880046245,0.1504796232897444,0.1463951242303589,0.18478832529666286,99.90200804997106,0.3194951440454654,0.5745019113878815,0.24644905727614927,0.5321298235302201,0.13923347253041535,0.0,6.972410980790035,0.048771974119738284,Tomato___Tomato_Yellow_Leaf_Curl_Virus
0.4095307933697263,0.41181378726445506,0.3884113991756761,0.19767781457487776,0.17775233808514862,0.22016324983718258,55.888732903486684,0.22643214718114657,0.4501424825052826,0.0516325461517768,0.4181661003475418,0.18626864511208802,2155.8247486165683,7.237316441102606,0.1683398452134883,Tomato___Early_blight
0.49030268663258947,0.46482717160664866,0.4525015914936387,0.10610645374838545,0.09128812674042969,0.1164135946500526,6.121734612471073,0.13824971274148745,0.5149845874170869,0.012797253469725139,0.48074206646730805,0.08980894345479279,0.0,6.259255493152659,0.026768800291613288,Tomato___Late_blight
0.4646344828018705,0.48974262837849925,0.40431421642497417,0.1349365200716658,0.12488627407309799,0.17877858267905575,102.40002440739293,0.21939714506875796,0.5099718963961213,0.1364837626766162,0.4821992510204544,0.1257523174925354,0.0,6.676208122321319,0.040227052244738284,Tomato___Tomato_Yellow_Leaf_Curl_Virus
0.5129344808468381,0.4807225978799946,0.44563722257808086,0.17970294615809157,0.1358991933202484,0.18094264851691585,37.62765502262731,0.20466779426347537,0.5413482582430451,0.028820775712628848,0.49605709251215363,0.15030499059396057,5590.042199981534,6.98218526077285,0.2328540053697383,Tomato___Leaf_Mold
0.42442471259923376,0.44208016161404917,0.3895913923282945,0.17592454812113478,0.12643180761096268,0.19538913057925564,62.24252318668981,0.2935170258642368,0.48858875988527223,0.09609139364471007,0.4405203157310715,0.1428336824818161,4341.0052449974655,6.985879314514215,0.1888018813463008,Tomato___Septoria_leaf_spot
0.3671482252487699,0.4109740174242146,0.32231938486293193,0.20617095491472914,0.1760949713325241,0.20332191275241238,87.63766478825231,0.3401471699834995,0.4442053532461731,0.1584275702785449,0.3974663012867203,0.18244749564366608,3070.257113492252,7.2557810558034515,0.1974688735338008,Tomato___Tomato_Yellow_Leaf_Curl_Virus
0.5232640253910581,0.49130242232762644,0.4722428882618272,0.17027136048857405,0.15460059765336304,0.18351698802592617,22.46673583317418,0.16918745890867037,0.5417385494570344,0.01304509703328181,0.5083889358883134,0.15977584082322388,8698.796846590838,7.207956134172629,0.25659668115098827,Tomato___Spider_mites Two-spotted_spider_mite
0.517029439152197,0.5112160957285053,0.5110930169124924,0.21884229144636824,0.1928496432637909,0.23912947760703426,296.3534851007523,0.1720204527736835,0.554675976024112,0.020256940538783557,0.5226430290584794,0.2043459590120819,7274.429965647073,7.4409966393367215,0.2338458266588008,Tomato___Target_Spot
0.34927151078076757,0.36932199363194773,0.34084081297114727,0.16480309626642897,0.12004757646081238,0.16207481311442715,78.58575438786168,0.21661751226198,0.39351342080636903,0.0744788463067012,0.36978283461382294,0.13621370751099854,1072.3885021415963,6.810942953913403,0.09549438622911328,Tomato___Early_blight
0.5023799883732358,0.47605841521703074,0.45553850774958965,0.1852880503851576,0.15998417857644348,0.19305644320132595,32.85415648747106,0.18303758159887118,0.525866845832309,0.020145582298536784,0.4912921183948746,0.16907960433202057,8720.734475782043,7.276736972953352,0.26057922509630077,Tomato___Spider_mites Two-spotted_spider_mite
0.4574570404896299,0.48018746737920115,0.45377528314784404,0.08960159978453353,0.09645196768996506,0.09274532781722408,209.69908141422886,0.12027874842893405,0.5082695579390137,0.07508985352029372,0.4800829285030594,0.08905273932652741,1855.7629119364037,6.348703510653475,0.08290588525255078,Tomato___healthy
0.39209309691281713,0.3937939918466694,0.3787059748668992,0.1621206041294737,0.11871243986842422,0.15689680861117702,46.86441039372106,0.18157084540139956,0.427757064090213,0.042736009026666175,0.40126824315836335,0.13438353199200898,0.0,6.642974981934453,0.048131104979113284,Tomato___Bacterial_spot
0.3952923762211362,0.44220223192654917,0.5953927004833542,0.11152298858944609,0.12218099061009674,0.19043580578448635,228.75108336735386,0.3509323622347049,0.6104382073740571,-0.08033353436479997,0.45534273918917084,0.12297106045918732,207.87099840319286,6.479933362434813,0.07306396630723828,Tomato___Leaf_Mold
0.42182395333142675,0.42806097034894297,0.32348531131938335,0.1960992898661299,0.17937643054482727,0.1996195106375442,66.11752318668981,0.34218028441678805,0.4637523090700714,0.13675973218192625,0.4239772849922409,0.18066999572949677,4773.382428022237,7.155966268894343,0.2218219008775508,Tomato___Tomato_Yellow_Leaf_Curl_Virus
0.40526044839711584,0.40803538922749827,0.3712307179470384,0.2453030582386656,0.23100148859975128,0.2535594789850936,64.83236693668981,0.28113904849302096,0.44636739252611085,0.0655267800044017,0.41271278199007416,0.23562442022996216,1809.0184882480144,7.548469263400822,0.1424304213853633,Tomato___Early_blight
0.47347230190129674,0.4518830097147114,0.45198800807193157,0.2624687041956587,0.23222085062024383,0.25641598688247064,23.85302733708043,0.19778520122777743,0.4993666803698151,0.004252805637915618,0.46805301245500947,0.24280967075066834,3678.562279673196,7.3296672914142365,0.1621905532213008,Tomato___Early_blight
0.42872211808057226,0.4165528333612568,0.4630335534115159,0.20455550512854292,0.2024008703565338,0.23214803026797634,257.7000579767289,0.2238342191339664,0.49050191997095033,-0.032702788447241296,0.4351930611973038,0.20469348389344483,12517.300213182247,7.368366923110823,0.27640258935411327,Tomato___healthy
0.5060428726086179,0.4804622745939381,0.4897359872360551,0.12796085438315108,0.10812514248845367,0.17493572221877438,306.4395141534867,0.21041551486264987,0.5502465760569184,-0.008907150213818067,0.49887090858271027,0.11205794918971329,658.6874509825328,6.482653940814111,0.060811158690050784,Tomato___Septoria_leaf_spot
0.37440541857571996,0.3813690460153706,0.3346161509056413,0.18167767784182265,0.1395327371692398,0.1929768560993896,52.235961907392934,0.2648299361826114,0.4139588570456116,0.07966360103597213,0.3836598986034622,0.15570698935227661,1797.0693542716517,7.113815296026721,0.11774170068223828,Tomato___Tomato_Yellow_Leaf_Curl_Virus
0.4400786208519498,0.42740731601201365,0.40413796549037334,0.1588811810928984,0.1264261973237732,0.16558840261580807,36.84054564762731,0.17684959129106326,0.4667531943182556,0.03654519494881202,0.43824613031198884,0.13804181176858216,447.9017862900117,6.777999236246392,0.08623230126817578,Tomato___Bacterial_spot
0.34076175564618505,0.4035589015909321,0.47674530391887066,0.14006316027228072,0.13091996285674362,0.20418547974707943,208.3955535821976,0.34589058414708895,0.5078650212149232,0.015557894746561534,0.4028286331539383,0.13839154202180176,1086.937623204566,6.967919467920681,0.09546386865098828,Tomato___Leaf_Mold
0.5371054160007993,0.5650716937013752,0.5230563843746506,0.2133240636307402,0.17608512166497498,0.2363232164252029,156.04959105778354,0.1939458425403766,0.601272085891208,0.09592876237144042,0.5616228574161759,0.19150445121960907,10824.119600256108,7.413149775520105,0.26691162255723827,Tomato___Septoria_leaf_spot
0.4891766654858152,0.48432477478467295,0.3836329544086778,0.13004607072655394,0.1289719936585167,0.1893925009834991,85.71923827458043,0.26670038954030795,0.5157114660601227,0.1217871348213153,0.48399943050196076,0.1281937162919548,77.52408692044708,6.725123605435908,0.07393371728380078,Tomato___Bacterial_spot
0.4798665391811887,0.47283639673672984,0.4597529435654008,0.21765289566103652,0.2083431107139328,0.24431475387694698,334.2016296320023,0.23536221936952395,0.5188503062586396,0.03200052332391311,0.4831497364883652,0.21286636847691803,12103.800636164746,7.465509620081207,0.30017578271348827,Tomato___healthy
0.422472451866583,0.42673300866566966,0.487426635076555,0.09636318049017623,0.1013116535877922,0.13501621173503262,255.33023070622104,0.25784054652463717,0.533127108798465,-0.030486019064883702,0.4420810335521927,0.0896231408758667,843.4861860891295,6.339223112738705,0.08730041650255078,Tomato___Tomato_mosaic_virus
0.46982112997861303,0.4507524288126118,0.44697981720164653,0.19699368736330702,0.17762779417989044,0.2003948329556213,7.064453118330448,0.18730107203733248,0.4978785610060303,0.010651145393748767,0.46572667297174836,0.1835889543934372,6846.676445914335,7.184634084452203,0.2278491225572383,Tomato___Target_Spot
0.47592315548749364,0.4940493619867451,0.3332948947449052,0.09805585554424956,0.10042833510396271,0.132115149365686,112.68017577458043,0.34753439084302706,0.5227687156061738,0.20482775967826414,0.48000645574381257,0.08531667548852234,0.0,6.270746788198264,0.09055053857286328,Tomato___Bacterial_spot
0.35862544649930395,0.4156661248632557,0.4724380934734666,0.13700302800718978,0.12683950338122635,0.19730904089095455,207.36936950016636,0.30214214578878207,0.5008520877222626,0.02621583294381667,0.41478580173303986,0.13561152178483277,424.97262298794965,6.885782647882233,0.07582580712755078,Tomato___Leaf_Mold
0.38685372942777074,0.41767635111295054,0.3608560824890458,0.16105456015650466,0.1024064195489624,0.15878682719352108,76.51278685856481,0.24426630393277926,0.44998157976671144,0.1135899985979991,0.411685704553627,0.12321929890351563,0.0,6.615284303466635,0.038441773924425784,Tomato___Bacterial_spot
0.392944966495947,0.39696841601811717,0.3644107544918382,0.1866209294516249,0.14483187321183472,0.1977949975598083,39.92410277653356,0.25989663854848666,0.4394528066973297,0.0625282789420085,0.4017566436176529,0.1599210824413803,2261.144747963078,7.102533556087049,0.1331988540025508,Tomato___Spider_mites Two-spotted_spider_mite
0.41683188551755346,0.40888600711308787,0.3701417708893144,0.16737381479326918,0.12263892564532547,0.15940892087104183,62.36312865543981,0.22426477328550143,0.45226571916147157,0.05674555551518966,0.4165477746372452,0.13726602751450806,1181.5078533141832,6.935285776912447,0.09770691064317578,Tomato___Bacterial_spot
0.43108603829236425,0.43643470768414805,0.3905419970054948,0.22370983025614455,0.21692761007306366,0.24654934691073757,93.94912719059606,0.3180863286615543,0.48253894804521485,0.07718851071109344,0.43930649694254303,0.2186291541500595,8924.967145237973,7.482840479963813,0.2227679457994258,Tomato___Late_blight
0.5298268544086973,0.513111463827718,0.44742869978145,0.2189739134031935,0.1714856100415924,0.24568516896846157,38.84048461247106,0.2966427828432254,0.5678027069429963,0.07491460096349288,0.5203243487720719,0.1893935676260498,7728.661818055339,7.284688693180417,0.2454119887681758,Tomato___Septoria_leaf_spot
0.4258177327522794,0.416512719435323,0.3837252223987901,0.26147899887148573,0.2470771891212204,0.2739719389546142,55.11380004215856,0.2516950394273929,0.44644204734369203,0.04942959200849105,0.42525994714548493,0.2535229201956299,3403.4594171623658,7.694362903098073,0.1501208510728633,Tomato___Early_blight
0.3469547974476377,0.31836267475568125,0.2986845338840806,0.22192923090044692,0.2046231252288559,0.21276252852561336,51.44528197575231,0.2769286955953769,0.3644256985048859,0.017033150682945735,0.3343712085132828,0.20906806248860627,4961.9172737804665,7.190096724138102,0.1938067641588008,Tomato___Early_blight
0.5153615223774473,0.4920545137354023,0.38181599621966716,0.2443374033886595,0.21569213989732056,0.23969457434298855,64.29754638004918,0.38024878755819125,0.5511926209787934,0.11287863206376601,0.49615889724543,0.22203393537240296,5034.1100457032635,7.401246240987782,0.2218219008775508,Tomato___Tomato_Yellow_Leaf_Curl_Virus
0.42875606292577184,0.3765293276735432,0.3409790957470262,0.17581568023745253,0.1376036030387619,0.170978554950975,48.984191887861684,0.2939929689527683,0.4482797479490845,0.009270731623073108,0.3977952295189133,0.14993496495919495,2649.9181063099722,7.0165866632210045,0.1625262465806758,Tomato___Tomato_Yellow_Leaf_Curl_Virus
0.5436228262791196,0.5877778447099812,0.40683710222438213,0.09363130590502455,0.10650584820267944,0.16081125424983364,98.84481810856481,0.29151019707929415,0.6054100787500947,0.2510428766559558,0.5636510246639481,0.08405396599011689,0.0,6.120422055851727,0.021779176268175788,Tomato___Tomato_Yellow_Leaf_Curl_Virus
0.42932567471356786,0.4439476645418293,0.42941131835177776,0.11917142680470183,0.12102103206870346,0.12096055732848507,216.5685729913773,0.11390900120746417,0.4733035957674591,0.05510544430722762,0.4476213746910324,0.1176096971674469,5482.406766166115,6.772679194086362,0.1857348647447383,Tomato___healthy
0.41683188551755346,0.40888600711308787,0.3701417708893144,0.16737381479326918,0.12263892564532547,0.15940892087104183,62.36312865543981,0.22426477328550143,0.45226571916147157,0.05674555551518966,0.4165477746372452,0.13726602751450806,1181.5078533141832,6.935285776912447,0.09770691064317578,Tomato___Bacterial_spot
0.5646557556995908,0.5435852921434529,0.4949089253444993,0.24645563325468733,0.22766198936459808,0.2559750019180999,59.722595208174184,0.20476779595624728,0.5830656087259858,0.05355299663056899,0.5540390604381791,0.23515792447762757,1939.8131304207682,7.449615108214265,0.1298571791978633,Tomato___Late_blight
0.4812281774887601,0.45069121484242747,0.46071385984614727,0.20265930256430342,0.18119841042516022,0.20228997753741604,1.062133782392948,0.17452995733033938,0.5044367706636994,-0.01461250448341202,0.47066718276789093,0.18797773379521637,11956.797586295655,7.327202906805966,0.28807556298692577,Tomato___Target_Spot
0.49534157389493383,0.4748347020574696,0.4627235794563615,0.2010428991038008,0.1448203099107483,0.18767864392878872,35.65798949528356,0.1687870349050693,0.5267792737345307,0.017551349739332683,0.48928844865610505,0.1651362355394867,1656.6221418286632,6.7665287574589374,0.10582458642442578,Tomato___Late_blight
0.3561860668072263,0.39612095717870066,0.19442936425402996,0.12777306249920561,0.13950886550900726,0.16670309888007503,83.46105956364293,0.5001124765039615,0.4168852960924713,0.2675735692333179,0.37089040812303925,0.12227305281596451,0.0,6.6968643821219676,0.039677735838488284,Tomato___Tomato_Yellow_Leaf_Curl_Virus
0.5498471009144346,0.5239485419222004,0.42724462990954754,0.11342562100474074,0.12093585703131943,0.18623461710097652,5.892059319502323,0.30032441273938937,0.5761779343943207,0.0967525432657199,0.5303707712536088,0.10961286235289841,3702.3883448577444,6.458056693834157,0.1688128676744258,Tomato___Septoria_leaf_spot
0.3717926489719907,0.3958974993654377,0.34867536668971416,0.17160100600306227,0.1256985736226776,0.19513712214114529,216.8475036554398,0.28939047709714694,0.4319317734102814,0.09727409880866576,0.39300963219454194,0.14267400163846283,513.7731070182243,6.813379671256247,0.08966552880723828,Tomato___Tomato_Yellow_Leaf_Curl_Virus
0.5215039002308408,0.549976161760915,0.34487643485263225,0.09353825560394957,0.12179122093674927,0.1571741788256393,93.16046141911168,0.342823686754816,0.5683076774935334,0.2595190743755298,0.527784406507515,0.09426917392449646,0.0,6.362186260441377,0.040547486815050784,Tomato___Tomato_Yellow_Leaf_Curl_Virus
0.40526044839711584,0.40803538922749827,0.3712307179470384,0.2453030582386656,0.23100148859975128,0.2535594789850936,64.83236693668981,0.28113904849302096,0.44636739252611085,0.0655267800044017,0.41271278199007416,0.23562442022996216,1809.0184882480144,7.548469263400822,0.1424304213853633,Tomato___Early_blight
0.5059126066574613,0.5291194832750447,0.42578556781009075,0.17566660902086928,0.12394884947297363,0.21954130517127377,50.16567992497106,0.3266014482141666,0.5748663341860383,0.15248787801971006,0.5201033347492448,0.1414615835590866,4844.129989978993,6.965050959210704,0.1840869155259883,Tomato___Septoria_leaf_spot
0.4892691718945066,0.4971315777727253,0.41287028436854717,0.07850410154644683,0.10181319687125473,0.12353948639514309,84.59402465153356,0.1591316337944202,0.5159649050097077,0.11807085972537566,0.49487778481295014,0.0785605262561348,0.0,5.857811827540762,0.027363893065050788,Tomato___Tomato_Yellow_Leaf_Curl_Virus
0.5371054160007993,0.5650716937013752,0.5230563843746506,0.2133240636307402,0.17608512166497498,0.2363232164252029,156.04959105778354,0.1939458425403766,0.601272085891208,0.09592876237144042,0.5616228574161759,0.19150445121960907,10824.119600256108,7.413149775520105,0.26691162255723827,Tomato___Septoria_leaf_spot
0.40526044839711584,0.40803538922749827,0.3712307179470384,0.2453030582386656,0.23100148859975128,0.2535594789850936,64.83236693668981,0.28113904849302096,0.44636739252611085,0.0655267800044017,0.41271278199007416,0.23562442022996216,1809.0184882480144,7.548469263400822,0.1424304213853633,Tomato___Early_blight
0.45758209103436864,0.4534718311258442,0.4761276209850633,0.1707682695109053,0.13373040381428986,0.18475014852168423,275.5205993585648,0.2071674789549045,0.5189285075525849,-0.0008188530031843118,0.46698641713907624,0.14522999781804352,2879.328300516955,7.080755231362424,0.1863604750963008,Tomato___Tomato_mosaic_virus
0.4428811716446439,0.5267889416643269,0.3029704058666551,0.10021931788508132,0.1182818484639862,0.1800875602829681,103.10290526676793,0.4031136061311893,0.5455755388598054,0.33367342155685,0.485888003671669,0.09291375685172348,0.0,6.374782823005883,0.044499513182238284,Tomato___Tomato_Yellow_Leaf_Curl_Virus
0.4531028615841428,0.43504642610036204,0.38340535407260296,0.21973144373480513,0.18047747734544067,0.20442397283198696,63.62478637028356,0.25497338429700656,0.4824751710753052,0.0595317522834735,0.44426101383020783,0.19251249987321167,1933.402317819321,7.09075660828578,0.1253253188463008,Tomato___Tomato_Yellow_Leaf_Curl_Virus
0.5106463777432004,0.47692479853116343,0.4916823471088731,0.10635593643967345,0.09847354862448959,0.1134986891019569,336.52697753239295,0.08274510756742282,0.5188818967203706,-0.02253193568180036,0.4983927005176773,0.09982592869239121,42.65224757524709,6.284018291860838,0.041340943846300784,Tomato___Late_blight
0.42933685058446325,0.4290994322725422,0.3972355688114488,0.24060536286417677,0.21372760060784607,0.24713423238875729,62.47103881168981,0.28073412433873934,0.4778142070631592,0.05757359814157058,0.4352407449131241,0.22206037003236084,6169.20314058838,7.519347080961135,0.2123004165025508,Tomato___Target_Spot
0.604841505230383,0.5776605523058064,0.5394239390392624,0.2580967631060286,0.24754325273988037,0.28201197968604425,34.73007201481481,0.22921698049318118,0.631639996753177,0.037002776081462393,0.5911315077190629,0.2515543277903107,6737.453873371841,7.526527695860336,0.1975146499009883,Tomato___Target_Spot
0.44658339494557775,0.46388625268422434,0.4354488814373338,0.11311242839876845,0.11116503152606277,0.11767278747441631,272.1731872491898,0.13222494975339694,0.4926067387919037,0.07168732237329055,0.4651736610775223,0.10763152200417786,5901.8879768325905,6.65746605361466,0.2124377456041133,Tomato___healthy
0.3671482252487699,0.4109740174242146,0.32231938486293193,0.20617095491472914,0.1760949713325241,0.20332191275241238,87.63766478825231,0.3401471699834995,0.4442053532461731,0.1584275702785449,0.3974663012867203,0.18244749564366608,3070.257113492252,7.2557810558034515,0.1974688735338008,Tomato___Tomato_Yellow_Leaf_Curl_Virus
0.4885429787048856,0.4661277449556477,0.46265101080134746,0.19595945736948683,0.1652569097614029,0.20549021052005154,5.552154534346073,0.16700884953748507,0.5153329169611542,0.007008727903266437,0.4821363681202164,0.1762678797884491,3561.068069921709,7.30098633498806,0.1574755874009883,Tomato___Spider_mites Two-spotted_spider_mite
0.40763178938718236,0.390244773668874,0.3238679135341966,0.2143877681214018,0.18306264999863892,0.1988904862272964,66.90847777653356,0.3119229699731998,0.4388807809214203,0.07493701976050902,0.3975793414955368,0.1916954841061142,2795.153543680809,7.335214162865005,0.1508837905259883,Tomato___Late_blight
0.4171209382423917,0.44314201836072276,0.39858811741069194,0.16633925697390273,0.11502055797335892,0.1751429675686584,59.190063469892934,0.1889170284629993,0.46632278917833253,0.0965222234677272,0.43998536404421235,0.13539526123242646,0.0,6.785684269850678,0.033421632322863284,Tomato___Bacterial_spot
0.522058461845831,0.5284377849527485,0.4604198003311479,0.10997172555510237,0.12250791463610916,0.11793111400487286,80.22329711247106,0.1572814013124637,0.551614145026645,0.10034446817149688,0.5284790986423722,0.11313990015225678,0.0,6.4307317257403005,0.046330567869738284,Tomato___Bacterial_spot
0.4550153064140836,0.4365057266183979,0.33714943771556255,0.0865772750097914,0.08072786006686478,0.1352078406679855,42.284545891767934,0.33891728774320407,0.4969680404524414,0.10679392170419265,0.44041627582361603,0.06649239245491295,464.2113141006747,5.8715298328143435,0.057438966307238284,Tomato___Septoria_leaf_spot
0.4089268195042173,0.4271621323057301,0.3128842080135667,0.11424136272255614,0.11719424996135025,0.15954549001338345,83.48291014958043,0.2823429133058719,0.4461518919329254,0.1584604869436221,0.4183849089985123,0.11139995861487656,0.0,6.650547090004146,0.021596070799425788,Tomato___Tomato_Yellow_Leaf_Curl_Virus
0.4173522936710874,0.4570138967462666,0.23501920347407695,0.16435385605875685,0.17158595446107178,0.19154127822997433,92.62094115543981,0.47455537573110385,0.4759543633322327,0.28760353129615357,0.42955049809267426,0.15533702332215577,0.0,7.099938575267646,0.034001466307238284,Tomato___Tomato_Yellow_Leaf_Curl_Virus
0.48231608146520055,0.4744642889925129,0.4606749678154313,0.16482377907816603,0.1225080636477211,0.16775199161650997,23.739410393721055,0.17068353549253268,0.5226596987108796,0.03188467424621154,0.48494279321482087,0.13643458742337494,0.0,6.910626250372345,0.07584106591661328,Tomato___Target_Spot
0.5085483240494291,0.483325771135915,0.46768930201724407,0.1930123802143736,0.15969411257264404,0.19438224421622616,40.92013549137731,0.17038950577985568,0.5328603184084504,0.016361043120522983,0.4987875216846695,0.17214203137593537,5042.87321835374,7.238503588427281,0.1829272475572383,Tomato___Target_Spot
0.5129344808468381,0.4807225978799946,0.44563722257808086,0.17970294615809157,0.1358991933202484,0.18094264851691585,37.62765502262731,0.20466779426347537,0.5413482582430451,0.028820775712628848,0.49605709251215363,0.15030499059396057,5590.042199981534,6.98218526077285,0.2328540053697383,Tomato___Leaf_Mold
0.5060428726086179,0.4804622745939381,0.4897359872360551,0.12796085438315108,0.10812514248845367,0.17493572221877438,306.4395141534867,0.21041551486264987,0.5502465760569184,-0.008907150213818067,0.49887090858271027,0.11205794918971329,658.6874509825328,6.482653940814111,0.060811158690050784,Tomato___Septoria_leaf_spot
0.5055231797108213,0.4912759280630238,0.47440370564654705,0.16379106900278761,0.16323340657708435,0.18141890452983242,13.212310784346073,0.17811414853345675,0.5338495766977875,0.028572142387528903,0.5033152693157426,0.16283859569268494,12400.783730359883,7.195394626017154,0.31766235497911327,Tomato___healthy
0.3469547974476377,0.31836267475568125,0.2986845338840806,0.22192923090044692,0.2046231252288559,0.21276252852561336,51.44528197575231,0.2769286955953769,0.3644256985048859,0.017033150682945735,0.3343712085132828,0.20906806248860627,4961.9172737804665,7.190096724138102,0.1938067641588008,Tomato___Early_blight
0.4892691718945066,0.4971315777727253,0.41287028436854717,0.07850410154644683,0.10181319687125473,0.12353948639514309,84.59402465153356,0.1591316337944202,0.5159649050097077,0.11807085972537566,0.49487778481295014,0.0785605262561348,0.0,5.857811827540762,0.027363893065050788,Tomato___Tomato_Yellow_Leaf_Curl_Virus
0.49528685683103,0.4497595942445881,0.45866408591464397,0.10550111642662718,0.10904028985259323,0.1101417555082069,352.6983947687211,0.11689296618711276,0.5000800883631318,-0.028484662731389516,0.47409015830805207,0.1052449892802742,442.4424976009367,6.5236340367698595,0.057149049315050784,Tomato___Late_blight
0.48400691622586645,0.4660211420484669,0.4718417490024888,0.2321669395882292,0.21562983814236908,0.24126256393077236,340.1773986749711,0.1606562461019687,0.5062875544886201,0.0021407485779123374,0.4817652397995224,0.22240132350163727,6095.501007720731,7.370123421068149,0.1976214614244258,Tomato___Target_Spot
0.5204564678082029,0.4441102064081318,0.3770502770443284,0.18382720014635756,0.1640078795289734,0.18262647973182064,50.51028441715856,0.3398734058500461,0.5307082331041901,0.01666077811529208,0.46899568971445466,0.169259744469693,7856.813193900413,7.246558280438191,0.26385986474473827,Tomato___Spider_mites Two-spotted_spider_mite
0.5203352915653745,0.49479161862813303,0.44007774834826824,0.26758615037981703,0.2329829109048584,0.28105887161376336,54.10012816715856,0.2972703601480655,0.5457019007067292,0.055117350335021506,0.5058946007137528,0.24714169162946015,4952.367264676742,7.5533369601929214,0.2081042495103633,Tomato___Tomato_Yellow_Leaf_Curl_Virus
0.423127387703375,0.43603240613423655,0.403039153863939,0.18455585202757552,0.13117886308190613,0.1650670854914413,80.79159545231481,0.19994387284528536,0.47197935937448426,0.07184541624297668,0.4381154173259964,0.14941866952615052,314.5237399955703,6.8225345791540635,0.06532776025255078,Tomato___Bacterial_spot
0.5447250353703061,0.5230441010423786,0.4982872570057237,0.18684794864241316,0.1650764716005066,0.20704365657451015,28.75592040348668,0.16857430592786593,0.5661380684237092,0.02902320798744727,0.5364072316532364,0.17439945298867493,8139.502823093809,7.306548532655745,0.25311767724473827,Tomato___Spider_mites Two-spotted_spider_mite
0.4095385419735471,0.4201239264436848,0.3978991175194108,0.10755317023579314,0.11005558792111664,0.11044094847323757,293.8587341241898,0.12857689217340273,0.44914452193780824,0.05875730913390685,0.42412805494120026,0.1047271590276268,6775.45677866614,6.612852789478384,0.2240802016588008,Tomato___healthy
0.42872211808057226,0.4165528333612568,0.4630335534115159,0.20455550512854292,0.2024008703565338,0.23214803026797634,257.7000579767289,0.2238342191339664,0.49050191997095033,-0.032702788447241296,0.4351930611973038,0.20469348389344483,12517.300213182247,7.368366923110823,0.27640258935411327,Tomato___healthy
0.44955477589459814,0.49378596906148264,0.27513482814029094,0.15592496952597334,0.17227775577065735,0.1748450933563934,87.99197387028356,0.40813315168630404,0.5120708739618867,0.2888295094322162,0.46533745464136506,0.14937334019379883,0.0,7.044453268761358,0.050938722166613284,Tomato___Tomato_Yellow_Leaf_Curl_Virus
0.3859232711205045,0.4206557488866932,0.38052171116069194,0.18224073311869338,0.12189203474280624,0.19621572779300075,242.59558104801792,0.26273063079129977,0.4562470114092438,0.10081372063865233,0.4153982692604294,0.1445216115160492,746.7153728454331,6.931649020959194,0.06696045068223828,Tomato___Tomato_Yellow_Leaf_Curl_Virus
0.41683188551755346,0.40888600711308787,0.3701417708893144,0.16737381479326918,0.12263892564532547,0.15940892087104183,62.36312865543981,0.22426477328550143,0.45226571916147157,0.05674555551518966,0.4165477746372452,0.13726602751450806,1181.5078533141832,6.935285776912447,0.09770691064317578,Tomato___Bacterial_spot
0.3784220861801664,0.3772467589803822,0.34357997422412273,0.14135643205229476,0.09836421880481033,0.13282217966201168,70.45120238590856,0.21355259672414584,0.4203031456331818,0.05843861799945403,0.38346296485712433,0.11217227834897309,284.21227458319197,6.632515989063436,0.052739259275988284,Tomato___Bacterial_spot
0.46694609993787206,0.4279080248304493,0.4026950562496507,0.16913280746523573,0.1291911599373558,0.16568369554164272,44.968933098799184,0.21387425318967623,0.4864170348505585,0.012122091169257648,0.4464089566116562,0.14345015842156678,1563.7205705848946,6.890168552374928,0.10165893701036328,Tomato___Tomato_Yellow_Leaf_Curl_Virus
0.40730268234105504,0.40075503949605296,0.3851360643406236,0.1857090528923674,0.14151864472386627,0.1712698875534759,62.34439086247106,0.1811205025077991,0.43884752152963563,0.03501853745688964,0.4106350534801712,0.15728950757222443,609.7479117933152,6.860447728703392,0.06828796533067578,Tomato___Bacterial_spot
0.4888758110413114,0.44330381516896555,0.39160421138003704,0.21269107720438674,0.19371586266515045,0.2082005380261169,58.352050774580434,0.2877597834230594,0.503627905831775,0.03207472365607787,0.4607388668899765,0.19931894797520905,8669.095968780242,7.390109664405232,0.26891052392442577,Tomato___Spider_mites Two-spotted_spider_mite
0.4531028615841428,0.43504642610036204,0.38340535407260296,0.21973144373480513,0.18047747734544067,0.20442397283198696,63.62478637028356,0.25497338429700656,0.4824751710753052,0.0595317522834735,0.44426101383020783,0.19251249987321167,1933.402317819321,7.09075660828578,0.1253253188463008,Tomato___Tomato_Yellow_Leaf_Curl_Virus
0.4021591293224851,0.4460096276231892,0.34684601073459026,0.1763001765925093,0.14025657597539215,0.17940152572276455,90.63809203434606,0.3119350995184116,0.4783836698393433,0.16896127563228178,0.43129652675440217,0.1490038062973526,2855.667694765977,7.018885273992821,0.1744128432603633,Tomato___Tomato_Yellow_Leaf_Curl_Virus
0.5100029456028501,0.4707092559763081,0.46819552426532146,0.18682887515608504,0.14787583771703033,0.19048684226157528,21.595245354658555,0.17166932181131167,0.5268975293497651,-0.010832693164448255,0.4918743365650406,0.16323218006329804,4156.813402475925,7.097699914041629,0.1586657729478633,Tomato___Septoria_leaf_spot
0.5217736112484495,0.56838225488149,0.36905696635440227,0.1225800078231497,0.13809949878213196,0.15548017011763912,111.37585448551793,0.3219370271326236,0.5860633051256745,0.27188098829497864,0.5414260023479691,0.1135113861008194,0.0,6.605571354678275,0.030736085447863288,Tomato___Tomato_Yellow_Leaf_Curl_Virus
0.47071841830106176,0.48947354320966074,0.45884722118571636,0.10022474190775588,0.10051995489356308,0.10847736285807949,215.15968322086948,0.11582130447637362,0.5153518712381928,0.07532861482610274,0.4900771671180954,0.09635381657319336,1050.6048047243576,6.427147007056236,0.057911988768175784,Tomato___healthy
0.48529106849522985,0.5392784393259175,0.3721779847641313,0.0949349712449713,0.1046998423671463,0.17211706327082973,103.13806151676793,0.29869762316953463,0.5578515326838105,0.24703494113196897,0.513789593542122,0.08327631164031296,0.0,6.201991096759376,0.046666261229113284,Tomato___Tomato_Yellow_Leaf_Curl_Virus
0.49528685683103,0.4497595942445881,0.45866408591464397,0.10550111642662718,0.10904028985259323,0.1101417555082069,352.6983947687211,0.11689296618711276,0.5000800883631318,-0.028484662731389516,0.47409015830805207,0.1052449892802742,442.4424976009367,6.5236340367698595,0.057149049315050784,Tomato___Late_blight
0.4574570404896299,0.48018746737920115,0.45377528314784404,0.08960159978453353,0.09645196768996506,0.09274532781722408,209.69908141422886,0.12027874842893405,0.5082695579390137,0.07508985352029372,0.4800829285030594,0.08905273932652741,1855.7629119364037,6.348703510653475,0.08290588525255078,Tomato___healthy
0.48490640992017187,0.5565504944749958,0.30812531357005474,0.11786604783121779,0.1273763177132347,0.2014447687733398,104.50354003239293,0.41999379054319186,0.5744833743433564,0.3460164706062274,0.5165113204365006,0.10293496656852036,0.0,6.390895640758379,0.050419923338488284,Tomato___Tomato_Yellow_Leaf_Curl_Virus
0.4385728883156339,0.4697275972791798,0.36805182342723247,0.16098798176829054,0.1478609365558365,0.18736489997985226,100.52566527653356,0.2713907386423282,0.4876178896288483,0.15877762835731077,0.45852410730173493,0.1509838278933075,0.0,7.008312589640197,0.07408630517442578,Tomato___Tomato_Yellow_Leaf_Curl_Virus
0.4255609857449094,0.38454949025594065,0.33926605825618145,0.17437896987978652,0.14360738519189148,0.1800870834458099,47.639404290205434,0.29981562749158663,0.4495960867266266,0.030219137931962497,0.4013524347191086,0.1526978637619522,1455.3953503092243,7.082457148657637,0.12033569482286328,Tomato___Tomato_Yellow_Leaf_Curl_Virus
0.441523109615759,0.4377042568155415,0.3539962137241685,0.24920574686114028,0.19562055889127045,0.23586236821296078,74.96044921208043,0.3616004909635715,0.4838564789156525,0.10583631348123122,0.43900617893984223,0.21436789888577729,3672.133166735196,7.515349615238016,0.2041064467759883,Tomato___Tomato_Yellow_Leaf_Curl_Virus
0.4271018552193204,0.43363752130948374,0.39975142126277324,0.16566907724920943,0.11254590723273544,0.17695485936286312,8.614074700361698,0.2241851563812427,0.47344712375207826,0.0663688893269496,0.43752312597086335,0.1310219268842247,1475.554371331954,6.766515339626287,0.11403381494005078,Tomato___Tomato_Yellow_Leaf_Curl_Virus
0.47592315548749364,0.4940493619867451,0.3332948947449052,0.09805585554424956,0.10042833510396271,0.132115149365686,112.68017577458043,0.34753439084302706,0.5227687156061738,0.20482775967826414,0.48000645574381257,0.08531667548852234,0.0,6.270746788198264,0.09055053857286328,Tomato___Bacterial_spot
0.3987929868111173,0.4072484291025288,0.39339699988559124,0.1806850071865721,0.13076781455037384,0.16643683003070217,47.929321282392934,0.17752149955045504,0.4400915300707428,0.04825401705016662,0.4128440016155472,0.148464205448201,221.2350719681898,6.801365675127407,0.047352906736925784,Tomato___Bacterial_spot
0.5341104614147703,0.47658713821851084,0.44093078022197124,0.19715540966574385,0.1736894321775177,0.21084279702784878,42.033813469892934,0.2486360396505527,0.5465410745005219,0.004080112355549819,0.4994245761280289,0.1829032625599411,4798.553487755261,7.267850360835063,0.2326251235338008,Tomato___Tomato_Yellow_Leaf_Curl_Virus
0.3821309255966703,0.37384190325223277,0.34481054191783306,0.17000106832567885,0.13396582725999145,0.1766204177010284,40.624999993330434,0.22249511138212008,0.4096785580973236,0.04668947335590888,0.38271355565836335,0.14743417758183747,1235.650094335103,6.9983042496277506,0.09427368310411328,Tomato___Tomato_Yellow_Leaf_Curl_Virus
0.4428811716446439,0.5267889416643269,0.3029704058666551,0.10021931788508132,0.1182818484639862,0.1800875602829681,103.10290526676793,0.4031136061311893,0.5455755388598054,0.33367342155685,0.485888003671669,0.09291375685172348,0.0,6.374782823005883,0.044499513182238284,Tomato___Tomato_Yellow_Leaf_Curl_Virus
0.5056298124203245,0.492570213121999,0.44873845224574443,0.2163377787787123,0.20132168355939178,0.2357402233946548,37.124755852705434,0.2562140549780063,0.5396992957453339,0.05671941142787505,0.5011810058002701,0.20619529742436676,5521.505863193325,7.453531301189421,0.2098742690416133,Tomato___Target_Spot
0.5045718001732389,0.4950746214815266,0.4685260618229234,0.16356360277716353,0.1101368290519455,0.18936034427764278,353.9966735773148,0.23122419670831484,0.554449895606479,0.042998578662772666,0.5045905702953568,0.12625327218013077,182.9729931327937,6.666966816726983,0.07634460595567578,Tomato___Septoria_leaf_spot
0.4985072361835996,0.527806333345998,0.36201136951640484,0.13982046505991652,0.14535538080689697,0.16212012754561764,98.97741698551793,0.30276194468747897,0.5468620455126374,0.22104129594077634,0.5098481171970597,0.13011159259515076,0.0,6.884533701194122,0.058995362791613284,Tomato___Tomato_Yellow_Leaf_Curl_Virus
0.3967824327358762,0.4107828057237751,0.3427395785351121,0.21467826625887587,0.1844745052194336,0.21542818235041958,72.42990111637731,0.3110025550485782,0.4460634982447235,0.10799073826779891,0.4085426324253311,0.1939402099295166,5383.703746838398,7.301526837241338,0.2176409926744258,Tomato___Tomato_Yellow_Leaf_Curl_Virus
0.4715829538712064,0.49397777680836985,0.47988107447818157,0.09482409170452788,0.09155918631312637,0.09249249981524807,202.55079650211948,0.09872721389543337,0.5201322233538239,0.062438641006846915,0.4953774803524246,0.08910329151587754,1493.7316601964603,6.330226358590211,0.058507081541613284,Tomato___healthy
0.3143682526955167,0.32810943488560984,0.28390091304973003,0.18367602786604598,0.14552504542825012,0.18713893877150875,60.32577513981481,0.33086121336232943,0.36761019586130067,0.08389687191953231,0.3286638849621048,0.15707336622910767,0.0,6.975258060603903,0.07259094384630078,Tomato___Tomato_Yellow_Leaf_Curl_Virus
0.3792975592026273,0.40097688798390696,0.3821543121834123,0.1798518534619017,0.12812148008105545,0.1523330150711761,108.12216185856481,0.20097644881021304,0.43356911300226136,0.06644901287068893,0.40205180581858063,0.1452806766672638,304.8311070251701,6.897708659632985,0.054799195799425784,Tomato___Bacterial_spot
0.3276046859631101,0.29937278394185374,0.3099516296882951,0.17934886476580336,0.1702154946660736,0.17571959780337673,28.22106932926793,0.18615386143934054,0.33930442689462587,-0.012863607813815587,0.3187229627018204,0.17287713545995026,7059.0283138511195,7.198284881124443,0.2135058608384883,Tomato___Target_Spot
0.3784220861801664,0.3772467589803822,0.34357997422412273,0.14135643205229476,0.09836421880481033,0.13282217966201168,70.45120238590856,0.21355259672414584,0.4203031456331818,0.05843861799945403,0.38346296485712433,0.11217227834897309,284.21227458319197,6.632515989063436,0.052739259275988284,Tomato___Bacterial_spot
0.4160572635540525,0.42947306398831675,0.4060670102138841,0.28525219223086073,0.2556470704412201,0.2781707285511718,80.20654296208043,0.20509337142717166,0.4580002522329895,0.06276895504703094,0.4324962490444412,0.2661351885242966,2423.772788626976,7.58560792345694,0.12259399560411328,Tomato___Early_blight
0.42406556481213964,0.4352112031408436,0.31690850501254436,0.19299072882715895,0.18386032405850677,0.18341840194346767,66.06683348942418,0.32895812646161837,0.4693301117281525,0.15539549689998197,0.42809492286493683,0.1790909941835907,1678.8542871157597,7.161857370313586,0.1664782729478633,Tomato___Tomato_Yellow_Leaf_Curl_Virus
0.27663800591321386,0.3350805855222828,0.40937631969645855,0.11374601087156966,0.09744313332793503,0.14977354692103725,219.48989867497104,0.3694766487241916,0.4230676090578644,0.010093985388775355,0.33577874239733124,0.10621644813256531,1019.7946845962623,6.582324601827424,0.061543580565050784,Tomato___Leaf_Mold
0.46515402668805517,0.42696388725720713,0.40996124987796184,0.16171891352717116,0.11965219650027542,0.17033975707175594,24.41650389958043,0.21857954815637393,0.4881867563585846,0.00475951403637696,0.44614726241876984,0.13468320924477845,2321.973139941595,6.853130270338872,0.1278887954088008,Tomato___Tomato_Yellow_Leaf_Curl_Virus
0.49528685683103,0.4497595942445881,0.45866408591464397,0.10550111642662718,0.10904028985259323,0.1101417555082069,352.6983947687211,0.11689296618711276,0.5000800883631318,-0.028484662731389516,0.47409015830805207,0.1052449892802742,442.4424976009367,6.5236340367698595,0.057149049315050784,Tomato___Late_blight
0.5091623412975828,0.4534810698457844,0.41732036714747783,0.26390535494867995,0.2667002451753357,0.2821823893654571,35.27371215153356,0.2798715557218723,0.5146858489374726,0.006426496694584376,0.47571027215769196,0.26558670658307343,4574.801880488075,7.551282566702649,0.1765490737291133,Tomato___Early_blight
0.4139079200634519,0.4712535059877522,0.2415108347435319,0.14115364214960768,0.16742765131947784,0.14361826466204983,94.73526000309606,0.43435913578283114,0.4892321622233002,0.3130354325126605,0.4376193576698532,0.13819311815934449,0.0,6.9754277379308745,0.047566529783800784,Tomato___Tomato_Yellow_Leaf_Curl_Virus
0.46896735304685033,0.4685528195329792,0.4271746838589036,0.16121905407492354,0.16236067536828308,0.16784718023421627,192.3011169366898,0.2132203902364902,0.5087089931826203,0.06691078495492507,0.47366249498178864,0.15791754681306153,109.49712786557654,7.194432155667761,0.09537231591661328,Tomato___Late_blight
0.4069843041309873,0.459036699576009,0.2968753541012132,0.14352510234896376,0.13899137798306732,0.16896716641070705,100.81436156559606,0.369060042059534,0.4768420255045502,0.2401608864616351,0.4346894615535965,0.13126258808808594,0.0,6.854304189313547,0.042775270018175784,Tomato___Tomato_Yellow_Leaf_Curl_Virus
0.4696356701263944,0.4480966544576771,0.4195676410694444,0.1910939302164717,0.1444097531175354,0.1828935085404144,41.23049926090856,0.21165105954419894,0.5036636090139954,0.03293723266830016,0.4609873288517227,0.15965403873162537,3585.2647483108058,6.978606875339119,0.1943103041978633,Tomato___Leaf_Mold
0.41006795042844213,0.3785343087144978,0.36759099011615154,0.1667556401211424,0.15890040222165375,0.18017494069220882,37.86569213200231,0.16506742194902224,0.41792989729448243,0.005356820563574321,0.3964181834106674,0.16311426717477112,547.8003037123898,7.000884822601248,0.07712280419786328,Tomato___Late_blight
0.4559812294849912,0.44634374145947764,0.43070399408534404,0.2305630829054518,0.23319125894067078,0.2468154667484985,36.45114135075231,0.22416517392408175,0.48861000894113465,0.031949423516889106,0.45714524325182343,0.23224185663895874,13508.463285835362,7.459791938201171,0.27867614892442577,Tomato___healthy
0.5125550972828428,0.5004041707941181,0.4604453707237565,0.20888088008944228,0.1593674791192749,0.2170486836302505,44.382324212080434,0.2166211779476337,0.5487223064760773,0.05375501912345458,0.5091847771053544,0.17843885976510315,6051.7782952982425,7.203898090268656,0.2000628676744258,Tomato___Septoria_leaf_spot
0.35862544649930395,0.4156661248632557,0.4724380934734666,0.13700302800718978,0.12683950338122635,0.19730904089095455,207.36936950016636,0.30214214578878207,0.5008520877222626,0.02621583294381667,0.41478580173303986,0.13561152178483277,424.97262298794965,6.885782647882233,0.07582580712755078,Tomato___Leaf_Mold
0.5074194120773832,0.47638802890263865,0.480320807745012,0.16025727352682784,0.11897531870362549,0.17069678889396053,352.1203308038773,0.1944329167963199,0.5398927724222748,-0.009017024857203477,0.49581754144480134,0.1317485298557785,5213.096944948794,6.736736332403608,0.1986743178697383,Tomato___Tomato_mosaic_virus
0.39317980879636205,0.40823789600812266,0.3456427121658647,0.17773800453726485,0.1254341003632286,0.19563152776839596,50.63491820622106,0.28935796276342196,0.4431800639490692,0.10360039424409438,0.4063025110607376,0.14510181802945404,845.7612998242447,6.942314519202835,0.08644592431505078,Tomato___Tomato_Yellow_Leaf_Curl_Virus
0.5010088431248227,0.48078300718747446,0.45373853688434,0.1805929627138777,0.1351910156345108,0.1927068172562347,27.024993889814805,0.207055824554079,0.5344872867922394,0.032765742654700766,0.4934502833729019,0.15195372957425385,4919.275490499936,7.0875038303013795,0.1834765639634883,Tomato___Spider_mites Two-spotted_spider_mite
0.47576252096982397,0.494051507753957,0.3689460123081529,0.08285974821631148,0.09887900176999359,0.1446706740725265,78.70816039372106,0.24514302865278048,0.5133065974573701,0.1693417171787219,0.48402386840631867,0.07895619678931504,0.0,6.141495659749865,0.029149171385363288,Tomato___Tomato_Yellow_Leaf_Curl_Virus
0.49810362333150304,0.4671449578233845,0.4033330047626817,0.23367970547262862,0.1971652281617859,0.24843562530162197,53.890258782392934,0.31937441483747286,0.5213352835039704,0.058800462896724234,0.47882983025362397,0.2116738285465744,5742.0614530054345,7.400837982163849,0.2391558852525508,Tomato___Tomato_Yellow_Leaf_Curl_Virus
0.34748283499570287,0.35914870266400645,0.3346384430427873,0.16683549544398024,0.11369038346764831,0.14684065567138058,76.29785155583043,0.2223209466100864,0.39344967363878175,0.06212328773250152,0.36256927188684845,0.13167161006169587,0.0,6.636014457331064,0.021153565916613288,Tomato___Bacterial_spot
0.42442471259923376,0.44208016161404917,0.3895913923282945,0.17592454812113478,0.12643180761096268,0.19538913057925564,62.24252318668981,0.2935170258642368,0.48858875988527223,0.09609139364471007,0.4405203157310715,0.1428336824818161,4341.0052449974655,6.985879314514215,0.1888018813463008,Tomato___Septoria_leaf_spot
0.46334025734754003,0.4539083159395344,0.4319957459469163,0.11791099718395903,0.11880677911994247,0.11081674085738522,224.26808165836948,0.18736517683278842,0.4996003901819794,0.03842770707120467,0.463933258617424,0.1115737732096222,1542.9048621895681,6.661782765026165,0.10820495751817578,Tomato___Late_blight
0.34811363095136083,0.3771388745733387,0.2972049379844987,0.14157798251692488,0.11796551171300201,0.15105550871970516,80.74346923161168,0.3295558716417484,0.41170648692651673,0.13490634065379667,0.36905068095972443,0.12190839159922867,1012.184627000145,6.807403039141277,0.09134399560411328,Tomato___Bacterial_spot
0.4661167013058225,0.4744495666452534,0.33287626152232525,0.13841109833304122,0.15454360071179657,0.16701703654410702,98.03085326481481,0.28248569623243136,0.4948662316660492,0.175853345806499,0.4655214541797867,0.13563077408509522,0.0,6.815161531908084,0.054432984861925784,Tomato___Bacterial_spot
0.5132992612728635,0.47620829109631846,0.4550111556549394,0.1821220006663008,0.14669529322144775,0.18705804036738735,35.66940306950231,0.18854505077611727,0.5326514041285126,0.010053299630780704,0.4945848279838791,0.15993847209649353,2000.2129025402437,6.8954973830752255,0.1274157729478633,Tomato___Late_blight
0.4385728883156339,0.4697275972791798,0.36805182342723247,0.16098798176829054,0.1478609365558365,0.18736489997985226,100.52566527653356,0.2713907386423282,0.4876178896288483,0.15877762835731077,0.45852410730173493,0.1509838278933075,0.0,7.008312589640197,0.07408630517442578,Tomato___Tomato_Yellow_Leaf_Curl_Virus
0.47692949050755895,0.4900866663881428,0.46961193924144146,0.08932180068079665,0.09879144999739914,0.0932728140223251,231.79125975895542,0.09763750687848849,0.5167311227182954,0.059579026217360984,0.4935213619117966,0.09117483604388504,3862.986183447666,6.394759548723101,0.1360064711900508,Tomato___healthy
0.42231658572049535,0.43581517700635264,0.37088778262332317,0.21455060801092818,0.16615230563638,0.21568562971236568,70.84045409489293,0.291280033743494,0.47225669978662416,0.1043732057165103,0.43408024247934723,0.18387609976964264,4126.674569809712,7.284589416865674,0.2083026137681758,Tomato___Tomato_Yellow_Leaf_Curl_Virus
0.3819357203850309,0.38774298791371653,0.3611469829578721,0.19360504409853652,0.14064060870168,0.17986901985289913,71.84454345036168,0.2144737567068271,0.42327717898889466,0.05835035842170287,0.39267748531153107,0.1601088370724228,88.1002105680717,6.80393906819129,0.042546388182238284,Tomato___Bacterial_spot
0.48490640992017187,0.5565504944749958,0.30812531357005474,0.11786604783121779,0.1273763177132347,0.2014447687733398,104.50354003239293,0.41999379054319186,0.5744833743433564,0.3460164706062274,0.5165113204365006,0.10293496656852036,0.0,6.390895640758379,0.050419923338488284,Tomato___Tomato_Yellow_Leaf_Curl_Virus
0.36200073832364477,0.3783140695520527,0.3597793543835008,0.16362191102091506,0.12127640071866302,0.14915856109740597,84.66540526676793,0.20134426907312197,0.41013864635034486,0.060795296246905814,0.3810262673740616,0.13512547570901184,497.2182350604752,6.7508416026547104,0.06743347314317578,Tomato___Bacterial_spot
0.3983505415329496,0.41479527120076487,0.4026022816200578,0.19580558797899916,0.1477402818536499,0.17787487195613247,93.14816283512731,0.182207750833147,0.44453148006006166,0.05458490949382354,0.4181911044960251,0.16474446911053925,549.8462763150645,6.911703815243264,0.06488525536973828,Tomato___Bacterial_spot
0.47486520284505285,0.4522249913641102,0.45084941034510967,0.2116133507210417,0.19636797133443146,0.21703047441127163,36.47341918278356,0.17438663796197695,0.5000936186174958,0.004682442436714656,0.46854039963533783,0.20141412574487,6483.1492831531405,7.42206850363019,0.2176715102525508,Tomato___Target_Spot
0.4236986684212247,0.44700293902837107,0.34343513493731853,0.1349856492001219,0.12427815768477707,0.1817052601444946,98.37036132145543,0.2659576262594394,0.46492112635179444,0.15281926494350004,0.4379310601597061,0.1264648835702446,0.0,6.779366407799711,0.051808473143175784,Tomato___Tomato_Yellow_Leaf_Curl_Virus
0.4313128041634122,0.444790295405019,0.4441289866466844,0.18474959692541792,0.18686341467854767,0.21015722440364223,185.4577331476273,0.23367375389348788,0.5014579987387269,0.04008594926704932,0.45038795408060456,0.185835632268956,16278.012714621746,7.364917477308162,0.33456909326036327,Tomato___healthy
0.3950466560730497,0.38435407642804453,0.3708481753368699,0.17741716763560011,0.1547413838243225,0.1843708990681396,36.427246087080434,0.16809469715368075,0.4160560464720337,0.028760519142051227,0.39571428235819245,0.16349284607606202,2902.5344489413737,7.085235210805789,0.1515094008775508,Tomato___Late_blight
0.46594757312627233,0.5306115067430622,0.34026395921901104,0.09985698124949172,0.10519259396550446,0.16180063174846035,109.43078612614293,0.3490630711675815,0.5487005507807343,0.28095853727569153,0.4992801838760605,0.08719815570550232,0.0,6.27536689463087,0.028081056150988288,Tomato___Tomato_Yellow_Leaf_Curl_Virus
0.4323613392719785,0.41570892099820445,0.3978397512932145,0.18581722042147353,0.1379640323257187,0.16690861569526058,57.70358275700231,0.18777595714341921,0.46131403206392213,0.027163848544259555,0.4283537262325516,0.15442426759438782,424.70224036848674,6.848835611897006,0.06996643212755078,Tomato___Bacterial_spot
0.43108603829236425,0.43643470768414805,0.3905419970054948,0.22370983025614455,0.21692761007306366,0.24654934691073757,93.94912719059606,0.3180863286615543,0.48253894804521485,0.07718851071109344,0.43930649694254303,0.2186291541500595,8924.967145237973,7.482840479963813,0.2227679457994258,Tomato___Late_blight
0.601594184578375,0.6336932099290974,0.4794913495083177,0.07453781476799681,0.0972959322070816,0.12235149131896358,82.06082152653356,0.2355083699585132,0.6528503692011445,0.2122479866098361,0.6162194007282487,0.07202381897406845,0.0,5.813104933779181,0.026204225096300788,Tomato___Tomato_Yellow_Leaf_Curl_Virus
0.5116761671909849,0.5359451687761433,0.5146001542110764,0.07960748782936766,0.08026693734881668,0.08239366249921184,218.84629821110386,0.09319126859914584,0.5617391264299958,0.07156113188972045,0.5359582298641434,0.07324365038113861,1690.5568075905512,6.04987702573435,0.06483947900255078,Tomato___healthy
0.5106463777432004,0.47692479853116343,0.4916823471088731,0.10635593643967345,0.09847354862448959,0.1134986891019569,336.52697753239295,0.08274510756742282,0.5188818967203706,-0.02253193568180036,0.4983927005176773,0.09982592869239121,42.65224757524709,6.284018291860838,0.041340943846300784,Tomato___Late_blight
0.494118963421301,0.4650331652589924,0.4699020350475633,0.08994925877634719,0.09094888690469055,0.11735317246796947,314.43933104801795,0.11198651299487872,0.5060412680964081,-0.008007546623448842,0.48398768838694,0.08914761501984864,169.77679004347453,6.229288105743317,0.061589356932238284,Tomato___Late_blight
0.3792975592026273,0.40097688798390696,0.3821543121834123,0.1798518534619017,0.12812148008105545,0.1523330150711761,108.12216185856481,0.20097644881021304,0.43356911300226136,0.06644901287068893,0.40205180581858063,0.1452806766672638,304.8311070251701,6.897708659632985,0.054799195799425784,Tomato___Bacterial_spot
0.43743464821668065,0.4280243730970509,0.37144466881945964,0.19686738512102797,0.15680944148061066,0.18982731686713558,53.42904662418981,0.2630114878774814,0.47771135924859925,0.07311662685384322,0.4340907328968277,0.167970704619458,1729.6486088904976,7.053666200194891,0.1427966323228633,Tomato___Leaf_Mold
0.43436620110364355,0.43943487767659495,0.40516703968242046,0.19996405503336623,0.14849963012692718,0.1961632757055984,30.005706780439805,0.22730684534322543,0.48211554645105287,0.06528371226300765,0.4437156015281906,0.16534103709893494,2865.5022785040974,7.131729490893932,0.1440631118150508,Tomato___Tomato_Yellow_Leaf_Curl_Virus
0.5060428726086179,0.4804622745939381,0.4897359872360551,0.12796085438315108,0.10812514248845367,0.17493572221877438,306.4395141534867,0.21041551486264987,0.5502465760569184,-0.008907150213818067,0.49887090858271027,0.11205794918971329,658.6874509825328,6.482653940814111,0.060811158690050784,Tomato___Septoria_leaf_spot
0.5462198006519834,0.49862372045003245,0.5015899801750504,0.172520586462657,0.13999550763127594,0.1617941944468246,15.119171135908573,0.13282971338044924,0.5592970049242585,-0.02461520835499,0.5228959315662614,0.15074488777356415,632.3990841190288,6.961350016812308,0.06462585595567578,Tomato___Leaf_Mold
0.5472810017475644,0.5176035678812153,0.45090660100177166,0.15800663194243147,0.13732498112675934,0.20956299589755398,12.870941155439823,0.2848870779634647,0.5759796893457978,0.06296670835723449,0.5285764926319352,0.14194561797814637,4398.606408502809,6.840518517495031,0.1863146987291133,Tomato___Septoria_leaf_spot
0.45758209103436864,0.4534718311258442,0.4761276209850633,0.1707682695109053,0.13373040381428986,0.18475014852168423,275.5205993585648,0.2071674789549045,0.5189285075525849,-0.0008188530031843118,0.46698641713907624,0.14522999781804352,2879.328300516955,7.080755231362424,0.1863604750963008,Tomato___Tomato_mosaic_virus
0.48966861242146886,0.46657996539555857,0.48026570325091716,0.17682414612356856,0.17088345411774902,0.19569111751201015,317.61791991520545,0.15402555719625277,0.5150883591036408,-0.010827188116709702,0.48474645551493073,0.17365274090009003,11687.03727157963,7.231638436233315,0.30849182275255077,Tomato___healthy
0.45804423564763463,0.4047343647905476,0.39529919271663067,0.09712176880423262,0.10529879454133301,0.10419584201457363,345.62219237614295,0.20032641545545382,0.4668824171881287,-0.017927549516062253,0.4293012314682236,0.09286703426080017,443.0832653379956,6.3522194359647015,0.058095094236925784,Tomato___Late_blight
0.440506343782858,0.47592710618459055,0.2702618504066789,0.1512641545254393,0.1613991034364441,0.19017634676577908,83.28890990543981,0.41048053160917086,0.4950537478785126,0.2670331935237842,0.4515932792072525,0.14370478946404724,0.0,7.023893336644057,0.036336061033800784,Tomato___Tomato_Yellow_Leaf_Curl_Virus
0.46334025734754003,0.4539083159395344,0.4319957459469163,0.11791099718395903,0.11880677911994247,0.11081674085738522,224.26808165836948,0.18736517683278842,0.4996003901819794,0.03842770707120467,0.463933258617424,0.1115737732096222,1542.9048621895681,6.661782765026165,0.10820495751817578,Tomato___Late_blight
0.42628294700475133,0.4425606346555836,0.3576633894939744,0.13271657487932875,0.12292838070151596,0.17832619832637173,80.42681884098668,0.2388503129841022,0.46261192320390626,0.1271220932554202,0.4377181821708908,0.12480867910819321,0.0,6.746337834582289,0.08443176415880078,Tomato___Tomato_Yellow_Leaf_Curl_Virus
0.5212169038662473,0.5182294166513569,0.33813258652881023,0.11446560284678176,0.12293646458146362,0.12967457758071285,58.31680297184606,0.39655581370603366,0.5625083243708222,0.20305651825179624,0.5082944625263444,0.10493964958625107,0.0,6.579805473669807,0.046254273924425784,Tomato___Septoria_leaf_spot
0.47071841830106176,0.48947354320966074,0.45884722118571636,0.10022474190775588,0.10051995489356308,0.10847736285807949,215.15968322086948,0.11582130447637362,0.5153518712381928,0.07532861482610274,0.4900771671180954,0.09635381657319336,1050.6048047243576,6.427147007056236,0.057911988768175784,Tomato___healthy
0.5320352064976255,0.507428041739095,0.4720067346592271,0.24529951176230147,0.23273747387883453,0.2581071792710052,51.50924681950231,0.2074796582819156,0.5509250557283967,0.03676126551141311,0.5204503529911271,0.2379496868296173,3821.3719147268175,7.494547228316183,0.1854754653306758,Tomato___Early_blight
0.5072908150562803,0.5567060625978596,0.38561933880046245,0.1504796232897444,0.1463951242303589,0.18478832529666286,99.90200804997106,0.3194951440454654,0.5745019113878815,0.24644905727614927,0.5321298235302201,0.13923347253041535,0.0,6.972410980790035,0.048771974119738284,Tomato___Tomato_Yellow_Leaf_Curl_Virus
0.5327784168133298,0.5059091365762837,0.48521756773188945,0.18330333492342665,0.14734419408795624,0.18795343624236446,40.670715325361684,0.16627620414506716,0.5563291704516022,0.019769441599746234,0.5212869637851945,0.16122797388272553,3912.8511801484465,7.128780956612222,0.1693011489244258,Tomato___Target_Spot
0.45243528956265844,0.46472089652501414,0.44082563762858745,0.19963028392378523,0.169268481168721,0.23725503073813778,191.3890075616898,0.28620741025220675,0.5250503814081757,0.06212795179595519,0.4680262201671829,0.18107810873227387,5708.381465253556,7.258594322993693,0.2246295180650508,Tomato___Septoria_leaf_spot
0.46496397727818883,0.4962398326822407,0.4286364281673753,0.1358498271423979,0.16159325066563873,0.14231174574973446,43.19253539372106,0.16280299679052157,0.5189928805689423,0.12482637565841247,0.4888843887691727,0.14490613598065644,852.8743993471334,7.079605510854765,0.08817016747911328,Tomato___Late_blight
0.5353234159359495,0.5104370034166462,0.49238994364932415,0.1932497706133528,0.14945877316949158,0.19858423756244045,31.23791503239293,0.16408600167047305,0.5606734549860566,0.019107869158287532,0.5255234831218949,0.16638556379514008,2143.428418042041,6.965639771768924,0.11911499169786328,Tomato___Late_blight
0.47076711529584325,0.43157809142552683,0.4064055645962083,0.1359183575827284,0.11327486458775787,0.15337904678466183,29.524749749189805,0.1964037145734958,0.4857027327875702,0.011930728594561107,0.45012879308512116,0.12099606055455475,1310.2590142059098,6.757302419067508,0.12363159326036328,Tomato___Bacterial_spot
0.41237196797223485,0.4109175420232899,0.3937459254761064,0.2194774236399336,0.17220441225526123,0.19969857619883877,76.47003173161168,0.19696845368158145,0.44775835631891175,0.04166448515166808,0.4190976613407364,0.18878220278458863,457.94713509259316,6.932453810199928,0.06644165185411328,Tomato___Bacterial_spot
0.46625638479085363,0.4642951405473835,0.4410018885631883,0.1730641063172026,0.1325117719506958,0.17807852612616878,24.799407952314805,0.16099895790826602,0.5003011321882813,0.0472791830848651,0.4719289534931412,0.14692440885739594,66.3086756664751,6.944079084221001,0.08301269677598828,Tomato___Tomato_Yellow_Leaf_Curl_Virus
0.4876580285439054,0.46091490153752634,0.43958770876124736,0.1935120757538481,0.15240474763867645,0.1941210566628204,35.15573119450231,0.2073343570591144,0.5181222355227082,0.02053129699339438,0.47618263896753693,0.1667216892881897,3375.589956166358,7.123389996376804,0.1303302016588008,Tomato___Spider_mites Two-spotted_spider_mite
0.48850587481351293,0.4643378174730427,0.38957237844661113,0.14253866037909224,0.11545901719090729,0.1553266732561813,27.377899163252305,0.27565121904622836,0.519457617984256,0.07654439311732818,0.47274357017328644,0.11546576279835968,512.7639071067287,6.622798688988847,0.06328308251817578,Tomato___Septoria_leaf_spot
0.5015417980560819,0.5099669611879475,0.4278197551269853,0.13670865556780532,0.14080470028874664,0.1803905455935226,63.50729369450231,0.22828625396501345,0.53858313916727,0.11651949983348418,0.5077858858947983,0.13881945866780548,32.82490264614614,6.998089262628889,0.09798156884630078,Tomato___Bacterial_spot
0.4902721094498197,0.5004979885049946,0.5032803977032029,0.1835667427498503,0.16363757077214508,0.21219780431868893,229.39843749333042,0.189597385680788,0.554915884719333,0.03339063402523566,0.5074604445343247,0.1723482783480194,6304.4953335422515,7.233652041803368,0.2039233413072383,Tomato___Target_Spot
0.3796604322800199,0.3917524433561451,0.3288860583801591,0.18937752506319716,0.13916154924390106,0.1962964920866714,57.43521117497106,0.3043672467828922,0.42951858995958253,0.10090551179160644,0.3906729811077347,0.1568759258432892,0.0,7.032228853277101,0.06451904443223828,Tomato___Tomato_Yellow_Leaf_Curl_Virus
0.41225135797353185,0.42810582284413645,0.38666128759578106,0.20096965989653304,0.1529728693103531,0.1898265122044311,59.15676879215856,0.22916977361451907,0.4671477472643463,0.08324612330903579,0.4283434742336502,0.1680329616709259,4135.385072061695,7.243748612652677,0.1944628920884883,Tomato___Tomato_Yellow_Leaf_Curl_Virus
0.36959818476529516,0.3579320228525288,0.33022683506205913,0.17286641261164382,0.1401990723943451,0.18557747589232784,34.04977416325231,0.255502673542612,0.3968156671385376,0.04198623847474624,0.3679646545295944,0.15267531830506592,1322.0569882857571,7.053996442612345,0.10065185693223828,Tomato___Tomato_Yellow_Leaf_Curl_Virus
0.37440541857571996,0.3813690460153706,0.3346161509056413,0.18167767784182265,0.1395327371692398,0.1929768560993896,52.235961907392934,0.2648299361826114,0.4139588570456116,0.07966360103597213,0.3836598986034622,0.15570698935227661,1797.0693542716517,7.113815296026721,0.11774170068223828,Tomato___Tomato_Yellow_Leaf_Curl_Virus
0.3135061013111631,0.33227502469502757,0.34278696422770855,0.13631674012724593,0.09735113355872421,0.12498501078965527,251.3051452570023,0.21416032568227572,0.36772436855836793,0.03420413684358169,0.33756428893854523,0.10852763313489228,284.63845950355324,6.604516660462052,0.057850953611925784,Tomato___Early_blight
0.3900857912907163,0.42567988399945567,0.35657995586589214,0.2026763196903868,0.14496857646462707,0.20591966198565823,72.72628783512731,0.28550723449003024,0.45707491992517396,0.13064119618644285,0.41686272558023835,0.16577969748215943,0.0,6.972208248960275,0.040623780760363284,Tomato___Tomato_Yellow_Leaf_Curl_Virus
0.4271018552193204,0.43363752130948374,0.39975142126277324,0.16566907724920943,0.11254590723273544,0.17695485936286312,8.614074700361698,0.2241851563812427,0.47344712375207826,0.0663688893269496,0.43752312597086335,0.1310219268842247,1475.554371331954,6.766515339626287,0.11403381494005078,Tomato___Tomato_Yellow_Leaf_Curl_Virus
0.5010088431248227,0.48078300718747446,0.45373853688434,0.1805929627138777,0.1351910156345108,0.1927068172562347,27.024993889814805,0.207055824554079,0.5344872867922394,0.032765742654700766,0.4934502833729019,0.15195372957425385,4919.275490499936,7.0875038303013795,0.1834765639634883,Tomato___Spider_mites Two-spotted_spider_mite
0.45718804472775854,0.49220942620717356,0.3300617599983537,0.11681696883026793,0.12099819603917389,0.16326477514388424,104.06069945622106,0.3254468168379001,0.5104451572756379,0.22311631243934202,0.4729560607319107,0.10674146074490815,0.0,6.609003333109022,0.07758056786973828,Tomato___Tomato_Yellow_Leaf_Curl_Virus
0.5204564678082029,0.4441102064081318,0.3770502770443284,0.18382720014635756,0.1640078795289734,0.18262647973182064,50.51028441715856,0.3398734058500461,0.5307082331041901,0.01666077811529208,0.46899568971445466,0.169259744469693,7856.813193900413,7.246558280438191,0.26385986474473827,Tomato___Spider_mites Two-spotted_spider_mite
0.47954479330869115,0.45243128303967783,0.4490560257931077,0.18230154475752547,0.18000983420369415,0.19517818974139553,5.280670159346073,0.16890599087487979,0.49377746342225953,0.0022089642312126227,0.46985626157572175,0.18095781165795594,15852.226563502005,7.360021362192093,0.33235656884630077,Tomato___healthy
0.4632499563107053,0.44806867007695506,0.44421845321849224,0.17965924105231001,0.17362437370774536,0.19862804697635036,352.3714904718461,0.18549616888772769,0.49209318517251893,0.014616094792981631,0.46187180217554474,0.17627381045060425,16682.919795368933,7.315169068364075,0.34023010400255077,Tomato___healthy
0.45496777170987523,0.43420591120206187,0.39380803351596233,0.19457312783781722,0.1567778808212021,0.20545099066378933,41.367919915205434,0.2411563421846561,0.4815782105784027,0.04558318507184554,0.4455111616497269,0.17069854098992615,6200.278815230257,7.211919108688173,0.26286804345567577,Tomato___Tomato_Yellow_Leaf_Curl_Virus
0.43799946183057226,0.4279660201498158,0.3601203227539384,0.20827617606703475,0.1861248833274582,0.20512365685584408,55.893615715986684,0.2916101540685825,0.4756157493452637,0.08375942360868026,0.4329344623928299,0.19060012954907685,2493.056929785661,7.306300886215617,0.1559802260728633,Tomato___Late_blight
0.47966787690015233,0.43521421317540476,0.4150684142608964,0.1653937335926695,0.13690490249154358,0.176009112464212,39.90390013981481,0.19890074685823245,0.4913075959543793,0.0016392453413205214,0.4559120231514206,0.14872882026868134,1121.454546384416,6.879492408211632,0.11037170556505078,Tomato___Tomato_Yellow_Leaf_Curl_Virus
0.4509915756592313,0.42991440658055613,0.4009799922008836,0.18987790605608657,0.15255715671536713,0.1946773766148315,47.735839837080434,0.2160032714964084,0.47857020257516786,0.03380441319455672,0.44262078341295624,0.16633206862645417,830.0549517619846,6.959669313076492,0.09248840478380078,Tomato___Bacterial_spot
0.4071964966663877,0.4118468082376606,0.39502286558345195,0.1831552471834822,0.1328135502671936,0.1592421321737991,74.26840209293981,0.18611532703649325,0.4493964707712738,0.04742141466846038,0.4182412618046036,0.14956322569089203,171.33611935856322,6.841049635056522,0.057576295408800784,Tomato___Bacterial_spot
0.4765118109592954,0.47795652512990305,0.46414252762988445,0.2142897035795851,0.18567212644574432,0.23178500817897182,0.10516356754919798,0.20043170706044955,0.5196320807795136,0.041205819959540854,0.4856525653248062,0.19711226481633454,7764.8311496916185,7.379378609718921,0.2263232436509883,Tomato___Target_Spot
0.49030268663258947,0.46482717160664866,0.4525015914936387,0.10610645374838545,0.09128812674042969,0.1164135946500526,6.121734612471073,0.13824971274148745,0.5149845874170869,0.012797253469725139,0.48074206646730805,0.08980894345479279,0.0,6.259255493152659,0.026768800291613288,Tomato___Late_blight
0.46496397727818883,0.4962398326822407,0.4286364281673753,0.1358498271423979,0.16159325066563873,0.14231174574973446,43.19253539372106,0.16280299679052157,0.5189928805689423,0.12482637565841247,0.4888843887691727,0.14490613598065644,852.8743993471334,7.079605510854765,0.08817016747911328,Tomato___Late_blight
0.422472451866583,0.42673300866566966,0.487426635076555,0.09636318049017623,0.1013116535877922,0.13501621173503262,255.33023070622104,0.25784054652463717,0.533127108798465,-0.030486019064883702,0.4420810335521927,0.0896231408758667,843.4861860891295,6.339223112738705,0.08730041650255078,Tomato___Tomato_mosaic_virus
0.40697741979451574,0.4565367019601948,0.30606293325618145,0.1469010796267195,0.1310156655645111,0.197394171224855,97.45916747379918,0.35927734032880587,0.47500957010789796,0.22598019641151,0.4342673116569748,0.13161687809663086,0.0,6.891722253990483,0.034932252440050784,Tomato___Tomato_Yellow_Leaf_Curl_Virus
0.4600327658066312,0.42804717187367747,0.3989703917999589,0.23335974773947432,0.19518070641515045,0.2316731451618896,51.12539672184606,0.2541104878545932,0.4823649322847931,0.023038354034324176,0.44399893220713044,0.2094237532063034,2111.764619829036,7.245051966055924,0.1639453139634883,Tomato___Tomato_Yellow_Leaf_Curl_Virus
0.46594757312627233,0.5306115067430622,0.34026395921901104,0.09985698124949172,0.10519259396550446,0.16180063174846035,109.43078612614293,0.3490630711675815,0.5487005507807343,0.28095853727569153,0.4992801838760605,0.08719815570550232,0.0,6.27536689463087,0.028081056150988288,Tomato___Tomato_Yellow_Leaf_Curl_Virus
0.3763329731831113,0.38354166511975596,0.35373869185641643,0.16734285018030837,0.1217816916441658,0.16490889476420742,55.700622551924184,0.20860825732957644,0.4185260629515259,0.06295881074180175,0.38769152697374726,0.1381097461624649,410.1825743076814,6.803451999829402,0.053074952635363284,Tomato___Bacterial_spot
0.5503673302540342,0.5172551787325032,0.424401458551439,0.26359868905131056,0.24988426986691742,0.27881582962157586,61.83261107731481,0.36057830110799594,0.5777544772486298,0.08568873655309249,0.5262731903438798,0.25400237995820313,5042.53129205098,7.51323521456916,0.2166491713853633,Tomato___Tomato_Yellow_Leaf_Curl_Virus
0.47692949050755895,0.4900866663881428,0.46961193924144146,0.08932180068079665,0.09879144999739914,0.0932728140223251,231.79125975895542,0.09763750687848849,0.5167311227182954,0.059579026217360984,0.4935213619117966,0.09117483604388504,3862.986183447666,6.394759548723101,0.1360064711900508,Tomato___healthy
0.4341604160675565,0.46030913953267405,0.44139456396296856,0.189713129015605,0.144833124909375,0.1771113662588821,88.77731322575231,0.1574603940607242,0.48318375109239503,0.0710104892801242,0.460037230814003,0.1613224919481781,448.74737984421233,6.947455788780606,0.058446046385363284,Tomato___Bacterial_spot
0.5425505387196103,0.5504498994775898,0.4650482202072465,0.29396055004183486,0.2730892670488098,0.3147616325485931,76.60317992497106,0.30767533437024874,0.5865002667765229,0.11924818557014037,0.5480549329166642,0.2823295916958359,5786.176012535715,7.710607742598328,0.1804400649400508,Tomato___Late_blight
0.5218459712872068,0.5537498510309345,0.39209195618823406,0.11251602432314589,0.12551432076451569,0.15482740985038143,90.08145140934606,0.2868110562921695,0.5717774426798432,0.21950903933753538,0.5354844325428239,0.11128171045022278,0.0,6.478542810073478,0.022465821775988288,Tomato___Tomato_Yellow_Leaf_Curl_Virus
0.4294863688358823,0.4439695096441395,0.44810092096522686,0.19751841685358718,0.19711298469064026,0.22617937015178066,201.22097777653354,0.2398721750141315,0.5030706620077698,0.036298830325503836,0.4498128288631668,0.19743462163644104,12828.468873022026,7.27611524285366,0.28072082665880077,Tomato___healthy
0.4558632718929807,0.504165045065511,0.3463557029266679,0.09578854701105788,0.09370422336814194,0.1744435368645416,104.81726073551793,0.3083630527616672,0.5225812589983552,0.23205832045783567,0.481435357893013,0.0784876148744133,0.0,6.103466614992553,0.07263672021348828,Tomato___Tomato_Yellow_Leaf_Curl_Virus
0.6136920797237913,0.6013943469949848,0.4760813677807176,0.10405166557614043,0.10255546096322327,0.1663481234181152,39.807128899580434,0.27212044850599093,0.6530797278742402,0.13896236222495603,0.6004885428791276,0.09035057831244736,233.6256981102241,6.314077752604585,0.048787232908800784,Tomato___Septoria_leaf_spot
0.5160874473461667,0.5408509290643818,0.4054881299038255,0.0975577842313452,0.10268721703049927,0.16899474846007687,107.67160033512731,0.2402829553247623,0.5585237538675873,0.1860735605310397,0.52771806653788,0.08585264045434265,0.0,6.15471812715773,0.030140992674425788,Tomato___Tomato_Yellow_Leaf_Curl_Virus
0.44673642987103857,0.39406012658559153,0.37525593881801006,0.16461623570505812,0.12990609529969482,0.15784355388762814,39.22042846012731,0.23313799754392428,0.4643332159380524,-0.007924966250757687,0.4173695140724411,0.1407793487949875,3155.137671584166,6.94284677556424,0.1869403090806758,Tomato___Tomato_Yellow_Leaf_Curl_Virus
0.4600327658066312,0.42804717187367747,0.3989703917999589,0.23335974773947432,0.19518070641515045,0.2316731451618896,51.12539672184606,0.2541104878545932,0.4823649322847931,0.023038354034324176,0.44399893220713044,0.2094237532063034,2111.764619829036,7.245051966055924,0.1639453139634883,Tomato___Tomato_Yellow_Leaf_Curl_Virus
0.4326043474087278,0.44755759005032847,0.40005993490413067,0.17874925694052413,0.12437958243844299,0.198930197821878,8.975372307783573,0.24908951178800387,0.4852229153971283,0.08839808803309966,0.4473746412639847,0.14376503485875397,1224.762997662784,6.886907703240156,0.11444580224473828,Tomato___Tomato_Yellow_Leaf_Curl_Virus
0.3746347176441709,0.3871808565088398,0.3295761609573686,0.172864043327014,0.12276643488166122,0.17911332236411434,59.096069329267934,0.289333673870676,0.4248875474791138,0.09609803956260253,0.3865654760246506,0.14024755615430146,598.7561385835478,6.965067627436366,0.10069763329942578,Tomato___Tomato_Yellow_Leaf_Curl_Virus
0.518093322456793,0.47258108024083445,0.31820967440799114,0.09055198839489653,0.10091431412455826,0.1411098329889999,38.457885735517934,0.37818014875661654,0.5268911516527741,0.1348062197517352,0.4782937162761917,0.07764613885121613,0.0,6.03581269098652,0.030858155760363288,Tomato___Septoria_leaf_spot
0.5481781708607236,0.5403373158403523,0.4859789574642503,0.27143467328135207,0.23931281987187653,0.27929174290778497,66.48431395817418,0.22905302301656527,0.5791018402437775,0.0724646786998706,0.5461876386051407,0.25231145579057007,3506.0067756074905,7.573288222629082,0.1530352797838008,Tomato___Late_blight
0.3715446042427579,0.3680766141840107,0.3622967863579118,0.18421336373869612,0.1412550878858307,0.17687336491229397,21.72949218083043,0.19698976234208865,0.40448663590951844,0.02825895350684691,0.37815743621637726,0.15673527378278046,0.0,7.021633180327081,0.050282594236925784,Tomato___Tomato_Yellow_Leaf_Curl_Virus
0.47616944187970556,0.49731223945103953,0.5026285613079392,0.2083029385525389,0.17543578866479187,0.20977022634627682,221.09439086247104,0.1617813284755878,0.5289381539682954,0.04177369576205779,0.5012994402294388,0.1874663706465271,0.0,7.082427064106444,0.06958496240098828,Tomato___Early_blight
0.6135707246670286,0.6516745007463581,0.44571065550044414,0.14587139448706343,0.136466465625737,0.20077151940944057,95.05068969059606,0.3139533425928287,0.6695773398737519,0.27001479666938355,0.6265043609981766,0.12925443309979706,0.0,6.807301304348786,0.022496339354113288,Tomato___Tomato_Yellow_Leaf_Curl_Virus
0.42628294700475133,0.4425606346555836,0.3576633894939744,0.13271657487932875,0.12292838070151596,0.17832619832637173,80.42681884098668,0.2388503129841022,0.46261192320390626,0.1271220932554202,0.4377181821708908,0.12480867910819321,0.0,6.746337834582289,0.08443176415880078,Tomato___Tomato_Yellow_Leaf_Curl_Virus
0.4763168143639127,0.4643382943102009,0.4543938005466783,0.20222599169794753,0.18455652121064453,0.22233341024997097,352.0935974054398,0.20633344606172366,0.5119019543985932,0.023913186306853778,0.47648900684168244,0.19122798997597962,7801.176656745277,7.377674626435102,0.2462817397447383,Tomato___Spider_mites Two-spotted_spider_mite
0.4832445132145444,0.4622355020471699,0.4547420704861009,0.1967946227509184,0.1683934104776123,0.19933938370826107,19.521209710127305,0.19240296140920443,0.5156315958361237,0.012431636716027743,0.47736579116632843,0.17733495194154053,6980.30826426474,7.29765317399595,0.2406665053697383,Tomato___Target_Spot
0.47616944187970556,0.49731223945103953,0.5026285613079392,0.2083029385525389,0.17543578866479187,0.20977022634627682,221.09439086247104,0.1617813284755878,0.5289381539682954,0.04177369576205779,0.5012994402294388,0.1874663706465271,0.0,7.082427064106444,0.06958496240098828,Tomato___Early_blight
0.4600327658066312,0.42804717187367747,0.3989703917999589,0.23335974773947432,0.19518070641515045,0.2316731451618896,51.12539672184606,0.2541104878545932,0.4823649322847931,0.023038354034324176,0.44399893220713044,0.2094237532063034,2111.764619829036,7.245051966055924,0.1639453139634883,Tomato___Tomato_Yellow_Leaf_Curl_Virus
0.3122475492367307,0.3590662694402821,0.21531834845736858,0.11191158107105925,0.0995413881873825,0.14838256822707516,85.78100585270543,0.42793712273847384,0.37893877385660096,0.21651381653060484,0.3383830779438248,0.09403349715905457,0.0,6.4092656493293765,0.023717042479113288,Tomato___Tomato_Yellow_Leaf_Curl_Virus
0.4184523271927396,0.41485416058980296,0.39969443922236797,0.17813117167536452,0.1245377284621933,0.15468976782443386,62.33908080387731,0.17296733216058535,0.45398760794206544,0.03750865187754203,0.4239046269302597,0.1432199950857666,0.0,6.746678569243252,0.048970338377550784,Tomato___Bacterial_spot
0.4661167013058225,0.4744495666452534,0.33287626152232525,0.13841109833304122,0.15454360071179657,0.16701703654410702,98.03085326481481,0.28248569623243136,0.4948662316660492,0.175853345806499,0.4655214541797867,0.13563077408509522,0.0,6.815161531908084,0.054432984861925784,Tomato___Bacterial_spot
0.47766632312627233,0.453757158560384,0.44235545044139263,0.20652646681849196,0.20191081586835175,0.21994299577357632,21.721832268721055,0.1960622693659,0.49706996439500734,0.013439672331114299,0.4693090313320389,0.20359426993565827,17123.518850138313,7.462619270344055,0.32281982568223827,Tomato___healthy
0.423127387703375,0.43603240613423655,0.403039153863939,0.18455585202757552,0.13117886308190613,0.1650670854914413,80.79159545231481,0.19994387284528536,0.47197935937448426,0.07184541624297668,0.4381154173259964,0.14941866952615052,314.5237399955703,6.8225345791540635,0.06532776025255078,Tomato___Bacterial_spot
0.47782055014462865,0.5268335855432636,0.3768029773731553,0.11443768552128508,0.11662448916194229,0.18457039581420284,90.53057860661168,0.28941056386243624,0.5470298325876801,0.22499080401172208,0.5047780269031754,0.10241189855771332,0.0,6.56891564867844,0.040669557127550784,Tomato___Tomato_Yellow_Leaf_Curl_Virus
0.5085483240494291,0.483325771135915,0.46768930201724407,0.1930123802143736,0.15969411257264404,0.19438224421622616,40.92013549137731,0.17038950577985568,0.5328603184084504,0.016361043120522983,0.4987875216846695,0.17214203137593537,5042.87321835374,7.238503588427281,0.1829272475572383,Tomato___Target_Spot
0.40459606522412694,0.39675607447110484,0.3815254533787095,0.2047117736059828,0.15587045970914154,0.18485663221957546,62.07559203434606,0.1961334671140842,0.4370485043387024,0.033337734902997504,0.4070667320137253,0.17303382116990357,55.89462713701221,6.944490145314281,0.043004151854113284,Tomato___Bacterial_spot
