r_mean,g_mean,b_mean,r_std,g_std,b_std,h_mean,s_mean,v_mean,excess_green,brightness_mean,contrast_std,laplacian_variance,entropy,edge_density,target_real
0.4614389549316339,0.4463273589809077,0.3442672210102831,0.10197843620607668,0.10498419342273382,0.16214496462469574,101.34770709706788,0.2745556095880908,0.4902277214998292,0.14749185181515012,0.4618507708283005,0.09460771682878164,0.0,6.045045624430119,0.04590983414397267,Tomato___Tomato_Yellow_Leaf_Curl_Virus
0.49336117611541075,0.43302545001102855,0.44419866970832694,0.2348703295929175,0.19971001831525473,0.22872903018122193,68.89583331777101,0.19539816773361385,0.509126387404828,-0.010965573607816363,0.47497949850278476,0.2131485104860845,2833.7692079792478,7.185405320611745,0.18584818863616018,Tomato___Spider_mites Two-spotted_spider_mite
0.4806287299217157,0.438434243698849,0.4316664355164324,0.09452885398695283,0.09608723906510977,0.12993007718449112,10.274495427146007,0.14039945698208034,0.49868097143116463,0.025116616853640413,0.47291881692128757,0.08879774662871984,0.0,6.065291647681312,0.05607218765959767,Tomato___Late_blight
0.4876899133743219,0.3974325959880488,0.371538551366881,0.21942158052751834,0.1905562498950353,0.20400277345304962,77.72108966542726,0.3159719566149157,0.4992676301473664,-0.003819912678434515,0.4441075111599503,0.19915685656686452,8057.255559119091,7.263715321050385,0.28504557633147265,Tomato___Spider_mites Two-spotted_spider_mite
0.4195181737960748,0.44741767694546153,0.3100314455395495,0.1523866952402335,0.14688908246987967,0.1769633200657892,123.66759235097413,0.3558856705469531,0.4886419697279023,0.2258290741528729,0.4460536028118668,0.13973646464963582,0.0,6.761865486139474,0.06060404801116017,Tomato___Tomato_Yellow_Leaf_Curl_Virus
0.5077354620517663,0.44084200312687327,0.43932596019561637,0.22098685810396487,0.18742693153852133,0.2346821781886148,56.68498737050538,0.2347865561289233,0.5214588566297578,-0.004834050319029951,0.4833102310867844,0.20151895883699086,4729.4332686731805,7.180734929468984,0.24483866715178518,Tomato___Septoria_leaf_spot
0.4776878963531427,0.41534486462665965,0.42311734131629813,0.17058050641844089,0.12754990098708777,0.17833591072683808,47.26973468495851,0.20540517664379299,0.4999867005819367,-0.009572298272385264,0.45751140367704013,0.14315708580632833,1458.701245216115,6.760691567164799,0.14571757340178518,Tomato___Tomato_Yellow_Leaf_Curl_Virus
0.42862084613456053,0.37244761039806773,0.33611700109298576,0.257799834106658,0.22627180007928518,0.248401572991662,89.50783282948976,0.36627285278267085,0.4514049215787934,0.040700810023711065,0.4077416146965561,0.2363016218246999,5351.451236405804,7.302014562910842,0.24055094742522268,Tomato___Spider_mites Two-spotted_spider_mite
0.5030794452251367,0.458561242123379,0.4310713725453173,0.1854480952961188,0.1488031664275518,0.1966793593657541,59.09654742909913,0.23420618570274532,0.5377077980512666,0.043515132733748296,0.49137831580358127,0.1593431145252767,4184.371421071396,6.890130852052232,0.26623148941741015,Tomato___Leaf_Mold
0.5597558032096795,0.5118557815749781,0.5118481235867297,0.2849084437830191,0.28165409652227075,0.2966415938628244,66.61571246816163,0.1763976970953387,0.576934985684781,0.01265096850054059,0.5488169575901566,0.2836198568644109,1305.0214717683127,7.350654043454168,0.15014262222991018,Tomato___Late_blight
0.47587412701262755,0.4422892933089869,0.4451518373852526,0.12677259007522876,0.12670448360675482,0.11881289451246735,247.12131244374757,0.17419080532020748,0.5114003344053315,0.024095894762442446,0.4752973998756943,0.12004764977117208,679.6329674640881,6.5693440618520915,0.12603373551116018,Tomato___Late_blight
0.5014096807063989,0.43168479253841807,0.40476030281837333,0.22155267009565646,0.2016135671519628,0.21619669168119904,81.20528155995851,0.27458541191047847,0.515427850055127,0.017742911347315645,0.4721030081482468,0.20779282453675893,7805.8240740547635,7.297670961231159,0.28673930191741015,Tomato___Spider_mites Two-spotted_spider_mite
0.41951128945960325,0.4449176793296473,0.31921902469451774,0.15576267251798923,0.13891337005132345,0.20539032487993714,120.31239825917726,0.34610296881622493,0.4868095143312501,0.21164838410274778,0.4456314529152451,0.14009075465818074,0.0,6.79928355081641,0.05276103043303517,Tomato___Tomato_Yellow_Leaf_Curl_Virus
0.48150122271193785,0.45693379690243174,0.4403307752972399,0.17008064696619327,0.17025837985509543,0.1758433338892984,215.15434772206788,0.20004601872390926,0.5205089374059724,0.05257897264616285,0.48502663624005893,0.1663914233746114,0.0,7.101993452493688,0.11320109390959768,Tomato___Late_blight
0.515942127567666,0.4808923607070582,0.4769305901890551,0.1655547768814307,0.16945295719140677,0.14672756760244843,272.1832631273413,0.11633874571747004,0.5364490671628999,0.029455384233162737,0.5135605121822892,0.16376005712171224,0.0,6.850206394973752,0.07184977555022268,Tomato___Late_blight
0.4556004117549829,0.46383032252384593,0.3341683166390215,0.15895387539694125,0.15583836225503592,0.18645726709490296,115.39638263417726,0.32809077299064815,0.5054010076993989,0.19843527115242277,0.4692280079098282,0.14972647133489278,0.0,6.898858744368911,0.06536479019866018,Tomato___Tomato_Yellow_Leaf_Curl_Virus
0.4741468142093591,0.42464137126995494,0.4415449219113146,0.21020446727106387,0.166011176385819,0.19929421513205048,60.72112018300538,0.16059090292877376,0.49767606692257393,-0.005865665159060621,0.46401039612012485,0.1821086913647237,1014.3427383316891,6.802342404198426,0.13862223648772268,Tomato___Late_blight
0.4183602939666681,0.4115433101852076,0.38260325959976066,0.19334580013582522,0.11662759570115713,0.21509966819410797,64.40974933339601,0.3076589266104144,0.4845850391859101,0.08266637659923826,0.4329223121376572,0.1453442484440389,0.0,6.738495893939912,0.07682414078459768,Tomato___Septoria_leaf_spot
0.3922740231574945,0.3755795960624354,0.37728721073921073,0.16403532037565524,0.11758392242425589,0.1570822653067636,79.73552447988038,0.17763725018924892,0.432086340951352,0.04214129782573972,0.4034057642193375,0.13423380109687474,0.0,6.614926613126085,0.06367106461272268,Tomato___Bacterial_spot
0.43881681666983885,0.4309416120250361,0.3708194809323107,0.14157816777059848,0.1308260851883283,0.18632235198145386,103.28004962636476,0.22567594147152126,0.4744118674272584,0.112790280946658,0.4490823234291611,0.1332825556697431,0.0,6.653899131408216,0.10226054215178518,Tomato___Tomato_Yellow_Leaf_Curl_Virus
0.46545523510588926,0.5067237620551722,0.3188213723068987,0.1408016235573035,0.15833691445821432,0.20843606262331482,123.31773883534913,0.396281407241289,0.5501218362325715,0.2897141668881634,0.4956035102577744,0.14143933954854634,0.0,6.552489707294129,0.06586833023772268,Tomato___Tomato_Yellow_Leaf_Curl_Virus
0.45533722744597716,0.43178951789928843,0.3444373326664721,0.09781669834682756,0.08259189812177328,0.14460266201620575,71.48677570058351,0.3319261828703326,0.5067228599065827,0.12434777058021818,0.45151201736646274,0.07188411656041768,0.0,5.595472054457976,0.06148905777678517,Tomato___Septoria_leaf_spot
0.4843501459182672,0.5117702489097254,0.37041369251067985,0.10409891614744478,0.1290541434072843,0.18566650717382904,119.33699542714601,0.2877332726759356,0.5544797702306794,0.2293202076043347,0.510096945879036,0.10272679331918386,0.0,6.337573077269851,0.03629679703459767,Tomato___Tomato_Yellow_Leaf_Curl_Virus
0.49894100533141417,0.5238041882712977,0.31941545180137504,0.17204520115682895,0.1789593615912786,0.20079564123278137,117.10493976308351,0.40211941397613704,0.5649230404371308,0.2897953484143475,0.5157097364636002,0.16193690004964498,0.0,7.040250035765507,0.09083170914397268,Tomato___Tomato_Yellow_Leaf_Curl_Virus
0.49058717594756407,0.4658358102042811,0.46932336858566154,0.19600978503057773,0.19305550245278982,0.22099495499258515,62.79668170644288,0.2107750484985751,0.5342168732160615,0.032304404297039846,0.49627400290685275,0.1946429372133794,10714.175078393353,7.2508247580521,0.31150431656584765,Tomato___healthy
0.547857285601037,0.49881798078609874,0.5055460350876605,0.20211136350462253,0.15735647765630392,0.20658039121752259,54.09114581777101,0.1509116301578921,0.5724733992094087,0.0047760568495253085,0.5368876243801651,0.17485944035668996,1280.1565233165609,6.873201068594851,0.13694376969084768,Tomato___Late_blight
0.48394236074103636,0.43963855554653575,0.4453042464619433,0.2590413839561682,0.22882013706201224,0.24433358578806397,93.25166827870851,0.19652803337997615,0.5107984467023896,0.01057385838882718,0.47617117416577914,0.23860188427587178,4396.477137724564,7.471477000455404,0.24540324234709768,Tomato___Spider_mites Two-spotted_spider_mite
0.49058717594756407,0.4658358102042811,0.46932336858566154,0.19600978503057773,0.19305550245278982,0.22099495499258515,62.79668170644288,0.2107750484985751,0.5342168732160615,0.032304404297039846,0.49627400290685275,0.1946429372133794,10714.175078393353,7.2508247580521,0.31150431656584765,Tomato___healthy
0.47410237894667906,0.44654521395756175,0.4082141237622057,0.1914746166212302,0.16829711882108359,0.18802211253767487,82.05754596425538,0.21771454906887233,0.5092505140775727,0.07131730205671583,0.47305495392995456,0.17292686405797628,2569.385150720759,6.898919565869913,0.18397135758147268,Tomato___Tomato_Yellow_Leaf_Curl_Virus
0.4101110409320764,0.36425989915920665,0.3529608862763201,0.18972484776804263,0.15313891259664206,0.19839788048391815,78.22725421620851,0.24133931196159542,0.4306955857748078,0.025991158553526735,0.3993212367268143,0.1683651566805425,0.0,6.861620194819998,0.09847636246428518,Tomato___Bacterial_spot
0.45304021344794554,0.46430808355404307,0.2834179418450152,0.160125747416709,0.16929680792325644,0.1981725004208612,106.14214069081788,0.3973061600965899,0.5068536921018647,0.25270138121502195,0.4629574204655228,0.15217866602559713,0.0,6.931454633469984,0.05416483902678517,Tomato___Tomato_Yellow_Leaf_Curl_Virus
0.38587144122733397,0.36939221670223643,0.36418959668929923,0.1945312322122794,0.13870090184444098,0.1874480304015207,77.74702960683351,0.2473626891416949,0.43619548516216744,0.04926679469005857,0.3963663066597519,0.15784209075589803,0.0,6.926355233699177,0.13935465836272268,Tomato___Early_blight
0.391050131183999,0.4093102221686976,0.2805400805836474,0.14327301094362552,0.15487351206773428,0.18754929869299408,113.14970905019288,0.3660870055002612,0.4528404994482087,0.20757363177196775,0.41181055557447055,0.14300785067697194,0.0,6.791347941069016,0.04728312515959767,Tomato___Tomato_Yellow_Leaf_Curl_Virus
0.5145429979385309,0.47242796470714976,0.5127459781533038,0.19510266194174106,0.1875481375836721,0.22787331609850403,302.11436969472413,0.17736782229370296,0.5579117460722016,-0.021889728500380182,0.5122564817638932,0.19168668094297078,4469.353907774596,7.187544166523346,0.19277567887053518,Tomato___Late_blight
0.43695858226432127,0.4304611389835017,0.4027474837666308,0.1847861410124045,0.13432951209777502,0.20338528423433777,85.09575397206788,0.28034265435165584,0.5003887041086243,0.08175958133594785,0.45188445698934177,0.15130755904336599,3477.7333502719857,6.893440611340142,0.20663065933928518,Tomato___Septoria_leaf_spot
0.5124805580200128,0.4195038979251521,0.39145559243018974,0.21877846131155307,0.18685691741937308,0.20169434516554352,77.47826129628663,0.30265753066963375,0.5252805872434663,-0.004385085782839918,0.46674633872228244,0.1960058719219747,6515.632016427277,7.19266667720036,0.25608439469084765,Tomato___Spider_mites Two-spotted_spider_mite
0.5771896253646783,0.5319662695129054,0.5080650167828357,0.25531722614595703,0.23555969385141043,0.26397115557318207,82.57582599355226,0.19159342444366634,0.5948655529493379,0.03922118432180677,0.5654032016964493,0.24363180103917745,1076.5412356952882,7.3571764050401915,0.14768595719084768,Tomato___Late_blight
0.5021481226505212,0.43504661371303965,0.4375065284138476,0.22389777014086062,0.19889851597779898,0.22075374989634033,69.96800739003663,0.1991964886230868,0.5137398763174104,-0.009018072864844465,0.47803030264096835,0.2078543961348119,3641.0726431605153,7.26241939382835,0.20067973160491018,Tomato___Target_Spot
0.5874179612220697,0.5280243759353297,0.5289059000378405,0.19236037144491488,0.1903700002812734,0.23384355573778626,355.79979449941163,0.19954305983013332,0.6100214047903108,0.00026831030206475245,0.568523504850441,0.19171101453920034,6582.987471583926,7.125497396807525,0.26304240250334765,Tomato___Septoria_leaf_spot
0.5198246847213678,0.5450870399673121,0.39877543023879874,0.15934121618101413,0.15429282871717123,0.192784478951745,122.75523883534913,0.3063207725328845,0.5863018556112336,0.23211724496738706,0.5434939647884903,0.14770734909196523,0.0,6.879972277615962,0.06660075211272268,Tomato___Tomato_Yellow_Leaf_Curl_Virus
0.5561566959442071,0.5761588220794337,0.4199931936627184,0.10249289879629427,0.11440355268949179,0.16880740790491577,121.69804889394288,0.2783358255667132,0.6172100229734467,0.23671106434719358,0.5750151659222184,0.09252784255166677,0.0,6.027983352677654,0.03960795426116017,Tomato___Tomato_Yellow_Leaf_Curl_Virus
0.46563673124923033,0.42342740346981456,0.39656144551093925,0.22859303662607486,0.18837518183225302,0.2124201264870691,86.47801715566163,0.24179901278442562,0.4942751152986573,0.04519993997471128,0.4556251550884781,0.20098637643476155,1070.130423093841,6.998317905111707,0.14315409683928518,Tomato___Tomato_Yellow_Leaf_Curl_Virus
0.5106374929965906,0.455525935192837,0.416489096201018,0.24254129836389834,0.20506293264859823,0.2564317789567041,76.74348956777101,0.3062000433248919,0.5331352277273225,0.04446865058796201,0.49019397151189426,0.2201477051081243,4878.789558279955,7.308399278989776,0.25698466324553515,Tomato___Tomato_Yellow_Leaf_Curl_Virus
0.5145443390430383,0.46214965035511424,0.43544688991363395,0.14561432609388644,0.1538419046782842,0.1884604152930307,358.00890094472413,0.2783484319490832,0.5495796127790498,0.03485148213164602,0.4974114681454239,0.14041968289037374,2815.5369020054795,6.688218100068702,0.17873759293303518,Tomato___Septoria_leaf_spot
0.4048193703712396,0.38642025043560435,0.36780470780189384,0.21095190951654727,0.1607233652257314,0.19343872933512207,105.69505817128663,0.23414267695373714,0.4465003533834504,0.06075977719681058,0.41243932497220614,0.17776321473737386,0.0,6.874264659972904,0.10677714371428518,Tomato___Bacterial_spot
0.45133340464247984,0.3685581987102168,0.3381780999069964,0.16742317387888248,0.14151068715089468,0.1751724687111902,69.20735675527101,0.32257194912857234,0.46784489588680733,0.008148251094982958,0.41248456489759067,0.14842294755597737,3570.201709123955,6.94600438638884,0.25980753922209765,Tomato___Tomato_Yellow_Leaf_Curl_Virus
0.43623253808631224,0.4353839163978236,0.3565912263756548,0.14384724209139163,0.13217586217158941,0.18970141379957672,121.22359210683351,0.2527832547468585,0.47672107057514657,0.13848745263473783,0.4492952014179764,0.13493876013179448,0.0,6.686927704625638,0.06963725113616018,Tomato___Tomato_Yellow_Leaf_Curl_Virus
0.5066528330863885,0.4534141426284449,0.4830581264858996,0.0988108516676169,0.0988465913915029,0.1253493261230516,337.292561833396,0.09881214148229776,0.5178412123197602,-0.022339358932211065,0.4953518296452103,0.09762149158139852,0.0,6.1368494025692435,0.07941813492522268,Tomato___Late_blight
0.4556004117549829,0.46383032252384593,0.3341683166390215,0.15895387539694125,0.15583836225503592,0.18645726709490296,115.39638263417726,0.32809077299064815,0.5054010076993989,0.19843527115242277,0.4692280079098282,0.14972647133489278,0.0,6.898858744368911,0.06536479019866018,Tomato___Tomato_Yellow_Leaf_Curl_Virus
0.4200929413856439,0.3858599369723933,0.38509598544891227,0.1426835061056357,0.09369535682433752,0.15360817878370758,43.48311359120851,0.1808794150394839,0.4489434285635041,0.027074286707804537,0.41864846002774814,0.1121980384292188,0.0,6.377404715402484,0.05099101090178517,Tomato___Tomato_Yellow_Leaf_Curl_Virus
0.45698863373412413,0.42599570800854136,0.45657739213760246,0.19577789316007907,0.1934217878960958,0.21211387782221314,251.8493703050757,0.1719959089798373,0.49707850055637826,-0.001031262806489134,0.46138880502896884,0.1948471427263799,17187.51835857464,7.315206771059389,0.34983439469084765,Tomato___healthy
0.45673138008727354,0.46626293708874156,0.4458694773083483,0.10737629989216142,0.07240426851147322,0.11212617724066254,353.6497090501929,0.12946105099147975,0.51426210241261,0.09046833402769361,0.48372808944898227,0.0755168892743173,0.0,5.7872517030166355,0.03820414566741017,Tomato___Late_blight
0.44202023850096983,0.432350487013592,0.46125701240356315,0.2063800097448569,0.2050106891774526,0.2341755238068628,224.07420856191163,0.22669780350155055,0.5148706062311219,0.02196701801674161,0.4611769701214371,0.20590849819799092,11965.196978296546,7.1836765396795865,0.29854960465178515,Tomato___healthy
0.5629011999191217,0.5056361561019557,0.4375575499897753,0.27246028194258026,0.2577819743537298,0.286811983276658,84.68584186269288,0.347403929595415,0.5895544214719819,0.07135692424433027,0.53763733160215,0.262476256519753,4179.2593973255,7.4207965113950864,0.23447794937834768,Tomato___Tomato_Yellow_Leaf_Curl_Virus
0.46563673124923033,0.42342740346981456,0.39656144551093925,0.22859303662607486,0.18837518183225302,0.2124201264870691,86.47801715566163,0.24179901278442562,0.4942751152986573,0.04519993997471128,0.4556251550884781,0.20098637643476155,1070.130423093841,6.998317905111707,0.14315409683928518,Tomato___Tomato_Yellow_Leaf_Curl_Virus
0.47195285664214415,0.4301034217078822,0.45155844262893546,0.19120515892336185,0.17248082844251303,0.21096750168924805,27.005299870505382,0.18905681467479885,0.5008770151609467,-0.0027610752795478345,0.467702188608223,0.18043114843984273,8136.247342619507,7.1228624910050735,0.30022807144866015,Tomato___healthy
0.5030794452251367,0.458561242123379,0.4310713725453173,0.1854480952961188,0.1488031664275518,0.1966793593657541,59.09654742909913,0.23420618570274532,0.5377077980512666,0.043515132733748296,0.49137831580358127,0.1593431145252767,4184.371421071396,6.890130852052232,0.26623148941741015,Tomato___Leaf_Mold
0.6262259493888788,0.5897753243644374,0.48923745921905387,0.11291325846741014,0.11045316545003561,0.17434427707319733,62.66035968495851,0.25894607699341,0.6648796720975922,0.12463054991619382,0.6118526841373978,0.09882445487399724,0.0,6.221639049430512,0.06661601090178518,Tomato___Septoria_leaf_spot
0.42260182009352965,0.3669152860839503,0.38074708155448783,0.17561723301241214,0.1667981067084661,0.18817109434729096,60.71892291738038,0.1518930504364413,0.42972984151783455,-0.008974991745187903,0.4077823246689377,0.171588143736321,0.0,6.9084461194271745,0.09495158219084768,Tomato___Late_blight
0.3907374750198297,0.41096147944523265,0.5038347559338366,0.15950417527983005,0.1670352139853826,0.23537651269560333,233.6664632005835,0.2944891611380023,0.5359144731039094,-0.01210590825123992,0.4381419504852829,0.16963174048085836,0.0,6.973681978478747,0.11350626969084768,Tomato___Late_blight
0.5802853118003778,0.532765925427212,0.5384828167324817,0.19810768971273715,0.16982791511052756,0.1997238454115915,69.71297198964601,0.13243101633018672,0.6042457147115754,0.007307158776686525,0.5702658678265152,0.18026832345147756,6052.8862407241695,7.168603971519313,0.24274821305022268,Tomato___Target_Spot
0.45698863373412413,0.42599570800854136,0.45657739213760246,0.19577789316007907,0.1934217878960958,0.21211387782221314,251.8493703050757,0.1719959089798373,0.49707850055637826,-0.001031262806489134,0.46138880502896884,0.1948471427263799,17187.51835857464,7.315206771059389,0.34983439469084765,Tomato___healthy
0.42260182009352965,0.3669152860839503,0.38074708155448783,0.17561723301241214,0.1667981067084661,0.18817109434729096,60.71892291738038,0.1518930504364413,0.42972984151783455,-0.008974991745187903,0.4077823246689377,0.171588143736321,0.0,6.9084461194271745,0.09495158219084768,Tomato___Late_blight
0.5347806821884088,0.44119107772900035,0.40420976451690543,0.19993515322038943,0.171565837540566,0.18777633278494354,77.78786212636476,0.30091266429847896,0.5493728442663239,0.003935143345163202,0.4875984276505051,0.1793330520691457,7788.169328437581,7.168794468983744,0.28857035660491015,Tomato___Spider_mites Two-spotted_spider_mite
0.4753791998447351,0.5066376929481166,0.35085261038596977,0.11808834234306627,0.10963241694205908,0.2004669365180063,125.83757526113038,0.3381236950201434,0.5479333920949983,0.24758697486774717,0.5021717931004105,0.10183556976934102,0.0,6.129467509348522,0.06023783707366017,Tomato___Tomato_Yellow_Leaf_Curl_Virus
0.5138917277873926,0.45637095024181773,0.4608368592625414,0.1894645691854697,0.14395188478463797,0.19292308955317017,62.12642413808351,0.16747453904575527,0.5330606623167085,-0.0014432519738217832,0.49671868335919955,0.16242944303174642,419.3695919880854,6.7624231321863055,0.09966654801116018,Tomato___Septoria_leaf_spot
0.46545523510588926,0.5067237620551722,0.3188213723068987,0.1408016235573035,0.15833691445821432,0.20843606262331482,123.31773883534913,0.396281407241289,0.5501218362325715,0.2897141668881634,0.4956035102577744,0.14143933954854634,0.0,6.552489707294129,0.06586833023772268,Tomato___Tomato_Yellow_Leaf_Curl_Virus
0.5014096807063989,0.43168479253841807,0.40476030281837333,0.22155267009565646,0.2016135671519628,0.21619669168119904,81.20528155995851,0.27458541191047847,0.515427850055127,0.017742911347315645,0.4721030081482468,0.20779282453675893,7805.8240740547635,7.297670961231159,0.28673930191741015,Tomato___Spider_mites Two-spotted_spider_mite
0.3987694095195703,0.3872433905799525,0.31560918859298576,0.12727635363170917,0.13882660058969168,0.1327665579212236,109.42986041738038,0.21642689502662837,0.4295541270250367,0.12065153754608426,0.40516329657750705,0.12291645112653402,0.0,6.568800472164455,0.08138651871428518,Tomato___Tomato_Yellow_Leaf_Curl_Virus
0.5143675516666345,0.5318288212020533,0.3912948983078753,0.14382131407091434,0.13079566446775107,0.194875663210206,118.05989581777101,0.3057903507990283,0.5728819294446992,0.2185385171260098,0.5332269455166397,0.1296495035590711,0.0,6.6671723256699265,0.05393595719084767,Tomato___Tomato_Yellow_Leaf_Curl_Virus
0.45222854719771666,0.45870143224789073,0.3754945116406237,0.16336955139467532,0.14278235224717764,0.20513086586122986,126.76863605214601,0.2678779522222918,0.5000431163782166,0.15022320485966,0.46992034566121677,0.15021917822976735,0.0,6.686947185675495,0.05163188004241017,Tomato___Tomato_Yellow_Leaf_Curl_Virus
0.4183602939666681,0.4115433101852076,0.38260325959976066,0.19334580013582522,0.11662759570115713,0.21509966819410797,64.40974933339601,0.3076589266104144,0.4845850391859101,0.08266637659923826,0.4329223121376572,0.1453442484440389,0.0,6.738495893939912,0.07682414078459768,Tomato___Septoria_leaf_spot
0.5405468355239801,0.5143711571891444,0.46391859821136344,0.19261503228971774,0.1985823580407491,0.21657953231459137,89.19466144277101,0.16731004512733638,0.5633724852079438,0.08482013083355222,0.5390860224934159,0.19137359264512685,0.0,6.911710779566599,0.06498332047209768,Tomato___Bacterial_spot
0.47163599835051817,0.5087780361373561,0.36952841452415336,0.12959649423191363,0.09459061858886389,0.1944055464757013,130.463460270896,0.31844337380356014,0.5501215978139924,0.23693499899761472,0.5044380212994156,0.0995993525089803,0.0,6.232065842033517,0.06533427262053518,Tomato___Tomato_Yellow_Leaf_Curl_Virus
0.39938759909285826,0.40605732848240306,0.3740121739273821,0.16991615304777438,0.11030412403577475,0.1667829808486032,99.36601764394288,0.23109193242019832,0.46178152399006356,0.09925818628923688,0.4230498458118973,0.1316931754650655,0.0,6.522845600292562,0.05627055191741017,Tomato___Bacterial_spot
0.5449709902824335,0.4623458986480372,0.4751983003979479,0.22329336414167697,0.2091613033198705,0.22619496851091858,39.93709308339601,0.20360441601700008,0.551398388909726,-0.03493413702292647,0.5111558819981156,0.21318817737718251,6105.502596620166,7.01774989548092,0.25477213883147265,Tomato___Early_blight
0.3946647952617578,0.3622228806216853,0.35796663335616935,0.17886266121694858,0.1418635317468038,0.18461657135611054,63.47823077870851,0.20932073986953914,0.42147850232067574,0.03235766104714666,0.39407769691663364,0.15590805414338735,372.3781996096229,6.905865546453677,0.11210246109709768,Tomato___Tomato_Yellow_Leaf_Curl_Virus
0.5070700655998163,0.4502876405913966,0.43598315290267814,0.21812883028814609,0.21360290733808188,0.23240250914221283,36.18315631581788,0.24556465542740047,0.5250162406438874,0.018065387376711702,0.48827479135709384,0.21289910975118306,9898.659746657519,7.389062595990951,0.30736918472991015,Tomato___Spider_mites Two-spotted_spider_mite
0.45223415003432554,0.41941168953968455,0.4037855284577166,0.22228528568575198,0.2218537249945989,0.22950167029028412,68.76744586659913,0.2430296698851031,0.48151766495647896,0.04334721154825483,0.4500841284962235,0.2204753965439382,14194.330858338319,7.406609197513854,0.33756632828459765,Tomato___healthy
0.45304021344794554,0.46430808355404307,0.2834179418450152,0.160125747416709,0.16929680792325644,0.1981725004208612,106.14214069081788,0.3973061600965899,0.5068536921018647,0.25270138121502195,0.4629574204655228,0.15217866602559713,0.0,6.931454633469984,0.05416483902678517,Tomato___Tomato_Yellow_Leaf_Curl_Virus
0.5118240724624566,0.46263426591946055,0.46370476654823173,0.1993226856929999,0.1815850505017629,0.21151346533422943,62.63649493886476,0.1724001327795428,0.5323371811384248,0.010282980271742678,0.5001039291592179,0.18848434689660695,7165.5410600404,7.210038219968212,0.24782938980803518,Tomato___Spider_mites Two-spotted_spider_mite
0.5145429979385309,0.47242796470714976,0.5127459781533038,0.19510266194174106,0.1875481375836721,0.22787331609850403,302.11436969472413,0.17736782229370296,0.5579117460722016,-0.021889728500380182,0.5122564817638932,0.19168668094297078,4469.353907774596,7.187544166523346,0.19277567887053518,Tomato___Late_blight
0.5056023310245447,0.43959373285366465,0.39921966365630973,0.23683832595178897,0.19889467147821097,0.2434368786109018,78.15096027089601,0.32086293495124996,0.521623067426114,0.03490887395398412,0.4773675585957108,0.2134933680595937,4459.57997419189,7.298441526567514,0.29085917496428515,Tomato___Tomato_Yellow_Leaf_Curl_Virus
0.42866951332701964,0.40895623018337657,0.4285861568814074,0.11588483313152605,0.11824130205148367,0.11386945663815018,269.35390216542726,0.08747659719413935,0.46273826794567574,0.02120013348119054,0.4397282386990128,0.11481107625384954,2916.1252103423913,6.546064821674885,0.15745158219084768,Tomato___healthy
0.5184464763225488,0.5175004606444972,0.43894165924842704,0.184528201912139,0.13184655395978598,0.2275374588263559,73.01891071034913,0.31342707670158565,0.5866662784093903,0.13815606571094785,0.531467476007515,0.1499354601206365,3980.858095253513,6.872612256036631,0.20191569351897268,Tomato___Septoria_leaf_spot
0.47587412701262755,0.4422892933089869,0.4451518373852526,0.12677259007522876,0.12670448360675482,0.11881289451246735,247.12131244374757,0.17419080532020748,0.5114003344053315,0.024095894762442446,0.4752973998756943,0.12004764977117208,679.6329674640881,6.5693440618520915,0.12603373551116018,Tomato___Late_blight
0.4656052599967889,0.4165814523894923,0.4197124855881487,0.18624338517019565,0.13473799762958197,0.1754325684798288,58.72481280995851,0.18682226634449184,0.49651222662868966,0.008388435461685991,0.4542364264698563,0.15198678377290395,3770.0230085863013,6.86826766858208,0.24474711441741018,Tomato___Leaf_Mold
0.3600167046607904,0.34752968003345897,0.3477945344811236,0.17569708833524997,0.12158808795446066,0.1548368093264627,99.15108234120851,0.20914657509750545,0.40524961786213387,0.047791475423739294,0.37393341314511874,0.14014548662324575,0.0,6.543575754156991,0.03898234390959767,Tomato___Bacterial_spot
0.43809485540999693,0.37293046762539317,0.35242214969451774,0.18324056277105624,0.15150508967870382,0.18808323710089203,70.49263507558351,0.2866412559790057,0.4613960309499787,0.015887325623200273,0.4127165759773789,0.1611717403235021,592.1234555837443,6.990018445483564,0.13816447281584768,Tomato___Tomato_Yellow_Leaf_Curl_Virus
0.5588466535629205,0.5621966724593775,0.45166602901275504,0.10515878358909898,0.12468703774446158,0.14729914634352204,149.20775348378663,0.2076798836035174,0.6038132234090852,0.174424180754588,0.5712345029087601,0.10092554095407155,0.0,5.986884324157296,0.03872294449553517,Tomato___Tomato_Yellow_Leaf_Curl_Virus
0.4286921034873895,0.3946874444682734,0.40862676671798576,0.15953181693384463,0.1100283780478826,0.15106689005022522,51.99809772206788,0.17185364759391963,0.46451433734837044,0.012599321075842714,0.4290838028164444,0.12663660797496465,703.8945210600948,6.6187636898296525,0.10892863297209768,Tomato___Early_blight
0.44748693810118956,0.42767858554912974,0.401230694568709,0.14930589506456668,0.10780049053662924,0.15678862302427765,71.67403155995851,0.22414237356609523,0.4984638019079255,0.06718287802593503,0.4532261575432358,0.1188670829238477,398.85276700060126,6.550394938742526,0.10192484879241018,Tomato___Bacterial_spot
0.4510086785377435,0.44607076098514964,0.46102062038238395,0.11362919965812975,0.10960857508414892,0.1125641894233751,241.70293170644288,0.09581166601604639,0.49961902933063973,0.04065557009832654,0.47189141165929416,0.10752905759235051,2095.9722764190965,6.440802658574569,0.12871928238616018,Tomato___healthy
0.5124805580200128,0.4195038979251521,0.39145559243018974,0.21877846131155307,0.18685691741937308,0.20169434516554352,77.47826129628663,0.30265753066963375,0.5252805872434663,-0.004385085782839918,0.46674633872228244,0.1960058719219747,6515.632016427277,7.19266667720036,0.25608439469084765,Tomato___Spider_mites Two-spotted_spider_mite
0.46208864555968565,0.48216694643093516,0.28829091957862724,0.16478656241724307,0.1801754602574697,0.18284124701147553,110.84520465566163,0.3949587801737231,0.5238708181852387,0.27449769712345395,0.47670159589963534,0.1578472167553487,0.0,6.952014565587285,0.06876750015959768,Tomato___Tomato_Yellow_Leaf_Curl_Virus
0.36601713405265135,0.3935745661456721,0.517311872757033,0.12113609919378572,0.1369523548864713,0.18496442406301972,239.9021046800757,0.3356354693216723,0.5480177922720002,-0.03563652188224997,0.4220808232994614,0.13152891996522573,0.0,6.606653401282821,0.08893961930022268,Tomato___Leaf_Mold
0.4412559877456598,0.40493381073070933,0.4761896448498522,0.21341709801981265,0.21029857484334616,0.24014418392305847,280.55328876210694,0.21065984762138545,0.5023018641943024,-0.04703460075600352,0.44655720245557406,0.2131673604549947,11654.028318456767,7.27592821993675,0.29423136734709765,Tomato___healthy
0.3871685873092584,0.37556183387829234,0.3427322523957049,0.18172563621828372,0.13066413936847357,0.18710947601919647,81.94930011464601,0.27615930235809505,0.4366874917024659,0.0817662272538403,0.39792961728292087,0.14872143271585134,0.0,6.872628924262293,0.11852641129241018,Tomato___Tomato_Yellow_Leaf_Curl_Virus
0.509844453197854,0.4544435148437159,0.4524252133732592,0.21968588242361362,0.20759252397054342,0.21530423133497711,67.11894733144288,0.1897276053471011,0.528859428929715,0.007160676636860704,0.49341819536405185,0.21007086935659078,10341.447054987235,7.401563186752509,0.31823344254241015,Tomato___Target_Spot
0.5235065828384332,0.46112650682522227,0.4990400987034594,0.1366069243294936,0.11751522062057165,0.17496254115229126,345.5530293626929,0.20677250719494045,0.557318024205594,-0.03975036927206721,0.5067402507038651,0.11898750665803579,2938.5996912768323,6.377985748596638,0.16772074722991018,Tomato___Tomato_mosaic_virus
0.4554150413097314,0.5151699190337794,0.31612649730499137,0.10908091077635103,0.12617955295079855,0.18808371393805023,125.95613605214601,0.38993923461860835,0.5573754830831574,0.31934160924808774,0.4972521449299393,0.10138763341327336,0.0,6.2823441198318095,0.06232829117522267,Tomato___Tomato_Yellow_Leaf_Curl_Virus
0.4003766785682611,0.38270953347279,0.34640526942069877,0.21100774416754062,0.16747135607236532,0.20050672261839386,91.43425494863038,0.28261084950393855,0.44939314560833443,0.07918054051058088,0.40649325501638034,0.1808114707769933,2789.4054684931625,7.096786610349148,0.21300883316741018,Tomato___Leaf_Mold
0.47410237894667906,0.44654521395756175,0.4082141237622057,0.1914746166212302,0.16829711882108359,0.18802211253767487,82.05754596425538,0.21771454906887233,0.5092505140775727,0.07131730205671583,0.47305495392995456,0.17292686405797628,2569.385150720759,6.898919565869913,0.18397135758147268,Tomato___Tomato_Yellow_Leaf_Curl_Virus
0.48592168198241514,0.43472206642223765,0.4249691086178576,0.2424866409046393,0.21367544619077353,0.23474798171644684,85.56679279042726,0.23721115386909664,0.5098195000165986,0.01909664086358342,0.47155884754376987,0.22357696893830922,3949.479951379283,7.290041838520103,0.20914835953459768,Tomato___Spider_mites Two-spotted_spider_mite
0.3555756519855432,0.38032284428669383,0.2625923173790728,0.15252800295183475,0.14758164373868612,0.17374095885878083,118.56221515370851,0.3786905268473071,0.4216994865411805,0.203021073707507,0.382142045614296,0.14293391111512807,0.0,6.660964379015463,0.05994792008147267,Tomato___Tomato_Yellow_Leaf_Curl_Virus
0.5408937345565729,0.545550406475796,0.4398892240887438,0.1535361708147269,0.1639623561286321,0.2007425483954477,135.57875568105226,0.2258965084595126,0.5877383871549653,0.17086114920036588,0.5547525669308243,0.15239787700791982,0.0,6.833950561736443,0.05024333023772267,Tomato___Tomato_Yellow_Leaf_Curl_Virus
0.509844453197854,0.4544435148437159,0.4524252133732592,0.21968588242361362,0.20759252397054342,0.21530423133497711,67.11894733144288,0.1897276053471011,0.528859428929715,0.007160676636860704,0.49341819536405185,0.21007086935659078,10341.447054987235,7.401563186752509,0.31823344254241015,Tomato___Target_Spot
0.4408473383010797,0.4128469531734126,0.41455006769950736,0.19602087149450595,0.1514634707354894,0.20367242961054322,47.89723712636476,0.19061003721183956,0.4734960122579621,0.030839802690909243,0.44405312192159274,0.16875471773763326,115.40022378733624,6.791697781579226,0.11874003433928518,Tomato___Tomato_Yellow_Leaf_Curl_Virus
0.4794799696029596,0.41628900219990184,0.415851147687987,0.17799440035650546,0.13708886442416815,0.17367984919672486,67.82216388417726,0.2006998816770953,0.4982169790739106,-0.002209721139504576,0.4577730978699265,0.15192403498311666,700.4486758594146,6.797729849200855,0.11948771500334768,Tomato___Tomato_Yellow_Leaf_Curl_Virus
0.5110411058486871,0.5161873107154505,0.3751674609547411,0.14868205795118625,0.15325308529370932,0.17011628120069977,121.83064777089601,0.289587573174898,0.5586619897359895,0.20670948363201413,0.5212122584553299,0.13858546915670064,0.0,6.7920949980200485,0.07682414078459768,Tomato___Tomato_Yellow_Leaf_Curl_Virus
0.40782624588622374,0.4305832092960017,0.6085487919216906,0.1203845814807158,0.13007869509690909,0.19843195943956848,251.60431415273194,0.337757990722124,0.6222381515974091,-0.09466534667356219,0.46670688044744113,0.1314449370207372,0.0,6.38749465926074,0.09089274430022268,Tomato___Leaf_Mold
0.5597558032096795,0.5118557815749781,0.5118481235867297,0.2849084437830191,0.28165409652227075,0.2966415938628244,66.61571246816163,0.1763976970953387,0.576934985684781,0.01265096850054059,0.5488169575901566,0.2836198568644109,1305.0214717683127,7.350654043454168,0.15014262222991018,Tomato___Late_blight
0.5184701095642023,0.5263864999015467,0.40159025958831657,0.09337451318332964,0.1282587417744985,0.15001348226194855,124.59758502675538,0.24526639378494441,0.5693430824750947,0.1932561341609219,0.5324326540203629,0.09809075149913457,0.0,6.181267630963084,0.05152506851897267,Tomato___Tomato_Yellow_Leaf_Curl_Virus
0.4556004117549829,0.46383032252384593,0.3341683166390215,0.15895387539694125,0.15583836225503592,0.18645726709490296,115.39638263417726,0.32809077299064815,0.5054010076993989,0.19843527115242277,0.4692280079098282,0.14972647133489278,0.0,6.898858744368911,0.06536479019866018,Tomato___Tomato_Yellow_Leaf_Curl_Virus
0.4195181737960748,0.44741767694546153,0.3100314455395495,0.1523866952402335,0.14688908246987967,0.1769633200657892,123.66759235097413,0.3558856705469531,0.4886419697279023,0.2258290741528729,0.4460536028118668,0.13973646464963582,0.0,6.761865486139474,0.06060404801116017,Tomato___Tomato_Yellow_Leaf_Curl_Virus
0.4794799696029596,0.41628900219990184,0.415851147687987,0.17799440035650546,0.13708886442416815,0.17367984919672486,67.82216388417726,0.2006998816770953,0.4982169790739106,-0.002209721139504576,0.4577730978699265,0.15192403498311666,700.4486758594146,6.797729849200855,0.11948771500334768,Tomato___Tomato_Yellow_Leaf_Curl_Virus
0.47436636791838926,0.4487406914432185,0.4723173694973742,0.20344649264643008,0.1904579022311559,0.23038539855604645,251.57484943105226,0.18356292045540035,0.5204407198900269,0.011340985068247652,0.48173043977933505,0.19706252816339162,15330.918337745054,7.346415877365795,0.35500712418303515,Tomato___healthy
0.44128993259085936,0.3649103050429957,0.35413518718536247,0.18467727312872226,0.14550130752557425,0.17897470860605713,71.83742267323976,0.28081859744018733,0.4600796921724366,-0.005061080685689116,0.40915937077718356,0.15840884152074483,1786.6462115844922,6.924147960046931,0.18035502457366018,Tomato___Tomato_Yellow_Leaf_Curl_Virus
0.3957674811901025,0.39352020670963694,0.41569692066963065,0.14357976624796207,0.14221046058171896,0.17104849784498688,200.85753375722413,0.25863371885246456,0.4829788132185029,0.03611933625595365,0.41936022889333346,0.13996714952607778,0.0,6.789413457827194,0.14719767594084768,Tomato___Late_blight
0.46972191439284605,0.4805904035766261,0.34321785143669,0.12567856172153766,0.12889590052598623,0.17126092879896637,126.91393024159913,0.31227244532531917,0.52224510149899,0.2087845001305798,0.484320201990181,0.11521533730645803,0.0,6.5165646299349484,0.09540934586272268,Tomato___Tomato_Yellow_Leaf_Curl_Virus
0.5369417081893854,0.4938599472243922,0.4994111376171862,0.20528033385107333,0.18416365174287466,0.2228798624766397,32.49815875722413,0.16706423557228267,0.5590082331174897,0.011910462745592928,0.5300141359539566,0.1927702486815038,7663.409348476373,7.221008102302199,0.24399943375334768,Tomato___Spider_mites Two-spotted_spider_mite
0.5060284148277215,0.45874208261562754,0.44799781016166557,0.21140269944498355,0.17246722368234305,0.2319673654330301,57.26250201894288,0.2296346584600848,0.5308023615354585,0.024001294740603304,0.4942957545490799,0.18897358182092336,5414.406307005717,7.166508159981996,0.25408549332366015,Tomato___Septoria_leaf_spot
0.5542231808723382,0.5116592650611537,0.5169358568554675,0.1273443252784949,0.1222709932708135,0.12421908794765946,291.12799579335694,0.10615789986080347,0.5707415862554597,0.012702958651945925,0.5476273680897293,0.12122836563010839,0.0,6.507278535321591,0.07151408219084768,Tomato___Late_blight
0.534307480913537,0.5567632322509425,0.38221305779273856,0.13144160071441943,0.1459972032689443,0.16347632377272125,134.229085270896,0.3087626556200427,0.5978632493490266,0.2575491759862164,0.5527901436062393,0.12198526266236928,0.0,6.513132651504201,0.04856486344084767,Tomato___Tomato_Yellow_Leaf_Curl_Virus
0.48498725996627134,0.4484851067264216,0.44652643970306266,0.17873553941080386,0.13674765763515143,0.18101613788729187,68.41124469472413,0.17767858601040065,0.5188549979204224,0.02599989063398633,0.4818158532352982,0.15195994678159383,3445.1985072655816,6.9328877891344804,0.20252604508147268,Tomato___Target_Spot
0.5626911531509332,0.48672646333767344,0.43319323829467643,0.20210129031965549,0.1824829199694982,0.23582581250792023,69.84547931386476,0.29748384750312984,0.5726213379377412,0.038111852475569585,0.5259770537586747,0.1907813012899938,7256.281513424053,7.185095600219573,0.31681437515959765,Tomato___Tomato_Yellow_Leaf_Curl_Virus
0.4762794385971002,0.4513996248443263,0.4755355136757647,0.2104851008398276,0.18483772067063955,0.21957727341776367,329.4435628099585,0.17523916161483943,0.5220017953390168,0.011527614661619997,0.4842300499649582,0.1937010497154775,6306.170254051148,7.1602425146739,0.24354167008147268,Tomato___Target_Spot
0.46208864555968565,0.48216694643093516,0.28829091957862724,0.16478656241724307,0.1801754602574697,0.18284124701147553,110.84520465566163,0.3949587801737231,0.5238708181852387,0.27449769712345395,0.47670159589963534,0.1578472167553487,0.0,6.952014565587285,0.06876750015959768,Tomato___Tomato_Yellow_Leaf_Curl_Virus
0.3687199364723138,0.3845019345481532,0.20758545569236625,0.13663465539047534,0.1474065699958196,0.17469925253515717,106.31429034902101,0.48693810499138057,0.42868524031582345,0.25324175692455564,0.38225454938130954,0.1307469293775144,0.0,6.604425678947894,0.05750651383147267,Tomato___Tomato_Yellow_Leaf_Curl_Virus
0.4637669633449487,0.44939300467564036,0.45840269497688163,0.1702203304512244,0.1265696504496923,0.15902713506346222,80.41597491933351,0.13995055950111568,0.5070172472471284,0.03715969062702451,0.4773578430386124,0.14134634140153554,0.0,6.607899252448357,0.07839579605803518,Tomato___Bacterial_spot
0.651449860197442,0.645794809361233,0.5401876883869922,0.10169736305305772,0.11937725482219366,0.16594093113070008,114.25612384511476,0.17295034325546443,0.6870074196332978,0.16049533522980008,0.6580863381596146,0.09614290896077779,0.0,5.622026103692538,0.05530924820647267,Tomato___Tomato_Yellow_Leaf_Curl_Virus
0.4101110409320764,0.36425989915920665,0.3529608862763201,0.18972484776804263,0.15313891259664206,0.19839788048391815,78.22725421620851,0.24133931196159542,0.4306955857748078,0.025991158553526735,0.3993212367268143,0.1683651566805425,0.0,6.861620194819998,0.09847636246428518,Tomato___Bacterial_spot
0.47879025445594114,0.45267611791683604,0.4541579800015246,0.18192569920847232,0.14040947643750815,0.18607467978125092,47.65263873769288,0.14782458639568508,0.5121010764116334,0.03294737077610288,0.48329309475141147,0.15539828541894582,0.0,6.851640381046928,0.10084147476897268,Tomato___Tomato_Yellow_Leaf_Curl_Virus
0.5345923315109186,0.516818762322201,0.47357589176948417,0.11883331844637209,0.1304056191229215,0.125927267659955,103.07652789784913,0.14410702979988277,0.563414089249997,0.08601265586273465,0.5398432399006424,0.12161377671380666,0.0,6.338293022566227,0.06415934586272268,Tomato___Bacterial_spot
0.5369417081893854,0.4938599472243922,0.4994111376171862,0.20528033385107333,0.18416365174287466,0.2228798624766397,32.49815875722413,0.16706423557228267,0.5590082331174897,0.011910462745592928,0.5300141359539566,0.1927702486815038,7663.409348476373,7.221008102302199,0.24399943375334768,Tomato___Spider_mites Two-spotted_spider_mite
0.4488294135154657,0.4644095008571284,0.4259028153782641,0.11498404303619676,0.11325421867602972,0.12340836792116638,118.27895099355226,0.16775255001014888,0.5134610755914735,0.11463006771461759,0.47800121557431796,0.10668485465665487,2589.2464234406807,6.414341770674049,0.15163798355803518,Tomato___healthy
0.43849858747138304,0.3987739389140742,0.35019332341010917,0.23741610357591922,0.18606371370786337,0.20200068323736664,97.10490924550538,0.3152972916407031,0.4745641274923371,0.0693993661488751,0.42775333773809054,0.2011322886051717,1581.9488115454303,7.05732237032063,0.18146891617522268,Tomato___Tomato_Yellow_Leaf_Curl_Virus
0.4090409289421014,0.4005541508395808,0.3991528468495165,0.20539467046091373,0.16663662282460837,0.2064534184229898,94.95399982167726,0.18374914026683986,0.44835280613842476,0.05345792508976255,0.42557183754163364,0.18194422724862722,0.0,7.103638663561143,0.09698100113616018,Tomato___Bacterial_spot
0.5209667097152643,0.49612146665646006,0.5059112625485217,0.23023377368280704,0.2034887143754354,0.24542715220575806,15.224416081442882,0.16089178717559993,0.5558820291036652,0.025908397504256105,0.5273061181278763,0.2149388253988805,5151.568541109257,7.341892823392404,0.21476359390959768,Tomato___Target_Spot
0.5626475821556024,0.5070007448394435,0.524812968290404,0.20182333895990665,0.18266063121789602,0.20665990381365296,58.96370441152101,0.12310384309715448,0.5755440516943024,-0.012915765873028898,0.5483096028538285,0.1905494839253011,6776.883526412233,7.124055432209401,0.23342509293303518,Tomato___Target_Spot
0.5074836622299127,0.5049693589408534,0.38148623875434745,0.11019999543258958,0.11486887125009207,0.1601238754284906,111.33061725331788,0.25917016065544307,0.5470159574026154,0.1815122310008267,0.5142839933605728,0.09742654714008,0.0,6.184943245776836,0.05349345230803517,Tomato___Tomato_Yellow_Leaf_Curl_Virus
0.5185767422737054,0.4688432519633906,0.5028920786743915,0.1368224472744208,0.11602284697526602,0.1829318758738565,329.29274493886476,0.19724114335006893,0.5620465202802705,-0.02323896252258029,0.5102350498409806,0.12053182575126317,0.0,6.390215237640038,0.07863993668303518,Tomato___Septoria_leaf_spot
0.5634750734390191,0.5095518236358302,0.5493297891979968,0.194744825456832,0.16256979791158346,0.2192279603970575,347.0344746751929,0.16791208184189022,0.5948542876714753,-0.03315801546616759,0.5528493906231461,0.17501707974095967,5582.877887693628,7.030776224825226,0.22893900894866018,Tomato___Tomato_mosaic_virus
0.4026196609558038,0.4140608613689082,0.36973604730422843,0.21153791258165652,0.15286628095143942,0.21391581564074036,95.57951862050538,0.2723328629774493,0.4688748641485261,0.11630938387768064,0.42822686683850864,0.1742535740437093,0.0,6.879769545786202,0.05845255875334767,Tomato___Tomato_Yellow_Leaf_Curl_Virus
0.3745346079887323,0.36669504692150523,0.3729354458218371,0.17248350391218478,0.12917410520547537,0.1571547147524881,107.51863605214601,0.18816989756054103,0.421938590573697,0.04646348393814359,0.3923904086323319,0.14359935227056173,0.0,6.658402899480637,0.08526225113616018,Tomato___Bacterial_spot
0.5329903374732904,0.43249118377758433,0.3902063684826647,0.1926887930376273,0.17190558401578573,0.19062263338690277,73.36351520253663,0.32669903433746517,0.5425081773275422,0.0023289658065298556,0.48035983097272494,0.17773362103124288,6993.541299174934,7.154119577264118,0.28168864273772265,Tomato___Spider_mites Two-spotted_spider_mite
0.44254484878196043,0.4851958756644862,0.31960365346725333,0.16517578074762637,0.14064419952863363,0.20127286582117554,124.96565753652101,0.41131587422317684,0.526961259412198,0.26878655887501035,0.47620559584813693,0.14522350433488515,0.0,6.8374794716237215,0.10799784683928518,Tomato___Tomato_Yellow_Leaf_Curl_Virus
0.478815765243905,0.4378199284274714,0.46276500991638053,0.20570631334612186,0.15651217786306051,0.19962436525946137,40.61696368886476,0.16195421016639888,0.5109263582700776,-0.005397550768091345,0.47556129944043735,0.17477694752832082,2830.9254786620595,7.0609743526245685,0.17185587906584768,Tomato___Target_Spot
0.6173753748954706,0.5660415296752589,0.5525800304775988,0.2669583559972983,0.25544095722669274,0.2900081333411264,57.58330280019288,0.21604260898060024,0.643439940976529,0.022670963772700167,0.6024956489773331,0.2600282043518605,5874.181978646361,7.434088992686263,0.21534342789397268,Tomato___Target_Spot
0.5357978950561456,0.47968339969707896,0.4853989797001635,0.17913295337984378,0.16249830214017538,0.1915131416810083,45.31996661855226,0.15601308739608943,0.5535384936803864,-0.0012867152754804136,0.5197530771465836,0.16824971738477376,7835.524951865359,7.115517430998556,0.27442545914397265,Tomato___Spider_mites Two-spotted_spider_mite
0.45698863373412413,0.42599570800854136,0.45657739213760246,0.19577789316007907,0.1934217878960958,0.21211387782221314,251.8493703050757,0.1719959089798373,0.49707850055637826,-0.001031262806489134,0.46138880502896884,0.1948471427263799,17187.51835857464,7.315206771059389,0.34983439469084765,Tomato___healthy
0.5542231808723382,0.5116592650611537,0.5169358568554675,0.1273443252784949,0.1222709932708135,0.12421908794765946,291.12799579335694,0.10615789986080347,0.5707415862554597,0.012702958651945925,0.5476273680897293,0.12122836563010839,0.0,6.507278535321591,0.07151408219084768,Tomato___Late_blight
0.5143675516666345,0.5318288212020533,0.3912948983078753,0.14382131407091434,0.13079566446775107,0.194875663210206,118.05989581777101,0.3057903507990283,0.5728819294446992,0.2185385171260098,0.5332269455166397,0.1296495035590711,0.0,6.6671723256699265,0.05393595719084767,Tomato___Tomato_Yellow_Leaf_Curl_Virus
0.44996851788176817,0.4164053504665034,0.38460076025779594,0.2057289780122977,0.164707145967423,0.19782347052221771,76.28227740956788,0.24983711636490047,0.4895113034719514,0.058784814545081,0.445454874155098,0.1764445811810079,866.3767141650176,6.9612274970208174,0.16062541031584768,Tomato___Leaf_Mold
0.3796820949138574,0.3993549947936671,0.3354754763012682,0.21503254780599887,0.18399267581933645,0.2113180664074945,110.49089557363038,0.32697279847091854,0.45600529746952523,0.1440957579697827,0.40883044254499057,0.19092137220521596,2206.985218766772,7.163342352629378,0.21529765152678518,Tomato___Tomato_Yellow_Leaf_Curl_Virus
0.4890456806243829,0.46633750249935557,0.47729861906822074,0.22315129647085483,0.19356983093255667,0.23978116183405396,22.958394352927257,0.1872573355478686,0.5314320250028657,0.026874007650778627,0.4970167065830765,0.20558614137788442,6901.559254966139,7.2869399065448475,0.24415202164397268,Tomato___Target_Spot
0.4741099785388879,0.4364055698115962,0.4504795389538561,0.1015763283712607,0.11291433063977865,0.17449899582987305,308.8971760912085,0.26140670574135005,0.5364883466238068,0.008764879771635866,0.4719235385628281,0.10104226920028356,0.0,6.125883341390856,0.04908366226897267,Tomato___Septoria_leaf_spot
0.463469267946618,0.4756164555747645,0.44491848520095695,0.11175894001552873,0.10500851956838278,0.11767323135262009,156.692220036521,0.1433907756847781,0.5220071001524018,0.10338858700649534,0.49112478744702914,0.1036153197588506,2087.178376078301,6.381334995046845,0.14432902359709768,Tomato___healthy
0.3687199364723138,0.3845019345481532,0.20758545569236625,0.13663465539047534,0.1474065699958196,0.17469925253515717,106.31429034902101,0.48693810499138057,0.42868524031582345,0.25324175692455564,0.38225454938130954,0.1307469293775144,0.0,6.604425678947894,0.05750651383147267,Tomato___Tomato_Yellow_Leaf_Curl_Virus
0.45409330831183714,0.3831389849383967,0.4074677544003283,0.155963748787139,0.1451400884770742,0.1438309159768152,305.448079411521,0.3041779855532092,0.5081738157743501,-0.03473984450741019,0.42976770651059726,0.13071124854703572,0.0,6.603820954106616,0.07744975113616018,Tomato___Septoria_leaf_spot
0.49035441980971617,0.5152145629127162,0.3899590688114916,0.1232992784125548,0.12452219364875464,0.19256654946928498,113.38380939198976,0.2762361923498553,0.5588297768110322,0.21065899170295987,0.5161421681614456,0.1108857751192632,0.0,6.476476945504367,0.05849833512053517,Tomato___Tomato_Yellow_Leaf_Curl_Virus
0.49894100533141417,0.5238041882712977,0.31941545180137504,0.17204520115682895,0.1789593615912786,0.20079564123278137,117.10493976308351,0.40211941397613704,0.5649230404371308,0.2897953484143475,0.5157097364636002,0.16193690004964498,0.0,7.040250035765507,0.09083170914397268,Tomato___Tomato_Yellow_Leaf_Curl_Virus
0.5078754435600213,0.4632156794269221,0.4758796708946978,0.20990449199507052,0.15271801439756064,0.19567479758387085,58.51122028066163,0.15561266339248836,0.5385792179578828,0.0032195374305704592,0.5006525899143753,0.17361011210103658,793.3502471031832,6.674090054284864,0.12365336441741018,Tomato___Late_blight
0.4408473383010797,0.4128469531734126,0.41455006769950736,0.19602087149450595,0.1514634707354894,0.20367242961054322,47.89723712636476,0.19061003721183956,0.4734960122579621,0.030839802690909243,0.44405312192159274,0.16875471773763326,115.40022378733624,6.791697781579226,0.11874003433928518,Tomato___Tomato_Yellow_Leaf_Curl_Virus
0.6331771622718744,0.6337561612327235,0.596758575952605,0.25675101587602905,0.17436987844937948,0.26512599556570526,66.64433795644288,0.20511792695945918,0.7063981218809174,0.09811987168447767,0.6520052338810501,0.2052502692045751,6360.8034436997705,7.293871308723516,0.27950663590178515,Tomato___Septoria_leaf_spot
0.38432651863707823,0.38427847673489024,0.36183145812805045,0.180462598894332,0.13359627810948996,0.20313327579622742,239.70073444081788,0.276216105584566,0.4437317176336335,0.08294228649990354,0.4043737734528122,0.15114787820001271,0.0,6.720940968082174,0.10749430680022268,Tomato___Tomato_Yellow_Leaf_Curl_Virus
0.3879129003108911,0.36529162575794627,0.3814873712425982,0.16710519800016696,0.1259287366055837,0.15546204714899536,79.13121539784913,0.15337650573677242,0.42275320725384224,0.021726297208235597,0.39654163372235873,0.1404243767561498,0.0,6.671115936777072,0.07711405777678518,Tomato___Bacterial_spot
0.5292308937133722,0.47122910668445994,0.44205054811294425,0.23815016457865054,0.195662654318749,0.2432743665469217,74.61378986073976,0.26681052244133174,0.5534140987867402,0.0317200850631455,0.5078851367207108,0.2116574704947057,3827.3905501565177,7.30289820951524,0.24540324234709768,Tomato___Tomato_Yellow_Leaf_Curl_Virus
0.3555756519855432,0.38032284428669383,0.2625923173790728,0.15252800295183475,0.14758164373868612,0.17374095885878083,118.56221515370851,0.3786905268473071,0.4216994865411805,0.203021073707507,0.382142045614296,0.14293391111512807,0.0,6.660964379015463,0.05994792008147267,Tomato___Tomato_Yellow_Leaf_Curl_Virus
0.4741468142093591,0.42464137126995494,0.4415449219113146,0.21020446727106387,0.166011176385819,0.19929421513205048,60.72112018300538,0.16059090292877376,0.49767606692257393,-0.005865665159060621,0.46401039612012485,0.1821086913647237,1014.3427383316891,6.802342404198426,0.13862223648772268,Tomato___Late_blight
0.4418595443786554,0.43232864191128184,0.44256740979011405,0.12803301969597156,0.1289187365555158,0.1289567109835672,239.42180377675538,0.10073462969488321,0.48510353999081124,0.0407736319984654,0.4589855159493027,0.12608357372899678,4619.134871440635,6.680240490912289,0.20356364273772268,Tomato___healthy
0.6234669695915155,0.5701133017738002,0.5263682322865283,0.14713466176817233,0.13376706031793265,0.2076032069218683,44.44695026113038,0.21702298617786586,0.6465866489881562,0.050934733816550115,0.603719034311348,0.1379134416880193,0.0,6.651944734387983,0.12534709000334768,Tomato___Septoria_leaf_spot
0.5605013381065301,0.5602517132957118,0.5042476373081958,0.08737223604748064,0.1187503406190267,0.12150528847103592,210.25212604238038,0.14960092401928127,0.6087468190664338,0.11629764176265989,0.5765817548008499,0.09514367434402135,0.0,6.1823021544050665,0.07557292008147268,Tomato___Late_blight
0.5024932335437707,0.5147911315162318,0.38720050624664176,0.16751162717172915,0.17087086228364615,0.2115329411519098,122.03349811269288,0.27815820372528255,0.5563288255209016,0.20043192244427,0.5192086483212052,0.16315915289540914,0.0,6.930958218487141,0.03327555680022267,Tomato___Tomato_Yellow_Leaf_Curl_Virus
0.5138917277873926,0.45637095024181773,0.4608368592625414,0.1894645691854697,0.14395188478463797,0.19292308955317017,62.12642413808351,0.16747453904575527,0.5330606623167085,-0.0014432519738217832,0.49671868335919955,0.16242944303174642,419.3695919880854,6.7624231321863055,0.09966654801116018,Tomato___Septoria_leaf_spot
0.523180247408288,0.46530577590061595,0.5048384385472094,0.11521752933094316,0.10637125311130194,0.12149484275703903,359.380208317771,0.06957073605484186,0.5306818409437226,-0.03686374799056258,0.5097568417759476,0.10829980525394109,0.0,6.191579588686765,0.05916972183928517,Tomato___Late_blight
0.4146929989875726,0.4343906049926417,0.36000210217292655,0.18516176948377902,0.1481542804622045,0.18739767937784668,113.49132281972413,0.29876072800583064,0.4901836140626954,0.15462946332351957,0.44266066801267245,0.15747768285890248,1992.395800040497,6.926446570818748,0.19224162125334768,Tomato___Tomato_Yellow_Leaf_Curl_Virus
0.45742765174521727,0.4991983180244105,0.2771818952923571,0.1361060366971236,0.15119426635736136,0.15898752777700897,127.13863116933351,0.4274622360510272,0.5406176372045564,0.32433048821346555,0.48403892767148593,0.12434502545018819,0.0,6.6115873849923394,0.05617899918303517,Tomato___Tomato_Yellow_Leaf_Curl_Virus
0.5426852713645868,0.47605615903927256,0.5308354215985095,0.2262433172209006,0.18992062596315054,0.23226467340116974,357.5847676439429,0.1543785343212527,0.5614002867216157,-0.060865102342202326,0.5248629833431778,0.20442030432840017,9387.260015189342,7.188246694298828,0.28264994644866015,Tomato___Tomato_mosaic_virus
0.47256663547171873,0.41642814924313,0.4121264832382952,0.24222134063074405,0.2030784109019628,0.23966929881697174,73.97862750722413,0.24093611634201229,0.4941648765081452,0.008706541725561952,0.4553630734654007,0.2178976297678533,1248.4927251035558,7.152613262881851,0.18177409195647268,Tomato___Tomato_Yellow_Leaf_Curl_Virus
0.5010768483699731,0.4545087223251002,0.47580710223968375,0.20482105026075656,0.17315461424821524,0.21348636417513367,28.405385319724132,0.15383447802490413,0.5271328611845063,-0.007323084405495787,0.49350050937848666,0.18474175634999898,2697.7961751962293,7.208547631813987,0.17530436539397268,Tomato___Spider_mites Two-spotted_spider_mite
0.4501823197425775,0.44392937471462657,0.44063607028777946,0.10728294411728197,0.1060034552001348,0.1122541558635759,255.68771869374757,0.10458049273914514,0.49235527949276436,0.0575837287987927,0.468063482162529,0.10222159180064824,2210.826083817913,6.354016603690286,0.13065714859709768,Tomato___healthy
0.5285342942298822,0.46795329501224925,0.4610222297077929,0.272967070434783,0.2662403651856771,0.2918869313490915,59.56248981191163,0.22909562385505855,0.5346416159147309,0.006893375882075167,0.5079167867870865,0.2702749133410039,3628.8223558360924,7.417998627944357,0.18371195816741018,Tomato___Early_blight
0.44727966294898314,0.40851715256763865,0.4367166774636065,0.17547602960893924,0.13043215809100775,0.18519853620653626,357.433430974021,0.16844864285415828,0.4797111971849488,-0.0064186919544478895,0.4459617818565903,0.14757356646676686,1797.532192031548,6.828786564275421,0.12667460465178518,Tomato___Spider_mites Two-spotted_spider_mite
0.5903851400436334,0.5701899533469813,0.5870872455006396,0.20888860533067996,0.18572340098851828,0.23523086874609467,263.24335223866944,0.1571399132055682,0.642487518357663,0.023450842120812273,0.6007944728107987,0.1961955190004888,7947.48850108932,7.229946865994836,0.27219767594084765,Tomato___Septoria_leaf_spot
0.44128993259085936,0.3649103050429957,0.35413518718536247,0.18467727312872226,0.14550130752557425,0.17897470860605713,71.83742267323976,0.28081859744018733,0.4600796921724366,-0.005061080685689116,0.40915937077718356,0.15840884152074483,1786.6462115844922,6.924147960046931,0.18035502457366018,Tomato___Tomato_Yellow_Leaf_Curl_Virus
0.4794799696029596,0.41628900219990184,0.415851147687987,0.17799440035650546,0.13708886442416815,0.17367984919672486,67.82216388417726,0.2006998816770953,0.4982169790739106,-0.002209721139504576,0.4577730978699265,0.15192403498311666,700.4486758594146,6.797729849200855,0.11948771500334768,Tomato___Tomato_Yellow_Leaf_Curl_Virus
0.429365755182641,0.3972669844825404,0.3832978623276507,0.1762354076845389,0.13053663013213782,0.16740507452612396,85.21635944081788,0.2110904017729205,0.4640656633848237,0.042413743206427434,0.42791191589551547,0.14573990407605794,318.23595858870317,6.8428470737383735,0.11553568863616018,Tomato___Bacterial_spot
0.3401385556281976,0.28775376131130626,0.3231077211266314,0.1882104576570731,0.17811319915288595,0.18371575145845886,51.07430011464601,0.1729794899267596,0.351104371117978,-0.02719542012257781,0.33008710396009067,0.18135101202150014,6195.75641912564,7.10584617795037,0.23133463883147268,Tomato___Target_Spot
0.48592168198241514,0.43472206642223765,0.4249691086178576,0.2424866409046393,0.21367544619077353,0.23474798171644684,85.56679279042726,0.23721115386909664,0.5098195000165986,0.01909664086358342,0.47155884754376987,0.22357696893830922,3949.479951379283,7.290041838520103,0.20914835953459768,Tomato___Spider_mites Two-spotted_spider_mite
0.36601713405265135,0.3935745661456721,0.517311872757033,0.12113609919378572,0.1369523548864713,0.18496442406301972,239.9021046800757,0.3356354693216723,0.5480177922720002,-0.03563652188224997,0.4220808232994614,0.13152891996522573,0.0,6.606653401282821,0.08893961930022268,Tomato___Leaf_Mold
0.4214606891693048,0.4155431096751826,0.326040299451903,0.12310295561382585,0.1250919544481626,0.16754164366846558,106.33614093495851,0.26916854179329097,0.45795183615627755,0.1441286746348599,0.42974905025678256,0.11987383517642644,0.0,6.558108386830073,0.03942484879241017,Tomato___Tomato_Yellow_Leaf_Curl_Virus
0.44281706319464964,0.435940027733578,0.3531914668446337,0.2123205066663962,0.17961917010778097,0.21064198582296845,89.57173663808351,0.33645258939689815,0.5014280899042176,0.13641483522312436,0.4512028182716904,0.18479146662374166,1508.67569719597,7.037281665817763,0.19622416519866018,Tomato___Tomato_Yellow_Leaf_Curl_Virus
0.5050167749942712,0.43903255512310435,0.42926880887801994,0.2492598594171744,0.21374229279988913,0.23707460432177063,78.52061969472413,0.2395894089979571,0.5196586771482514,0.004322899499104357,0.4802886928291855,0.2262347102465215,5959.657681168451,7.347359636096934,0.27352519058928515,Tomato___Tomato_Yellow_Leaf_Curl_Virus
0.4273433099807672,0.41911041786266734,0.3655564206009661,0.17694199094602878,0.13641215054029135,0.21023430495386597,67.36546832753663,0.2768928269190234,0.47650196390095223,0.10586453414814267,0.4381068731518326,0.1511212796272817,765.8114302183246,6.938098221534509,0.13079447769866018,Tomato___Tomato_Yellow_Leaf_Curl_Virus
0.45222854719771666,0.45870143224789073,0.3754945116406237,0.16336955139467532,0.14278235224717764,0.20513086586122986,126.76863605214601,0.2678779522222918,0.5000431163782166,0.15022320485966,0.46992034566121677,0.15021917822976735,0.0,6.686947185675495,0.05163188004241017,Tomato___Tomato_Yellow_Leaf_Curl_Virus
0.3843866001190118,0.37267494251324107,0.3733326213722979,0.21149250874349887,0.16133800832265524,0.18709786801462647,115.83061725331788,0.2185068587107104,0.4319190307134675,0.04817408508913312,0.3988916064472733,0.1782894492449346,0.0,6.897296509247246,0.08576579117522268,Tomato___Bacterial_spot
0.4604328285278253,0.4150182609756129,0.4479197280770098,0.16877722749540622,0.1239928298973432,0.1838370022070932,2.2979634447241324,0.18368542290157497,0.4950731916898774,-0.017772612168326044,0.45498789202886203,0.14082964363713887,254.3396866914561,6.7735301245001365,0.08904643082366018,Tomato___Spider_mites Two-spotted_spider_mite
0.46750164137496275,0.4225868885715144,0.4069641249542986,0.20343472072908694,0.16467558530801443,0.21344714431887146,64.22115070058351,0.22798197067207515,0.49337815480175484,0.03125137276308332,0.45687530290799716,0.17917241755147603,5337.006920504778,7.1194804055141,0.28069682144866015,Tomato___Tomato_Yellow_Leaf_Curl_Virus
0.4656052599967889,0.4165814523894923,0.4197124855881487,0.18624338517019565,0.13473799762958197,0.1754325684798288,58.72481280995851,0.18682226634449184,0.49651222662868966,0.008388435461685991,0.4542364264698563,0.15198678377290395,3770.0230085863013,6.86826766858208,0.24474711441741018,Tomato___Leaf_Mold
0.38169592724456114,0.35100537588192393,0.36623445323760856,0.19878339776823337,0.15005452124112753,0.19001769094591614,55.16161090566163,0.20577947891182125,0.4142471178049134,0.014623770483897066,0.38455788147168735,0.16814640763421682,0.0,6.842172778202758,0.07076640152678518,Tomato___Tomato_Yellow_Leaf_Curl_Virus
0.48330098496093077,0.41995906879497935,0.4195616560345446,0.14477995047399814,0.12117256907457022,0.16137520043974396,52.37798053456788,0.18322934306091487,0.4975026770109223,-0.0024010837142011167,0.46149293434339145,0.12946993711610463,446.9871194804298,6.664863715893435,0.14146037125334768,Tomato___Bacterial_spot
0.4992138455928735,0.4399828319747584,0.4523344056969439,0.25696901986429505,0.24549678651326803,0.29596472351675507,346.13121539784913,0.3059366205973071,0.5333937330717133,-0.0110392943088552,0.48174087059217074,0.2508078873457494,4952.400427762114,7.27374626850919,0.21993632340178518,Tomato___Septoria_leaf_spot
0.37828546867980284,0.40879622151447703,0.26961335710342277,0.1197580174548369,0.12567114768260626,0.15667988925104614,117.32909137441163,0.36266861951774776,0.45015584664288033,0.23023701644794736,0.4064465547771988,0.10933681431432393,0.0,6.3689079380545595,0.04607768082366017,Tomato___Tomato_Yellow_Leaf_Curl_Virus
0.6141280542434625,0.6220741872985499,0.49264744094665397,0.08339940765926653,0.10519363669389395,0.13034764497404572,104.91405231191163,0.22233399844593227,0.6646503134244965,0.1979161743010739,0.6275835419865189,0.08049769553561834,0.0,5.720666230605108,0.04403300308928517,Tomato___Tomato_Yellow_Leaf_Curl_Virus
0.5225563059867792,0.4553576712806361,0.4550372975235735,0.23388345548937137,0.19601110307210592,0.22604567377691742,69.40648395253663,0.20941279924339473,0.5419176741117524,-0.0063348580215713025,0.4980534101696549,0.20959698262830403,4247.8910601983525,7.297984183510883,0.22402567887053518,Tomato___Spider_mites Two-spotted_spider_mite
0.43963572488440794,0.42201849867893626,0.41290751270110954,0.17453067014047915,0.12044361171954779,0.18495101301794525,31.467305485739757,0.21101078486866176,0.4852470679754304,0.05203707701818738,0.44888726722913364,0.13949580344577459,612.2824766064739,6.674076636452214,0.13186259293303518,Tomato___Tomato_Yellow_Leaf_Curl_Virus
0.559814871412652,0.5059845452506678,0.46406269244010795,0.1668682248337012,0.14522268561357168,0.2175591495526361,35.72417194081788,0.27171270645088375,0.5877796335691499,0.048634896048472265,0.5399406338902054,0.15041949453969625,3535.3345137773294,6.748079814320958,0.20414347672209768,Tomato___Septoria_leaf_spot
0.38432651863707823,0.38427847673489024,0.36183145812805045,0.180462598894332,0.13359627810948996,0.20313327579622742,239.70073444081788,0.276216105584566,0.4437317176336335,0.08294228649990354,0.4043737734528122,0.15114787820001271,0.0,6.720940968082174,0.10749430680022268,Tomato___Tomato_Yellow_Leaf_Curl_Virus
0.444895208937066,0.40408989836765696,0.4109958427315508,0.19467881331274325,0.14586173681253103,0.17490476935034271,80.55681354238038,0.17460158563083827,0.47311397628727425,0.012832036235497331,0.43971786749082187,0.1628981441559377,0.0,6.756396908722933,0.08779521012053518,Tomato___Bacterial_spot
0.5771896253646783,0.5319662695129054,0.5080650167828357,0.25531722614595703,0.23555969385141043,0.26397115557318207,82.57582599355226,0.19159342444366634,0.5948655529493379,0.03922118432180677,0.5654032016964493,0.24363180103917745,1076.5412356952882,7.3571764050401915,0.14768595719084768,Tomato___Late_blight
0.5626475821556024,0.5070007448394435,0.524812968290404,0.20182333895990665,0.18266063121789602,0.20665990381365296,58.96370441152101,0.12310384309715448,0.5755440516943024,-0.012915765873028898,0.5483096028538285,0.1905494839253011,6776.883526412233,7.124055432209401,0.23342509293303518,Tomato___Target_Spot
0.44254484878196043,0.4851958756644862,0.31960365346725333,0.16517578074762637,0.14064419952863363,0.20127286582117554,124.96565753652101,0.41131587422317684,0.526961259412198,0.26878655887501035,0.47620559584813693,0.14522350433488515,0.0,6.8374794716237215,0.10799784683928518,Tomato___Tomato_Yellow_Leaf_Curl_Virus
0.4214606891693048,0.4155431096751826,0.326040299451903,0.12310295561382585,0.1250919544481626,0.16754164366846558,106.33614093495851,0.26916854179329097,0.45795183615627755,0.1441286746348599,0.42974905025678256,0.11987383517642644,0.0,6.558108386830073,0.03942484879241017,Tomato___Tomato_Yellow_Leaf_Curl_Virus
0.4264417897285394,0.4596344833572047,0.2546669261818682,0.1500152350408774,0.1753253558062902,0.15161441831713196,117.58849078847413,0.4211847642702502,0.5010321064466523,0.2987036202038983,0.4489834989281235,0.14666699472089437,0.0,6.882989034756801,0.06539530777678518,Tomato___Tomato_Yellow_Leaf_Curl_Virus
0.5489863763870172,0.48120957662655284,0.4508075731163775,0.2279641778213721,0.19052924899095205,0.2324694153559732,74.14146930409913,0.26528416669792354,0.5689325852865266,0.023168580600188112,0.5206489349575577,0.20432282093187001,5929.298116640582,7.291856163377976,0.28461833023772265,Tomato___Tomato_Yellow_Leaf_Curl_Virus
0.4888506840290002,0.4527192716796534,0.46754989198501457,0.21108758458921725,0.19245422569745688,0.2303295639050531,14.946828190817882,0.19315907454914272,0.5237018986219453,0.009581373998091555,0.4878531480999527,0.1997018665375295,6937.904762019797,7.285235923261029,0.26411051773772265,Tomato___Spider_mites Two-spotted_spider_mite
0.5132883201660089,0.4549180274207728,0.448841573513106,0.2071850747806769,0.16324869481557516,0.20947109727983948,64.76540118886476,0.21779833829826534,0.5384029670232819,0.008249433704779482,0.494317897674614,0.1795575827660146,4266.349348173871,7.054221416187709,0.22556681656584768,Tomato___Tomato_Yellow_Leaf_Curl_Virus
0.45979616151465696,0.46791070749355723,0.44623771480377067,0.21281673023531253,0.16449635414117483,0.23347752361422058,164.13322955800538,0.21101151502556026,0.5199411137575196,0.09033095277206693,0.48565367710309604,0.18647577467580465,0.0,7.0019104461975035,0.05593485855803517,Tomato___Late_blight
0.5138917277873926,0.45637095024181773,0.4608368592625414,0.1894645691854697,0.14395188478463797,0.19292308955317017,62.12642413808351,0.16747453904575527,0.5330606623167085,-0.0014432519738217832,0.49671868335919955,0.16242944303174642,419.3695919880854,6.7624231321863055,0.09966654801116018,Tomato___Septoria_leaf_spot
0.47163599835051817,0.5087780361373561,0.36952841452415336,0.12959649423191363,0.09459061858886389,0.1944055464757013,130.463460270896,0.31844337380356014,0.5501215978139924,0.23693499899761472,0.5044380212994156,0.0995993525089803,0.0,6.232065842033517,0.06533427262053518,Tomato___Tomato_Yellow_Leaf_Curl_Virus
0.391050131183999,0.4093102221686976,0.2805400805836474,0.14327301094362552,0.15487351206773428,0.18754929869299408,113.14970905019288,0.3660870055002612,0.4528404994482087,0.20757363177196775,0.41181055557447055,0.14300785067697194,0.0,6.791347941069016,0.04728312515959767,Tomato___Tomato_Yellow_Leaf_Curl_Virus
0.46972191439284605,0.4805904035766261,0.34321785143669,0.12567856172153766,0.12889590052598623,0.17126092879896637,126.91393024159913,0.31227244532531917,0.52224510149899,0.2087845001305798,0.484320201990181,0.11521533730645803,0.0,6.5165646299349484,0.09540934586272268,Tomato___Tomato_Yellow_Leaf_Curl_Virus
0.4533640752853326,0.46154373933865,0.4409442561035906,0.10914739230701738,0.11251160440677313,0.11536729900961396,232.88170367909913,0.13537542617744625,0.5098889692300843,0.08932244218246732,0.47938952696042636,0.10328263643403676,821.253014961884,6.326278546613904,0.08015055680022268,Tomato___healthy
0.5153252194942407,0.43181610157085826,0.4860512035256182,0.10210535684654527,0.09861845461362509,0.11151294975405213,356.10643512441163,0.11647589600509821,0.5181891246313142,-0.07720087282998767,0.4856080497475205,0.0974454492630544,0.0,6.0764785520264875,0.06420512222991018,Tomato___Late_blight
0.3871685873092584,0.37556183387829234,0.3427322523957049,0.18172563621828372,0.13066413936847357,0.18710947601919647,81.94930011464601,0.27615930235809505,0.4366874917024659,0.0817662272538403,0.39792961728292087,0.14872143271585134,0.0,6.872628924262293,0.11852641129241018,Tomato___Tomato_Yellow_Leaf_Curl_Virus
0.5027773986877374,0.44747304966045787,0.4600141959553515,0.1846076549036246,0.15086928693288473,0.17987743585234162,68.57268268300538,0.1485104421419543,0.5229438467496919,-0.0073020886693736554,0.48807863247113803,0.1630519390406194,4623.74315391823,7.041397473037806,0.21117777847991018,Tomato___Target_Spot
0.449383826118844,0.4468456809718745,0.41862300208862174,0.21133950362036044,0.14977467743390707,0.21414302854662415,80.68315631581788,0.22329020595974147,0.5044014080041932,0.08622794783966337,0.4670271660061417,0.17337483766694692,0.0,6.906695856847144,0.04647440933928517,Tomato___Tomato_Yellow_Leaf_Curl_Virus
0.5588466535629205,0.5621966724593775,0.45166602901275504,0.10515878358909898,0.12468703774446158,0.14729914634352204,149.20775348378663,0.2076798836035174,0.6038132234090852,0.174424180754588,0.5712345029087601,0.10092554095407155,0.0,5.986884324157296,0.03872294449553517,Tomato___Tomato_Yellow_Leaf_Curl_Virus
0.5066528330863885,0.4534141426284449,0.4830581264858996,0.0988108516676169,0.0988465913915029,0.1253493261230516,337.292561833396,0.09881214148229776,0.5178412123197602,-0.022339358932211065,0.4953518296452103,0.09762149158139852,0.0,6.1368494025692435,0.07941813492522268,Tomato___Late_blight
0.4675491760791711,0.42488670398785044,0.35030552915389884,0.09543886790106111,0.08862556455367712,0.14320399432306763,65.13777667714601,0.3257429162306231,0.5087679846757935,0.09246210939543043,0.4517804170818863,0.07496626901646283,0.0,5.77909112964027,0.07526774430022268,Tomato___Septoria_leaf_spot
0.5225368152679376,0.4590902333457606,0.48135161570365775,0.19569046804735477,0.15577354220384268,0.1984829959166574,44.44847614003663,0.15849495029873073,0.5386974735731171,-0.025164505473210478,0.5032384778233109,0.17170605662484792,3293.541507750445,7.005261210867555,0.17649455094084768,Tomato___Septoria_leaf_spot
0.3260399709762506,0.3206560020644801,0.35594305566604484,0.14517833301851565,0.10524883804553656,0.1329811644447374,274.1583760423804,0.20098595416969478,0.37952431278172005,0.01987232453481946,0.3489284301968155,0.11700150969644216,0.0,6.512077957287979,0.07567973160491018,Tomato___Early_blight
0.4554150413097314,0.5151699190337794,0.31612649730499137,0.10908091077635103,0.12617955295079855,0.18808371393805023,125.95613605214601,0.38993923461860835,0.5573754830831574,0.31934160924808774,0.4972521449299393,0.10138763341327336,0.0,6.2823441198318095,0.06232829117522267,Tomato___Tomato_Yellow_Leaf_Curl_Virus
0.5607120405258111,0.5287182932098048,0.4991350489025866,0.28029626617262177,0.24721052435868887,0.28728789656286713,89.33754474355226,0.21587865150398433,0.5909017844671296,0.05813286639110837,0.557551779863411,0.2607853323521199,2642.7348808820107,7.480849519455009,0.17086405777678518,Tomato___Late_blight
0.5143101225913934,0.4680234198768275,0.48372930458839286,0.1733999402267676,0.1414978125476232,0.20062114863520142,8.333669011130382,0.2276241341871661,0.5567566676610993,-0.0014491770480414869,0.5062935138912735,0.1497886538805547,5517.242520059154,6.889262878319408,0.24006266617522268,Tomato___Tomato_mosaic_virus
0.5074836622299127,0.5049693589408534,0.38148623875434745,0.11019999543258958,0.11486887125009207,0.1601238754284906,111.33061725331788,0.25917016065544307,0.5470159574026154,0.1815122310008267,0.5142839933605728,0.09742654714008,0.0,6.184943245776836,0.05349345230803517,Tomato___Tomato_Yellow_Leaf_Curl_Virus
0.48394236074103636,0.43963855554653575,0.4453042464619433,0.2590413839561682,0.22882013706201224,0.24433358578806397,93.25166827870851,0.19652803337997615,0.5107984467023896,0.01057385838882718,0.47617117416577914,0.23860188427587178,4396.477137724564,7.471477000455404,0.24540324234709768,Tomato___Spider_mites Two-spotted_spider_mite
0.559814871412652,0.5059845452506678,0.46406269244010795,0.1668682248337012,0.14522268561357168,0.2175591495526361,35.72417194081788,0.27171270645088375,0.5877796335691499,0.048634896048472265,0.5399406338902054,0.15041949453969625,3535.3345137773294,6.748079814320958,0.20414347672209768,Tomato___Septoria_leaf_spot
0.5343798409522943,0.5421308284003871,0.40524804762657035,0.1213776172144156,0.13341202525132803,0.16282356350546356,112.93468219472413,0.2736366847795886,0.5835773869031953,0.20517722702877317,0.5468485738010941,0.11975558701177266,0.0,6.386104106899404,0.04029459976897267,Tomato___Tomato_Yellow_Leaf_Curl_Virus
0.4343417893470697,0.42070937206341197,0.38242432645614494,0.20759934196302707,0.16525942770475058,0.2182451245081949,72.88033038808351,0.2620697478098315,0.48407297568264473,0.08519591576711927,0.4430608535976944,0.17950304451604512,2699.6542243262966,7.197623341310599,0.19680399918303518,Tomato___Tomato_Yellow_Leaf_Curl_Virus
0.4794799696029596,0.41628900219990184,0.415851147687987,0.17799440035650546,0.13708886442416815,0.17367984919672486,67.82216388417726,0.2006998816770953,0.4982169790739106,-0.002209721139504576,0.4577730978699265,0.15192403498311666,700.4486758594146,6.797729849200855,0.11948771500334768,Tomato___Tomato_Yellow_Leaf_Curl_Virus
0.5056023310245447,0.43959373285366465,0.39921966365630973,0.23683832595178897,0.19889467147821097,0.2434368786109018,78.15096027089601,0.32086293495124996,0.521623067426114,0.03490887395398412,0.4773675585957108,0.2134933680595937,4459.57997419189,7.298441526567514,0.29085917496428515,Tomato___Tomato_Yellow_Leaf_Curl_Virus
0.47679299221648497,0.5006843214233058,0.4031895118122851,0.11335051069090181,0.09037587729924826,0.1647991594565439,143.51573688222413,0.2518013278288287,0.542896740006833,0.18192946351425443,0.505066313859993,0.09264185878654149,0.0,5.966214980653804,0.05721659683928517,Tomato___Tomato_Yellow_Leaf_Curl_Virus
0.4032898853839807,0.39004170944286753,0.39185157588775504,0.19852501163313205,0.13463444200986532,0.17997932999258515,69.98198444081788,0.2035515914005679,0.4492616577619599,0.04548524505750928,0.41684911501126864,0.15766089263578084,0.0,6.684039966117919,0.06205363297209767,Tomato___Tomato_Yellow_Leaf_Curl_Virus
0.46545523510588926,0.5067237620551722,0.3188213723068987,0.1408016235573035,0.15833691445821432,0.20843606262331482,123.31773883534913,0.396281407241289,0.5501218362325715,0.2897141668881634,0.4956035102577744,0.14143933954854634,0.0,6.552489707294129,0.06586833023772268,Tomato___Tomato_Yellow_Leaf_Curl_Virus
0.44390213595046324,0.42974627067638804,0.43989786676223624,0.11643540868589693,0.10779250351422934,0.11915374367361542,298.69045001698976,0.10902667141384302,0.48477318124714364,0.03623578138010297,0.45777607810216525,0.10721526148934987,4917.264011209293,6.428379174806442,0.21590800308928518,Tomato___healthy
0.3951421986640863,0.37771546890331675,0.37402716449554313,0.21320860097238833,0.16965650705331473,0.20626897184973236,86.88011676503663,0.21122883356041133,0.4329577906602906,0.046804929145739416,0.4051455045910416,0.18582957091947225,412.29486996626724,7.132353007665889,0.14510722183928518,Tomato___Tomato_Yellow_Leaf_Curl_Virus
0.4924004088462762,0.46121737410618235,0.4729090350037371,0.22651448855230624,0.21624081520074515,0.2523109075320291,357.0548604173804,0.222187847856943,0.5306502504819917,0.01766871101515088,0.49451387774663547,0.22134024503846791,11240.528741439266,7.373070916907134,0.31800456070647265,Tomato___healthy
0.3821320544303827,0.3463130002219813,0.3433829265003954,0.18172800550291354,0.14809677688115744,0.19357362954740998,56.90300494863038,0.24232830203003108,0.40861561136188973,0.02765442616598401,0.3793287957878647,0.1611491948666158,458.7850935602771,6.9615577394382715,0.11848063492522268,Tomato___Tomato_Yellow_Leaf_Curl_Virus
0.49058717594756407,0.4658358102042811,0.46932336858566154,0.19600978503057773,0.19305550245278982,0.22099495499258515,62.79668170644288,0.2107750484985751,0.5342168732160615,0.032304404297039846,0.49627400290685275,0.1946429372133794,10714.175078393353,7.2508247580521,0.31150431656584765,Tomato___healthy
0.4108844111980371,0.4031762485702174,0.4157583730583941,0.2046671808702689,0.15563798634046225,0.1858710256112146,116.00139362050538,0.16903337932056606,0.4563314242834138,0.040253097185061315,0.4295552457542954,0.17321834567208913,0.0,6.819265112069191,0.08271403336272268,Tomato___Bacterial_spot
0.5292308937133722,0.47122910668445994,0.44205054811294425,0.23815016457865054,0.195662654318749,0.2432743665469217,74.61378986073976,0.26681052244133174,0.5534140987867402,0.0317200850631455,0.5078851367207108,0.2116574704947057,3827.3905501565177,7.30289820951524,0.24540324234709768,Tomato___Tomato_Yellow_Leaf_Curl_Virus
0.5010397444786004,0.4527187948424952,0.4027284698849474,0.15140025327036197,0.12335672167771963,0.16332282691126343,50.23112994863038,0.2624768475336474,0.5312575622076081,0.062212580808565954,0.48410771143155673,0.12393963935990956,0.0,6.530359985814774,0.08111186051116018,Tomato___Septoria_leaf_spot
0.402993113857644,0.40693530489994456,0.3002581911450182,0.12199512878486925,0.13240221826070456,0.1442501303446817,112.64964801503663,0.29368199503845394,0.44867234663906563,0.17116268909828458,0.4162353063793717,0.1175674334468427,0.0,6.512290873631445,0.08144755387053518,Tomato___Tomato_Yellow_Leaf_Curl_Virus
0.43963572488440794,0.42201849867893626,0.41290751270110954,0.17453067014047915,0.12044361171954779,0.18495101301794525,31.467305485739757,0.21101078486866176,0.4852470679754304,0.05203707701818738,0.44888726722913364,0.13949580344577459,612.2824766064739,6.674076636452214,0.13186259293303518,Tomato___Tomato_Yellow_Leaf_Curl_Virus
0.46602785692824644,0.4728616481025355,0.3526668863659655,0.15546345720121676,0.15846478132241873,0.19002780883436676,115.90767413808351,0.28929464614814937,0.5148938222402619,0.1875719223107556,0.47975603592115024,0.1493936091961446,0.0,6.760311661527257,0.06832499527678518,Tomato___Tomato_Yellow_Leaf_Curl_Virus
0.6141280542434625,0.6220741872985499,0.49264744094665397,0.08339940765926653,0.10519363669389395,0.13034764497404572,104.91405231191163,0.22233399844593227,0.6646503134244965,0.1979161743010739,0.6275835419865189,0.08049769553561834,0.0,5.720666230605108,0.04403300308928517,Tomato___Tomato_Yellow_Leaf_Curl_Virus
0.4279108058036737,0.40924325635029246,0.48032686284835685,0.11267355093786531,0.0908952870749822,0.1449055579197931,262.85654193593507,0.16493141746944606,0.5019885225767182,-0.029207909020467663,0.4455682421894608,0.10146958979983953,0.0,6.197897785077575,0.06681437515959768,Tomato___Leaf_Mold
0.5206185589851312,0.46037790228916575,0.49177244476135124,0.09592456379959398,0.09753213016027121,0.10385639785652634,3.1081746263647574,0.11532166696018396,0.5365295334333466,-0.031091917312576437,0.5046087290020523,0.09033455553670552,0.0,6.0747895873998745,0.04465861344084767,Tomato___Late_blight
0.45222854719771666,0.45870143224789073,0.3754945116406237,0.16336955139467532,0.14278235224717764,0.20513086586122986,126.76863605214601,0.2678779522222918,0.5000431163782166,0.15022320485966,0.46992034566121677,0.15021917822976735,0.0,6.686947185675495,0.05163188004241017,Tomato___Tomato_Yellow_Leaf_Curl_Virus
0.3987694095195703,0.3872433905799525,0.31560918859298576,0.12727635363170917,0.13882660058969168,0.1327665579212236,109.42986041738038,0.21642689502662837,0.4295541270250367,0.12065153754608426,0.40516329657750705,0.12291645112653402,0.0,6.568800472164455,0.08138651871428518,Tomato___Tomato_Yellow_Leaf_Curl_Virus
0.4298861633361749,0.4453948741157191,0.24817529491241325,0.17321544895002658,0.17948365894788412,0.19953743188505646,115.47417194081788,0.4613810042185229,0.4877543075555848,0.27327171898739133,0.44091463935094455,0.16381089988370565,0.0,7.007499872093573,0.05183024430022267,Tomato___Tomato_Yellow_Leaf_Curl_Virus
0.43809485540999693,0.37293046762539317,0.35242214969451774,0.18324056277105624,0.15150508967870382,0.18808323710089203,70.49263507558351,0.2866412559790057,0.4613960309499787,0.015887325623200273,0.4127165759773789,0.1611717403235021,592.1234555837443,6.990018445483564,0.13816447281584768,Tomato___Tomato_Yellow_Leaf_Curl_Virus
0.3918314288677148,0.3893578653533595,0.3953104036217486,0.18871344635317142,0.1360191845678678,0.16032916872625824,130.97539264394288,0.1878020772976321,0.4453690572256135,0.0521172005619267,0.4134159470768509,0.15375455322881368,0.0,6.805269956458912,0.07262797379241018,Tomato___Bacterial_spot
0.5577348481239252,0.5129386787612574,0.532624931848601,0.20218233773538882,0.1967818805360189,0.23273452191477295,311.05763751698976,0.2018636623663348,0.59591054158154,-0.003939108929469252,0.5512168790073929,0.1986603647770467,4576.594938311188,7.093157737298548,0.21560282730803518,Tomato___Leaf_Mold
0.5060284148277215,0.45874208261562754,0.44799781016166557,0.21140269944498355,0.17246722368234305,0.2319673654330301,57.26250201894288,0.2296346584600848,0.5308023615354585,0.024001294740603304,0.4942957545490799,0.18897358182092336,5414.406307005717,7.166508159981996,0.25408549332366015,Tomato___Septoria_leaf_spot
0.4408473383010797,0.4128469531734126,0.41455006769950736,0.19602087149450595,0.1514634707354894,0.20367242961054322,47.89723712636476,0.19061003721183956,0.4734960122579621,0.030839802690909243,0.44405312192159274,0.16875471773763326,115.40022378733624,6.791697781579226,0.11874003433928518,Tomato___Tomato_Yellow_Leaf_Curl_Virus
0.3869392882408075,0.3697500233848231,0.3477722423439776,0.19053927073309238,0.14743044165605215,0.20097300975447174,75.08919269277101,0.2516555646700305,0.4257588012689637,0.0653317887272099,0.3950240398617325,0.1641808659138265,933.7974595461717,7.021376592852648,0.13557047867522268,Tomato___Tomato_Yellow_Leaf_Curl_Virus
0.41951128945960325,0.4449176793296473,0.31921902469451774,0.15576267251798923,0.13891337005132345,0.20539032487993714,120.31239825917726,0.34610296881622493,0.4868095143312501,0.21164838410274778,0.4456314529152451,0.14009075465818074,0.0,6.79928355081641,0.05276103043303517,Tomato___Tomato_Yellow_Leaf_Curl_Virus
0.4273433099807672,0.41911041786266734,0.3655564206009661,0.17694199094602878,0.13641215054029135,0.21023430495386597,67.36546832753663,0.2768928269190234,0.47650196390095223,0.10586453414814267,0.4381068731518326,0.1511212796272817,765.8114302183246,6.938098221534509,0.13079447769866018,Tomato___Tomato_Yellow_Leaf_Curl_Virus
0.5024932335437707,0.5147911315162318,0.38720050624664176,0.16751162717172915,0.17087086228364615,0.2115329411519098,122.03349811269288,0.27815820372528255,0.5563288255209016,0.20043192244427,0.5192086483212052,0.16315915289540914,0.0,6.930958218487141,0.03327555680022267,Tomato___Tomato_Yellow_Leaf_Curl_Virus
0.5018030415595941,0.48551255514217784,0.42602637580688346,0.08736569443771654,0.10971090135806708,0.13153564005022522,107.44725543691163,0.14595726228183925,0.5277648492330598,0.10373904741661344,0.5062419260712204,0.08703440281768468,0.0,5.765373124366689,0.04519267105803517,Tomato___Tomato_Yellow_Leaf_Curl_Virus
0.3778912733615808,0.39164260079456736,0.2582100646858965,0.16009496161768252,0.15880254594319967,0.19130924909239289,115.44841510488038,0.4235155144972247,0.4353105051988648,0.20772723294155393,0.39495948803144076,0.15400171878953603,0.0,6.895515633244718,0.05907816910491017,Tomato___Tomato_Yellow_Leaf_Curl_Virus
0.44690007076873106,0.42781585504604747,0.41832313112075675,0.20882564792463595,0.15639733461373953,0.20415942936068054,52.85893756581788,0.2141324738306445,0.493915490674405,0.05095189995424543,0.4550797427864609,0.17381491366048482,2002.2303837786174,7.0392907877198585,0.16189188980803518,Tomato___Tomato_Yellow_Leaf_Curl_Virus
0.4753791998447351,0.5066376929481166,0.35085261038596977,0.11808834234306627,0.10963241694205908,0.2004669365180063,125.83757526113038,0.3381236950201434,0.5479333920949983,0.24758697486774717,0.5021717931004105,0.10183556976934102,0.0,6.129467509348522,0.06023783707366017,Tomato___Tomato_Yellow_Leaf_Curl_Virus
0.402993113857644,0.40693530489994456,0.3002581911450182,0.12199512878486925,0.13240221826070456,0.1442501303446817,112.64964801503663,0.29368199503845394,0.44867234663906563,0.17116268909828458,0.4162353063793717,0.1175674334468427,0.0,6.512290873631445,0.08144755387053518,Tomato___Tomato_Yellow_Leaf_Curl_Virus
0.5343798409522943,0.5421308284003871,0.40524804762657035,0.1213776172144156,0.13341202525132803,0.16282356350546356,112.93468219472413,0.2736366847795886,0.5835773869031953,0.20517722702877317,0.5468485738010941,0.11975558701177266,0.0,6.386104106899404,0.04029459976897267,Tomato___Tomato_Yellow_Leaf_Curl_Virus
0.5010768483699731,0.4545087223251002,0.47580710223968375,0.20482105026075656,0.17315461424821524,0.21348636417513367,28.405385319724132,0.15383447802490413,0.5271328611845063,-0.007323084405495787,0.49350050937848666,0.18474175634999898,2697.7961751962293,7.208547631813987,0.17530436539397268,Tomato___Spider_mites Two-spotted_spider_mite
0.3618053804458551,0.35770297100140025,0.35399690440948356,0.1736646891576987,0.12794528094762472,0.17007096676950928,101.43898517323976,0.20344314074939907,0.40531336502972115,0.06014703399793897,0.38114697587209323,0.14468758407254842,209.11660741611627,6.71850425073933,0.11332316422209768,Tomato___Early_blight
0.44254484878196043,0.4851958756644862,0.31960365346725333,0.16517578074762637,0.14064419952863363,0.20127286582117554,124.96565753652101,0.41131587422317684,0.526961259412198,0.26878655887501035,0.47620559584813693,0.14522350433488515,0.0,6.8374794716237215,0.10799784683928518,Tomato___Tomato_Yellow_Leaf_Curl_Virus
0.3951421986640863,0.37771546890331675,0.37402716449554313,0.21320860097238833,0.16965650705331473,0.20626897184973236,86.88011676503663,0.21122883356041133,0.4329577906602906,0.046804929145739416,0.4051455045910416,0.18582957091947225,412.29486996626724,7.132353007665889,0.14510722183928518,Tomato___Tomato_Yellow_Leaf_Curl_Virus
0.40854507790221495,0.40257224490238597,0.4035328643685137,0.17836940297910983,0.12572245983117727,0.16161360411768433,100.52208453847413,0.18244908845848262,0.460028372573285,0.05360992438452039,0.4271075214119492,0.14370805624147084,0.0,6.755150558739536,0.07957072281584768,Tomato___Bacterial_spot
0.49894100533141417,0.5238041882712977,0.31941545180137504,0.17204520115682895,0.1789593615912786,0.20079564123278137,117.10493976308351,0.40211941397613704,0.5649230404371308,0.2897953484143475,0.5157097364636002,0.16193690004964498,0.0,7.040250035765507,0.09083170914397268,Tomato___Tomato_Yellow_Leaf_Curl_Virus
0.3796820949138574,0.3993549947936671,0.3354754763012682,0.21503254780599887,0.18399267581933645,0.2113180664074945,110.49089557363038,0.32697279847091854,0.45600529746952523,0.1440957579697827,0.40883044254499057,0.19092137220521596,2206.985218766772,7.163342352629378,0.21529765152678518,Tomato___Tomato_Yellow_Leaf_Curl_Virus
0.5802853118003778,0.532765925427212,0.5384828167324817,0.19810768971273715,0.16982791511052756,0.1997238454115915,69.71297198964601,0.13243101633018672,0.6042457147115754,0.007307158776686525,0.5702658678265152,0.18026832345147756,6052.8862407241695,7.168603971519313,0.24274821305022268,Tomato___Target_Spot
0.49484995113028807,0.46284526636196544,0.4738310592537676,0.17368537196943576,0.13040576813453345,0.1757481452715921,46.59264117909913,0.15750916397995174,0.5344596429342316,0.017552861937449312,0.49630693447309115,0.14490846398492482,0.0,6.818187547198272,0.09366984390959768,Tomato___Target_Spot
0.5466443310798578,0.46496811558796336,0.45408687166030753,0.20601700255701358,0.18158713666433005,0.2188389506829309,64.88704425527101,0.23546166813797176,0.558341018723874,-0.010251699953212404,0.5107887173862992,0.19137713912149099,3935.281593029781,7.17541165766099,0.25045390152678515,Tomato___Tomato_Yellow_Leaf_Curl_Virus
0.49020019279135985,0.44213813592983653,0.4555115418797289,0.2153880597097617,0.2098085203551641,0.22793914942865845,44.57506305409913,0.18288789785331905,0.5088699086183595,-0.0008921399776479245,0.4806731725903092,0.21206814649720815,16260.246955412833,7.370180567169982,0.34064860367522265,Tomato___healthy
0.5607120405258111,0.5287182932098048,0.4991350489025866,0.28029626617262177,0.24721052435868887,0.28728789656286713,89.33754474355226,0.21587865150398433,0.5909017844671296,0.05813286639110837,0.557551779863411,0.2607853323521199,2642.7348808820107,7.480849519455009,0.17086405777678518,Tomato___Late_blight
0.4754002700866632,0.41058939745022227,0.42304775289352287,0.17257158467600162,0.13419262258046774,0.17560223310118195,46.58122760488038,0.1952001760048312,0.4955766721242951,-0.016725857748522425,0.45402798902707675,0.1475146472754064,2000.8736865545368,6.858839029502238,0.16891093277678518,Tomato___Tomato_Yellow_Leaf_Curl_Virus
0.42033022747649473,0.378236592312588,0.4231576638584887,0.1857297868473273,0.17398820010656027,0.1893543955576944,319.7363789720679,0.15186265206760585,0.4493731482500123,-0.02647137502847519,0.41858349096494296,0.17771100106855062,6038.928293036924,7.160597609789423,0.23238749527678518,Tomato___Spider_mites Two-spotted_spider_mite
0.525833130937951,0.464589268465771,0.4681672470932757,0.19098359355757052,0.1545929977082601,0.19505419402246948,58.52263385488038,0.17537067926353633,0.5444513483518647,-0.00427851267798152,0.5059489692421494,0.16841234865804341,1136.9410078147637,6.803058679901152,0.14524455094084768,Tomato___Late_blight
0.2864653776706628,0.3059147601325648,0.2709082829123293,0.09872303912470155,0.0853776776575437,0.1150905918968248,168.74016315175538,0.2278176704687518,0.3503471537107514,0.11499921418087278,0.31874860179143527,0.08410464826245931,0.0,5.972933190831838,0.05401225113616017,Tomato___healthy
0.46602785692824644,0.4728616481025355,0.3526668863659655,0.15546345720121676,0.15846478132241873,0.19002780883436676,115.90767413808351,0.28929464614814937,0.5148938222402619,0.1875719223107556,0.47975603592115024,0.1493936091961446,0.0,6.760311661527257,0.06832499527678518,Tomato___Tomato_Yellow_Leaf_Curl_Virus
0.4003766785682611,0.38270953347279,0.34640526942069877,0.21100774416754062,0.16747135607236532,0.20050672261839386,91.43425494863038,0.28261084950393855,0.44939314560833443,0.07918054051058088,0.40649325501638034,0.1808114707769933,2789.4054684931625,7.096786610349148,0.21300883316741018,Tomato___Leaf_Mold
0.5345923315109186,0.516818762322201,0.47357589176948417,0.11883331844637209,0.1304056191229215,0.125927267659955,103.07652789784913,0.14410702979988277,0.563414089249997,0.08601265586273465,0.5398432399006424,0.12161377671380666,0.0,6.338293022566227,0.06415934586272268,Tomato___Bacterial_spot
0.4699909101547174,0.46856844474865367,0.46693137458618034,0.09846319267580324,0.1043496721767774,0.10074148147230622,232.55231219960694,0.10710437691635309,0.5200695021623658,0.0607580412115315,0.4914470697613297,0.09752661588807729,992.4910172109237,6.256264807479401,0.10073466324553518,Tomato___healthy
0.462400228840249,0.43707823803020884,0.4270667748814379,0.21380300829241092,0.1964507916354528,0.2242105361712503,79.29243976308351,0.2412083009523791,0.5083659811491059,0.045232841738627294,0.46614811670499423,0.20106970372815755,5012.2837400088765,7.175396431799665,0.24296183609709768,Tomato___Target_Spot
0.3907374750198297,0.41096147944523265,0.5038347559338366,0.15950417527983005,0.1670352139853826,0.23537651269560333,233.6664632005835,0.2944891611380023,0.5359144731039094,-0.01210590825123992,0.4381419504852829,0.16963174048085836,0.0,6.973681978478747,0.11350626969084768,Tomato___Late_blight
0.4026196609558038,0.4140608613689082,0.36973604730422843,0.21153791258165652,0.15286628095143942,0.21391581564074036,95.57951862050538,0.2723328629774493,0.4688748641485261,0.11630938387768064,0.42822686683850864,0.1742535740437093,0.0,6.879769545786202,0.05845255875334767,Tomato___Tomato_Yellow_Leaf_Curl_Virus
0.4852373014511041,0.5139872436721461,0.3290380554562365,0.08654947588274294,0.0924773657106748,0.1555910465014505,116.78456622792726,0.37960057056373775,0.5565423889631318,0.2742425296391705,0.506946721193367,0.07541617232580808,0.0,5.829148809155951,0.04561991715178517,Tomato___Tomato_Yellow_Leaf_Curl_Virus
0.38886684284819883,0.3719226424892085,0.3668947832947527,0.1762044430715781,0.12967939613097815,0.17290504841928955,78.55385333730226,0.1954338858169955,0.430326007174878,0.048626998433039526,0.39905566823201755,0.1465836227240148,0.0,6.711013296655329,0.07090373062834768,Tomato___Bacterial_spot
0.4501823197425775,0.44392937471462657,0.44063607028777946,0.10728294411728197,0.1060034552001348,0.1122541558635759,255.68771869374757,0.10458049273914514,0.49235527949276436,0.0575837287987927,0.468063482162529,0.10222159180064824,2210.826083817913,6.354016603690286,0.13065714859709768,Tomato___healthy
0.6366294036926202,0.5651836400230067,0.5486505346661364,0.22001355895826633,0.20837663797372488,0.23842065601473328,65.09502155019288,0.17274491584724605,0.6449338717931794,0.005630610504315233,0.6073010946484146,0.21380554738660482,6199.952758442073,7.310291650982221,0.25812907242522265,Tomato___Late_blight
0.3827596019329004,0.36869534899784495,0.38882300428207267,0.1790883244020682,0.13261204151147513,0.15391395061140534,118.14714557363038,0.16716569757885158,0.42502631978931893,0.026351386674807405,0.3978350545139847,0.14802143576760915,0.0,6.807234093264798,0.09745402359709768,Tomato___Bacterial_spot
0.47436636791838926,0.4487406914432185,0.4723173694973742,0.20344649264643008,0.1904579022311559,0.23038539855604645,251.57484943105226,0.18356292045540035,0.5204407198900269,0.011340985068247652,0.48173043977933505,0.19706252816339162,15330.918337745054,7.346415877365795,0.35500712418303515,Tomato___healthy
0.5007740269721918,0.46327877094341685,0.46507433227355827,0.22337140152284915,0.20209979204171805,0.2305708137047815,63.73131305409913,0.18787853515571773,0.5339321418279694,0.02125261164562497,0.4973344291420517,0.2090751290621343,6204.351436912476,7.373943360362078,0.26264567398772265,Tomato___Target_Spot
0.47848144279135985,0.5189924841125148,0.35342005065734733,0.10871857414076143,0.1130902984523168,0.16979678540354248,132.284016911521,0.33588869965500057,0.5605004950040864,0.2666267249669293,0.5106443251343308,0.0956720322670522,0.0,6.182928191456797,0.04590983414397267,Tomato___Tomato_Yellow_Leaf_Curl_Virus
0.47011596069945616,0.44185280849529673,0.4892837124233996,0.17962986240217502,0.1416281083011022,0.19274630217676636,298.3738301439429,0.19399310744232356,0.530728451775937,-0.015150665311946535,0.4783505583973465,0.1537038743795934,2016.056405791475,6.988316528188351,0.20418925308928518,Tomato___Tomato_mosaic_virus
0.47256663547171873,0.41642814924313,0.4121264832382952,0.24222134063074405,0.2030784109019628,0.23966929881697174,73.97862750722413,0.24093611634201229,0.4941648765081452,0.008706541725561952,0.4553630734654007,0.2178976297678533,1248.4927251035558,7.152613262881851,0.18177409195647268,Tomato___Tomato_Yellow_Leaf_Curl_Virus
0.40547883616103453,0.3853493933875697,0.3775668459301745,0.19548252234289462,0.15272957769864706,0.20579115121489044,62.77733356191163,0.24672226703590572,0.45125275092068184,0.04819646663324628,0.4131207848759232,0.1683949590029302,1397.8728532375978,7.010094852912975,0.15102763199553518,Tomato___Spider_mites Two-spotted_spider_mite
0.47004142509116453,0.4555824701984065,0.48448649219329704,0.18914738306829745,0.18450587181085257,0.2139208075297403,245.09300739003663,0.18868330216831386,0.5355536861890839,0.01718042976515088,0.48584065687375644,0.18611844483037618,13811.59339141233,7.196008698175286,0.34286112808928515,Tomato___healthy
0.4350063215316705,0.4151139860351222,0.5005827265148913,0.10522477338144594,0.10920935807460455,0.14301236539011475,278.18346149159913,0.24466617501205623,0.5449270530218171,-0.04481783137364592,0.453445174810463,0.09809701743741658,0.0,6.246784409564632,0.10512919449553518,Tomato___Tomato_mosaic_virus
0.4683971415580682,0.4925460224349635,0.3595117943650042,0.10465013990232759,0.10160192785495428,0.18243969051962372,127.67049152089601,0.29518868124908626,0.5343812032217072,0.21772650814907346,0.4927994991512833,0.08696149143596318,0.0,6.01102791181848,0.09046549820647268,Tomato___Tomato_Yellow_Leaf_Curl_Virus
0.4108844111980371,0.4031762485702174,0.4157583730583941,0.2046671808702689,0.15563798634046225,0.1858710256112146,116.00139362050538,0.16903337932056606,0.4563314242834138,0.040253097185061315,0.4295552457542954,0.17321834567208913,0.0,6.819265112069191,0.08271403336272268,Tomato___Bacterial_spot
0.48600617156638426,0.4402639870841639,0.46514409951026786,0.2713302970869284,0.24011855510705618,0.2644121405375528,46.70625812245851,0.1846108297151965,0.5111666245931672,-0.010079006670846605,0.47941715371327975,0.2512835473122182,2815.290384947716,7.237228588240163,0.18001933121428518,Tomato___Early_blight
0.44996851788176817,0.4164053504665034,0.38460076025779594,0.2057289780122977,0.164707145967423,0.19782347052221771,76.28227740956788,0.24983711636490047,0.4895113034719514,0.058784814545081,0.445454874155098,0.1764445811810079,866.3767141650176,6.9612274970208174,0.16062541031584768,Tomato___Leaf_Mold
0.3687199364723138,0.3845019345481532,0.20758545569236625,0.13663465539047534,0.1474065699958196,0.17469925253515717,106.31429034902101,0.48693810499138057,0.42868524031582345,0.25324175692455564,0.38225454938130954,0.1307469293775144,0.0,6.604425678947894,0.05750651383147267,Tomato___Tomato_Yellow_Leaf_Curl_Virus
0.5623809705795221,0.5123295192916529,0.44040072134788383,0.12228721389601045,0.12883356151813177,0.19423077075605866,28.745290104880382,0.28715004122680843,0.5879778786176728,0.08242073095695768,0.541734912511879,0.11808673891444829,2839.1164501322646,6.365617990660084,0.18664164566741018,Tomato___Septoria_leaf_spot
0.5303288708747796,0.4971808200080531,0.4736722426777636,0.21714077899286563,0.1662650325679174,0.22364686994677063,68.56987506581788,0.19928354120678127,0.5673863215917634,0.05090379155533109,0.527051963922554,0.1847557336391988,4734.278581287174,7.06194971471552,0.25042338394866015,Tomato___Tomato_Yellow_Leaf_Curl_Virus
0.5550844083846979,0.5388308768470423,0.4782043116455828,0.30282214293310455,0.2809869715356222,0.32275778620367523,99.45641071034913,0.2945009628576678,0.598300210999875,0.10491637326137815,0.5594190741749344,0.29080346825738573,4922.904117810235,7.618169039424255,0.19826884293303518,Tomato___Late_blight
0.4734589468063287,0.47052159955097606,0.43534538320358146,0.23733423659632022,0.15885182408326773,0.23928715853815552,79.99333697988038,0.2762032607836169,0.5424646063322114,0.09278229809658323,0.4900296713085709,0.18803632858415273,5060.695329636031,7.233539270352535,0.24369425797209768,Tomato___Septoria_leaf_spot
0.5535660992683343,0.47818833639217784,0.46110344103629936,0.22162197539636905,0.18608624426358847,0.2112873104107904,75.53990680409913,0.2316923896116656,0.5701537652486848,0.002250514918134546,0.5214185501308976,0.1981229394974294,4400.673993305697,7.2223750559474755,0.23093791031584768,Tomato___Tomato_Yellow_Leaf_Curl_Virus
0.46563673124923033,0.42342740346981456,0.39656144551093925,0.22859303662607486,0.18837518183225302,0.2124201264870691,86.47801715566163,0.24179901278442562,0.4942751152986573,0.04519993997471128,0.4556251550884781,0.20098637643476155,1070.130423093841,6.998317905111707,0.14315409683928518,Tomato___Tomato_Yellow_Leaf_Curl_Virus
0.3922740231574945,0.3755795960624354,0.37728721073921073,0.16403532037565524,0.11758392242425589,0.1570822653067636,79.73552447988038,0.17763725018924892,0.432086340951352,0.04214129782573972,0.4034057642193375,0.13423380109687474,0.0,6.614926613126085,0.06367106461272268,Tomato___Bacterial_spot
0.5303288708747796,0.4971808200080531,0.4736722426777636,0.21714077899286563,0.1662650325679174,0.22364686994677063,68.56987506581788,0.19928354120678127,0.5673863215917634,0.05090379155533109,0.527051963922554,0.1847557336391988,4734.278581287174,7.06194971471552,0.25042338394866015,Tomato___Tomato_Yellow_Leaf_Curl_Virus
0.5466443310798578,0.46496811558796336,0.45408687166030753,0.20601700255701358,0.18158713666433005,0.2188389506829309,64.88704425527101,0.23546166813797176,0.558341018723874,-0.010251699953212404,0.5107887173862992,0.19137713912149099,3935.281593029781,7.17541165766099,0.25045390152678515,Tomato___Tomato_Yellow_Leaf_Curl_Virus
0.5343798409522943,0.5421308284003871,0.40524804762657035,0.1213776172144156,0.13341202525132803,0.16282356350546356,112.93468219472413,0.2736366847795886,0.5835773869031953,0.20517722702877317,0.5468485738010941,0.11975558701177266,0.0,6.386104106899404,0.04029459976897267,Tomato___Tomato_Yellow_Leaf_Curl_Virus
0.47872537480010313,0.5125178699691432,0.4542066173916613,0.14146561930010135,0.09859459040397314,0.16637752025251862,154.08568317128663,0.19970195091194332,0.5615335031026887,0.1526472065533856,0.518406340000206,0.10864367935081151,0.0,6.169273753972738,0.04600138687834767,Tomato___Late_blight
0.5018030415595941,0.48551255514217784,0.42602637580688346,0.08736569443771654,0.10971090135806708,0.13153564005022522,107.44725543691163,0.14595726228183925,0.5277648492330598,0.10373904741661344,0.5062419260712204,0.08703440281768468,0.0,5.765373124366689,0.04519267105803517,Tomato___Tomato_Yellow_Leaf_Curl_Virus
0.4075805257381372,0.37273505379749705,0.3840042667752062,0.18627876052686984,0.16263908831113486,0.19236705272322174,59.28047687245851,0.1549203256410998,0.4278559906953858,0.014428706833289003,0.40707842361646274,0.1719667226376119,2039.2625542158937,6.992796507631716,0.16933817887053518,Tomato___Late_blight
0.4614389549316339,0.4463273589809077,0.3442672210102831,0.10197843620607668,0.10498419342273382,0.16214496462469574,101.34770709706788,0.2745556095880908,0.4902277214998292,0.14749185181515012,0.4618507708283005,0.09460771682878164,0.0,6.045045624430119,0.04590983414397267,Tomato___Tomato_Yellow_Leaf_Curl_Virus
0.5074836622299127,0.5049693589408534,0.38148623875434745,0.11019999543258958,0.11486887125009207,0.1601238754284906,111.33061725331788,0.25917016065544307,0.5470159574026154,0.1815122310008267,0.5142839933605728,0.09742654714008,0.0,6.184943245776836,0.05349345230803517,Tomato___Tomato_Yellow_Leaf_Curl_Virus
0.384004951578515,0.3923502569396632,0.3607467430001055,0.16259510824510867,0.11706055639022497,0.17725448875551697,145.46535236073976,0.23175184524482906,0.43826945857944954,0.1004921737994412,0.4088921035500107,0.1332900658549848,0.0,6.569364836978731,0.09568400406584768,Tomato___Early_blight
0.5405468355239801,0.5143711571891444,0.46391859821136344,0.19261503228971774,0.1985823580407491,0.21657953231459137,89.19466144277101,0.16731004512733638,0.5633724852079438,0.08482013083355222,0.5390860224934159,0.19137359264512685,0.0,6.911710779566599,0.06498332047209768,Tomato___Bacterial_spot
0.5550844083846979,0.5388308768470423,0.4782043116455828,0.30282214293310455,0.2809869715356222,0.32275778620367523,99.45641071034913,0.2945009628576678,0.598300210999875,0.10491637326137815,0.5594190741749344,0.29080346825738573,4922.904117810235,7.618169039424255,0.19826884293303518,Tomato___Late_blight
0.45887798176421446,0.3886361127097743,0.36284607819373954,0.19170860955545718,0.1543616720818868,0.19580843119745728,72.06380206777101,0.3029198805136126,0.4791524930471467,0.016091549762652254,0.42933828484731296,0.1671606809200826,2945.9670693675735,7.022809802190558,0.21062846207366018,Tomato___Tomato_Yellow_Leaf_Curl_Virus
0.534307480913537,0.5567632322509425,0.38221305779273856,0.13144160071441943,0.1459972032689443,0.16347632377272125,134.229085270896,0.3087626556200427,0.5978632493490266,0.2575491759862164,0.5527901436062393,0.12198526266236928,0.0,6.513132651504201,0.04856486344084767,Tomato___Tomato_Yellow_Leaf_Curl_Virus
0.5066528330863885,0.4534141426284449,0.4830581264858996,0.0988108516676169,0.0988465913915029,0.1253493261230516,337.292561833396,0.09881214148229776,0.5178412123197602,-0.022339358932211065,0.4953518296452103,0.09762149158139852,0.0,6.1368494025692435,0.07941813492522268,Tomato___Late_blight
0.5010659407199792,0.4819755559165614,0.4901374595528399,0.19271284351179416,0.17310645369523672,0.2338899877560663,290.7445576830054,0.22225184834427059,0.5609009786123322,0.033291017630265096,0.5112539018364487,0.1814518928827825,4040.3993115885396,7.010063730807274,0.20666117691741018,Tomato___Leaf_Mold
0.41779431806220335,0.3964163665969508,0.3843868093853747,0.2541646511299353,0.23889919308656363,0.2615556326401758,87.68559772206788,0.26796467698044,0.458167336749463,0.05119496769563947,0.42407692324834445,0.24409829679151204,945.7465935225343,7.456030560226749,0.16025919937834768,Tomato___Early_blight
0.43659943447722716,0.4235921805102961,0.33006459645088065,0.20185232171842868,0.19175802854531912,0.1914145555985498,88.92006427480226,0.31578375494903743,0.4811300559515046,0.14106368459121976,0.4394590641232071,0.18756487074514058,815.5823923902797,7.069418667139513,0.18430705094084768,Tomato___Tomato_Yellow_Leaf_Curl_Virus
0.5369417081893854,0.4938599472243922,0.4994111376171862,0.20528033385107333,0.18416365174287466,0.2228798624766397,32.49815875722413,0.16706423557228267,0.5590082331174897,0.011910462745592928,0.5300141359539566,0.1927702486815038,7663.409348476373,7.221008102302199,0.24399943375334768,Tomato___Spider_mites Two-spotted_spider_mite
0.49220174656523985,0.4235951905448573,0.4282245056992327,0.17425532648393924,0.14480260697835592,0.18400526611929413,62.75713092519288,0.1857263753456515,0.5031075401777314,-0.012692566967441702,0.4672761644096909,0.15720269683023122,258.18265165893604,6.787053705037559,0.12820048355803518,Tomato___Tomato_Yellow_Leaf_Curl_Virus
0.5328366766990594,0.4583821003635066,0.4316243844395434,0.21890322873422915,0.1832017817878118,0.22898892133360382,70.21413165761476,0.27024810111946285,0.5474536343092011,0.012846456834242678,0.5002335692616043,0.19714682403226522,5467.359846889668,7.212693165632256,0.30994792008147265,Tomato___Tomato_Yellow_Leaf_Curl_Virus
0.47321128950728697,0.44623667051388194,0.46136379412467826,0.2203679681761008,0.18444468764299063,0.2193286922467279,79.99834186269288,0.18567474282211482,0.5163526459211396,0.018441641696856356,0.4786664630146561,0.19675194326062825,6758.089248530029,7.281655151337801,0.27750773453459765,Tomato___Target_Spot
0.5056023310245447,0.43959373285366465,0.39921966365630973,0.23683832595178897,0.19889467147821097,0.2434368786109018,78.15096027089601,0.32086293495124996,0.521623067426114,0.03490887395398412,0.4773675585957108,0.2134933680595937,4459.57997419189,7.298441526567514,0.29085917496428515,Tomato___Tomato_Yellow_Leaf_Curl_Virus
0.41454514966620726,0.4109596018989222,0.376244636095122,0.24347044536897952,0.20358449903958944,0.23032335012083527,102.04497272206788,0.26297377145713985,0.46970056729259957,0.0916728321398953,0.4307140792580185,0.21563511195798543,2849.2984211681623,7.311597990217044,0.21111674332366018,Tomato___Tomato_Yellow_Leaf_Curl_Virus
0.5302836905540399,0.4701441531379359,0.5068786757355487,0.17762331673929507,0.14885681060784964,0.20955499081736084,352.535237614646,0.19436346090263545,0.5589653177732514,-0.03633070830894913,0.5149535621376572,0.15934159460683492,5009.512838828771,6.798474079689359,0.22118754410491018,Tomato___Tomato_mosaic_virus
0.48150122271193785,0.45693379690243174,0.4403307752972399,0.17008064696619327,0.17025837985509543,0.1758433338892984,215.15434772206788,0.20004601872390926,0.5205089374059724,0.05257897264616285,0.48502663624005893,0.1663914233746114,0.0,7.101993452493688,0.11320109390959768,Tomato___Late_blight
0.4845650206626825,0.4930844311912196,0.34548732808883537,0.1447228939277869,0.14381939856046347,0.1899443772328424,117.09410602284913,0.33559547460502803,0.5352054758543061,0.216659972437785,0.49635098230558017,0.13592161837239888,0.0,6.687672642824636,0.07331461930022268,Tomato___Tomato_Yellow_Leaf_Curl_Virus
0.43435782299651426,0.4164419477183955,0.33664140275771964,0.20496088275739963,0.18727413503163962,0.20761566429262635,88.97075397206788,0.3290059129042071,0.47555225329342354,0.12242791987316404,0.4353414262505112,0.18914387229104665,3910.1105332967572,7.063527565720269,0.23965067887053518,Tomato___Tomato_Yellow_Leaf_Curl_Virus
0.5357978950561456,0.47968339969707896,0.4853989797001635,0.17913295337984378,0.16249830214017538,0.1915131416810083,45.31996661855226,0.15601308739608943,0.5535384936803864,-0.0012867152754804136,0.5197530771465836,0.16824971738477376,7835.524951865359,7.115517430998556,0.27442545914397265,Tomato___Spider_mites Two-spotted_spider_mite
0.559814871412652,0.5059845452506678,0.46406269244010795,0.1668682248337012,0.14522268561357168,0.2175591495526361,35.72417194081788,0.27171270645088375,0.5877796335691499,0.048634896048472265,0.5399406338902054,0.15041949453969625,3535.3345137773294,6.748079814320958,0.20414347672209768,Tomato___Septoria_leaf_spot
0.547857285601037,0.49881798078609874,0.5055460350876605,0.20211136350462253,0.15735647765630392,0.20658039121752259,54.09114581777101,0.1509116301578921,0.5724733992094087,0.0047760568495253085,0.5368876243801651,0.17485944035668996,1280.1565233165609,6.873201068594851,0.13694376969084768,Tomato___Late_blight
0.3778912733615808,0.39164260079456736,0.2582100646858965,0.16009496161768252,0.15880254594319967,0.19130924909239289,115.44841510488038,0.4235155144972247,0.4353105051988648,0.20772723294155393,0.39495948803144076,0.15400171878953603,0.0,6.895515633244718,0.05907816910491017,Tomato___Tomato_Yellow_Leaf_Curl_Virus
0.41951128945960325,0.4449176793296473,0.31921902469451774,0.15576267251798923,0.13891337005132345,0.20539032487993714,120.31239825917726,0.34610296881622493,0.4868095143312501,0.21164838410274778,0.4456314529152451,0.14009075465818074,0.0,6.79928355081641,0.05276103043303517,Tomato___Tomato_Yellow_Leaf_Curl_Virus
0.49220174656523985,0.4235951905448573,0.4282245056992327,0.17425532648393924,0.14480260697835592,0.18400526611929413,62.75713092519288,0.1857263753456515,0.5031075401777314,-0.012692566967441702,0.4672761644096909,0.15720269683023122,258.18265165893604,6.787053705037559,0.12820048355803518,Tomato___Tomato_Yellow_Leaf_Curl_Virus
0.384004951578515,0.3923502569396632,0.3607467430001055,0.16259510824510867,0.11706055639022497,0.17725448875551697,145.46535236073976,0.23175184524482906,0.43826945857944954,0.1004921737994412,0.4088921035500107,0.1332900658549848,0.0,6.569364836978731,0.09568400406584768,Tomato___Early_blight
0.49035441980971617,0.5152145629127162,0.3899590688114916,0.1232992784125548,0.12452219364875464,0.19256654946928498,113.38380939198976,0.2762361923498553,0.5588297768110322,0.21065899170295987,0.5161421681614456,0.1108857751192632,0.0,6.476476945504367,0.05849833512053517,Tomato___Tomato_Yellow_Leaf_Curl_Virus
0.46208864555968565,0.48216694643093516,0.28829091957862724,0.16478656241724307,0.1801754602574697,0.18284124701147553,110.84520465566163,0.3949587801737231,0.5238708181852387,0.27449769712345395,0.47670159589963534,0.1578472167553487,0.0,6.952014565587285,0.06876750015959768,Tomato___Tomato_Yellow_Leaf_Curl_Virus
0.4053836773456506,0.380214930077328,0.37995726040656913,0.18898628661463077,0.1298877888702741,0.1695347037804651,85.04930621816163,0.19774212038940608,0.4446920080656098,0.035632321604655126,0.410350897428566,0.1512118339838567,0.0,6.595601232890455,0.05498881363616017,Tomato___Bacterial_spot
0.4264417897285394,0.4596344833572047,0.2546669261818682,0.1500152350408774,0.1753253558062902,0.15161441831713196,117.58849078847413,0.4211847642702502,0.5010321064466523,0.2987036202038983,0.4489834989281235,0.14666699472089437,0.0,6.882989034756801,0.06539530777678518,Tomato___Tomato_Yellow_Leaf_Curl_Virus
0.4771240066112451,0.4723545317847865,0.4698621349697863,0.1716435105545264,0.15484435049527792,0.2212648746264505,249.803059880271,0.25309525525993526,0.5543999596113252,0.058266246684954504,0.4961363757820664,0.1614452064337316,3093.7175475577105,6.946909208596552,0.18557353043303518,Tomato___Leaf_Mold
0.5138917277873926,0.45637095024181773,0.4608368592625414,0.1894645691854697,0.14395188478463797,0.19292308955317017,62.12642413808351,0.16747453904575527,0.5330606623167085,-0.0014432519738217832,0.49671868335919955,0.16242944303174642,419.3695919880854,6.7624231321863055,0.09966654801116018,Tomato___Septoria_leaf_spot
0.45742765174521727,0.4991983180244105,0.2771818952923571,0.1361060366971236,0.15119426635736136,0.15898752777700897,127.13863116933351,0.4274622360510272,0.5406176372045564,0.32433048821346555,0.48403892767148593,0.12434502545018819,0.0,6.6115873849923394,0.05617899918303517,Tomato___Tomato_Yellow_Leaf_Curl_Virus
0.518163682085412,0.4809511904914515,0.4618945436840807,0.22519937166998202,0.20921938804620413,0.24373637704973694,59.97798663808351,0.24303968346542537,0.551499239968686,0.04238759911911283,0.5125451470585404,0.21466917398591664,4658.233968467845,7.361092598015348,0.22770304703459768,Tomato___Target_Spot
0.36064750061644835,0.36551985194279124,0.310361029422835,0.1504395754081946,0.12586321619981436,0.1590516623747873,103.59670001698976,0.31638150012916744,0.42350643114986886,0.12057452834503446,0.3804148222179947,0.13038226816077855,148.91273227466513,6.7149643359672035,0.10917277359709768,Tomato___Bacterial_spot
0.40080669627799315,0.41148537447048594,0.4276456849938189,0.1743675620300513,0.15473764327996878,0.20264268486624237,211.49944049550538,0.19643026686138332,0.47059359388294686,0.05506172216789518,0.4327745820255814,0.16462812426705983,0.0,6.94814672048009,0.08599467301116018,Tomato___Early_blight
0.6792944680274896,0.6274288897712367,0.538559945142821,0.23369848737547214,0.23082949904435782,0.26930088369970795,86.40633136464601,0.2744039455694598,0.7020113392347382,0.09754668361799512,0.6554455543728409,0.2331929564776006,3246.0405879387845,7.441968646428671,0.19642252945647268,Tomato___Late_blight
0.43809485540999693,0.37293046762539317,0.35242214969451774,0.18324056277105624,0.15150508967870382,0.18808323710089203,70.49263507558351,0.2866412559790057,0.4613960309499787,0.015887325623200273,0.4127165759773789,0.1611717403235021,592.1234555837443,6.990018445483564,0.13816447281584768,Tomato___Tomato_Yellow_Leaf_Curl_Virus
0.3618053804458551,0.35770297100140025,0.35399690440948356,0.1736646891576987,0.12794528094762472,0.17007096676950928,101.43898517323976,0.20344314074939907,0.40531336502972115,0.06014703399793897,0.38114697587209323,0.14468758407254842,209.11660741611627,6.71850425073933,0.11332316422209768,Tomato___Early_blight
0.4995512376846246,0.4893685584266322,0.40587461165244926,0.1150151790125113,0.11505355624192862,0.1183843147647905,114.06493121816163,0.21395471787876308,0.5365527196401643,0.13385457731144224,0.5055347765656052,0.10380965325256017,0.0,6.280375545178326,0.09949870133147268,Tomato___Bacterial_spot
0.43963572488440794,0.42201849867893626,0.41290751270110954,0.17453067014047915,0.12044361171954779,0.18495101301794525,31.467305485739757,0.21101078486866176,0.4852470679754304,0.05203707701818738,0.44888726722913364,0.13949580344577459,612.2824766064739,6.674076636452214,0.13186259293303518,Tomato___Tomato_Yellow_Leaf_Curl_Virus
0.5185767422737054,0.4688432519633906,0.5028920786743915,0.1368224472744208,0.11602284697526602,0.1829318758738565,329.29274493886476,0.19724114335006893,0.5620465202802705,-0.02323896252258029,0.5102350498409806,0.12053182575126317,0.0,6.390215237640038,0.07863993668303518,Tomato___Septoria_leaf_spot
0.4924004088462762,0.46121737410618235,0.4729090350037371,0.22651448855230624,0.21624081520074515,0.2523109075320291,357.0548604173804,0.222187847856943,0.5306502504819917,0.01766871101515088,0.49451387774663547,0.22134024503846791,11240.528741439266,7.373070916907134,0.31800456070647265,Tomato___healthy
0.4350063215316705,0.4151139860351222,0.5005827265148913,0.10522477338144594,0.10920935807460455,0.14301236539011475,278.18346149159913,0.24466617501205623,0.5449270530218171,-0.04481783137364592,0.453445174810463,0.09809701743741658,0.0,6.246784409564632,0.10512919449553518,Tomato___Tomato_mosaic_virus
0.517239780289071,0.48354274084164073,0.4734556692009722,0.23527468750307376,0.21840580491059927,0.2553802040112543,67.62352496816163,0.19003360069221675,0.5408271475309419,0.036933386691973547,0.5151081467838822,0.2264028251471105,4648.196793376862,7.465114521673862,0.22069926285491018,Tomato___Spider_mites Two-spotted_spider_mite
0.46974220977439207,0.45864787747456004,0.44236469439323295,0.2493480295879584,0.20603624669545798,0.2414936628830957,100.64345294667726,0.23193429506248653,0.5225942655080842,0.06573222763197217,0.48274869572835544,0.22088134887834218,5371.16849051758,7.422607450263809,0.23475260758147268,Tomato___Late_blight
0.4002465616287164,0.3271029596526759,0.3211851435070788,0.2424193621618491,0.21969462124341635,0.23878595798140045,70.65862018300538,0.317719475392763,0.40511985855045785,-0.006682459271385336,0.3709381903381882,0.22789411845822957,1530.8407227000432,7.15367507680637,0.16120524430022268,Tomato___Late_blight
0.47879025445594114,0.45267611791683604,0.4541579800015246,0.18192569920847232,0.14040947643750815,0.18607467978125092,47.65263873769288,0.14782458639568508,0.5121010764116334,0.03294737077610288,0.48329309475141147,0.15539828541894582,0.0,6.851640381046928,0.10084147476897268,Tomato___Tomato_Yellow_Leaf_Curl_Virus
0.5077354620517663,0.44084200312687327,0.43932596019561637,0.22098685810396487,0.18742693153852133,0.2346821781886148,56.68498737050538,0.2347865561289233,0.5214588566297578,-0.004834050319029951,0.4833102310867844,0.20151895883699086,4729.4332686731805,7.180734929468984,0.24483866715178518,Tomato___Septoria_leaf_spot
0.48739907251014036,0.4406059687335627,0.46400550178344596,0.22047494361231143,0.2042656758212438,0.22502662806635376,59.32664996816163,0.161212266449396,0.5118935628408479,-0.009649369872047567,0.4799045408936081,0.20988800230641988,5619.877388427661,7.329629800456117,0.23550028824553518,Tomato___Target_Spot
0.48665064678801817,0.4329175358016627,0.39557227662856925,0.24937666961977298,0.21489905504220633,0.25183827250128266,79.54387408925538,0.3176686028284472,0.5118880196088837,0.04415552503721509,0.4673662866325913,0.22712691727300313,4299.56394997488,7.375202942027735,0.23321146988616018,Tomato___Tomato_Yellow_Leaf_Curl_Virus
0.44361990795745176,0.42481568505360057,0.4036980884438311,0.23257142314741427,0.224825314559876,0.2545455005658197,116.80235797597413,0.30491195714897334,0.494338892268567,0.06285669840233121,0.4506706382008133,0.2271030307116094,8061.695250512495,7.39040177678974,0.24059672379241018,Tomato___Late_blight
0.47011596069945616,0.44185280849529673,0.4892837124233996,0.17962986240217502,0.1416281083011022,0.19274630217676636,298.3738301439429,0.19399310744232356,0.530728451775937,-0.015150665311946535,0.4783505583973465,0.1537038743795934,2016.056405791475,6.988316528188351,0.20418925308928518,Tomato___Tomato_mosaic_virus
0.3918314288677148,0.3893578653533595,0.3953104036217486,0.18871344635317142,0.1360191845678678,0.16032916872625824,130.97539264394288,0.1878020772976321,0.4453690572256135,0.0521172005619267,0.4134159470768509,0.15375455322881368,0.0,6.805269956458912,0.07262797379241018,Tomato___Bacterial_spot
0.5292308937133722,0.47122910668445994,0.44205054811294425,0.23815016457865054,0.195662654318749,0.2432743665469217,74.61378986073976,0.26681052244133174,0.5534140987867402,0.0317200850631455,0.5078851367207108,0.2116574704947057,3827.3905501565177,7.30289820951524,0.24540324234709768,Tomato___Tomato_Yellow_Leaf_Curl_Virus
0.41193571792258543,0.4149855380256312,0.307571859872893,0.15637421617338473,0.16469322828286795,0.18656756549005982,119.78795367909913,0.2915153363985461,0.45647438602390755,0.17100674844639097,0.42446834695058444,0.15339622500558522,0.0,6.803200288525608,0.04714579605803517,Tomato___Tomato_Yellow_Leaf_Curl_Virus
0.5172189782680444,0.4779796903331416,0.40305292776878227,0.20941370734998996,0.168175465741097,0.22147082357531067,85.54057819081788,0.32035558021492183,0.5521995349401521,0.0962308365787724,0.5038105035992203,0.18208800855298665,1702.2785778042605,6.832203768214668,0.18279643082366018,Tomato___Tomato_Yellow_Leaf_Curl_Virus
0.4511067579807214,0.4581085746486323,0.38120791486556876,0.16984957465956027,0.15575864104264883,0.1953610536349344,123.37889606191163,0.25821636712974727,0.4994178338522004,0.14444581604854856,0.4698882485600052,0.15945770445485738,0.0,6.915873886466124,0.09191508316741018,Tomato___Tomato_Yellow_Leaf_Curl_Virus
0.45887798176421446,0.3886361127097743,0.36284607819373954,0.19170860955545718,0.1543616720818868,0.19580843119745728,72.06380206777101,0.3029198805136126,0.4791524930471467,0.016091549762652254,0.42933828484731296,0.1671606809200826,2945.9670693675735,7.022809802190558,0.21062846207366018,Tomato___Tomato_Yellow_Leaf_Curl_Virus
0.2891718755783014,0.32346156289173533,0.42253241113479484,0.12260760376283937,0.10534083781474737,0.1577697005761194,242.34312946034913,0.3563022772116107,0.4348675532812165,-0.004237826919986868,0.34714288365560153,0.11469032469411519,156.5227898707824,6.489885898653351,0.07937235855803518,Tomato___Leaf_Mold
0.41454514966620726,0.4109596018989222,0.376244636095122,0.24347044536897952,0.20358449903958944,0.23032335012083527,102.04497272206788,0.26297377145713985,0.46970056729259957,0.0916728321398953,0.4307140792580185,0.21563511195798543,2849.2984211681623,7.311597990217044,0.21111674332366018,Tomato___Tomato_Yellow_Leaf_Curl_Virus
0.45261249051703734,0.41578829338146617,0.41729405692870963,0.16774277398416812,0.13432390181058554,0.1735845562708902,59.69377643300538,0.16367521977848232,0.47855313854160775,0.02221338264004979,0.4496102715702591,0.14651568833013204,0.0,6.6855605330723185,0.10406107926116018,Tomato___Bacterial_spot
0.3680483113349847,0.3481244449813502,0.34534689954574455,0.18178422758409793,0.14495969501966147,0.18555321364527222,52.82671100331788,0.20459246731228053,0.4024308546060609,0.04339695907490049,0.3764049197407303,0.1584627092184606,0.0,6.947093470883627,0.06820292496428518,Tomato___Tomato_Yellow_Leaf_Curl_Virus
0.5874179612220697,0.5280243759353297,0.5289059000378405,0.19236037144491488,0.1903700002812734,0.23384355573778626,355.79979449941163,0.19954305983013332,0.6100214047903108,0.00026831030206475245,0.568523504850441,0.19171101453920034,6582.987471583926,7.125497396807525,0.26304240250334765,Tomato___Septoria_leaf_spot
0.4002465616287164,0.3271029596526759,0.3211851435070788,0.2424193621618491,0.21969462124341635,0.23878595798140045,70.65862018300538,0.317719475392763,0.40511985855045785,-0.006682459271385336,0.3709381903381882,0.22789411845822957,1530.8407227000432,7.15367507680637,0.16120524430022268,Tomato___Late_blight
0.4843501459182672,0.5117702489097254,0.37041369251067985,0.10409891614744478,0.1290541434072843,0.18566650717382904,119.33699542714601,0.2877332726759356,0.5544797702306794,0.2293202076043347,0.510096945879036,0.10272679331918386,0.0,6.337573077269851,0.03629679703459767,Tomato___Tomato_Yellow_Leaf_Curl_Virus
0.3555756519855432,0.38032284428669383,0.2625923173790728,0.15252800295183475,0.14758164373868612,0.17374095885878083,118.56221515370851,0.3786905268473071,0.4216994865411805,0.203021073707507,0.382142045614296,0.14293391111512807,0.0,6.660964379015463,0.05994792008147267,Tomato___Tomato_Yellow_Leaf_Curl_Virus
0.5269804607452325,0.5293672089774745,0.5501666384106433,0.2033119947654944,0.1516342231416097,0.23442625074511048,242.52477008534913,0.22268273032135188,0.6211082859510468,0.04213059134142194,0.5536646033497391,0.17178451123853353,6202.037686244978,7.083545174726207,0.23842997574553518,Tomato___Septoria_leaf_spot
0.4343417893470697,0.42070937206341197,0.38242432645614494,0.20759934196302707,0.16525942770475058,0.2182451245081949,72.88033038808351,0.2620697478098315,0.48407297568264473,0.08519591576711927,0.4430608535976944,0.17950304451604512,2699.6542243262966,7.197623341310599,0.19680399918303518,Tomato___Tomato_Yellow_Leaf_Curl_Virus
0.3907374750198297,0.41096147944523265,0.5038347559338366,0.15950417527983005,0.1670352139853826,0.23537651269560333,233.6664632005835,0.2944891611380023,0.5359144731039094,-0.01210590825123992,0.4381419504852829,0.16963174048085836,0.0,6.973681978478747,0.11350626969084768,Tomato___Late_blight
0.4782388816894464,0.44486022045208384,0.458617420709685,0.1638794244272452,0.14571907309526114,0.1936275717509317,350.72227985097413,0.1578689227146548,0.5084624214643525,0.013407496729061937,0.4790487076016007,0.1543098450007024,64.05682669922021,6.919015044604379,0.12786479019866018,Tomato___Early_blight
0.4383516024173669,0.4048936968047755,0.3968813138371264,0.27034059176275543,0.25497489360803277,0.28196809260969635,77.96703082753663,0.23852066791481197,0.45824199156704415,0.035097779699728826,0.4366240884037552,0.26199679675717974,2540.187522436886,7.6019241999239995,0.16794962906584768,Tomato___Early_blight
0.5306271921218805,0.46096205761028697,0.33136576584632743,0.09941358128616624,0.1088120186113706,0.14910598664408203,61.31111652089601,0.3650057772440356,0.5386910958761262,0.120474407442973,0.489657857534462,0.08612001541276601,0.0,5.943373987812447,0.04868693375334767,Tomato___Septoria_leaf_spot
0.4841168235362939,0.48235875417782237,0.49303716591651786,0.10368568459579759,0.09945689079993872,0.1004886534703302,225.40402728749757,0.08555284238285242,0.531932167577176,0.04810682869808469,0.5067416216106949,0.09757716807742742,630.4597654709803,6.237787655416138,0.07633585953459768,Tomato___healthy
0.5347806821884088,0.44119107772900035,0.40420976451690543,0.19993515322038943,0.171565837540566,0.18777633278494354,77.78786212636476,0.30091266429847896,0.5493728442663239,0.003935143345163202,0.4875984276505051,0.1793330520691457,7788.169328437581,7.168794468983744,0.28857035660491015,Tomato___Spider_mites Two-spotted_spider_mite
0.5134937773765497,0.4610919957358973,0.4873704629307543,0.10830506691763216,0.11144101557963995,0.13873453258400437,319.52647906972413,0.129326776627962,0.5346109791273164,-0.01813690411566105,0.5023958171577988,0.10705853107591298,0.0,6.366049990001746,0.07619853043303518,Tomato___Late_blight
0.3987694095195703,0.3872433905799525,0.31560918859298576,0.12727635363170917,0.13882660058969168,0.1327665579212236,109.42986041738038,0.21642689502662837,0.4295541270250367,0.12065153754608426,0.40516329657750705,0.12291645112653402,0.0,6.568800472164455,0.08138651871428518,Tomato___Tomato_Yellow_Leaf_Curl_Virus
0.5572589050353937,0.5114250784118312,0.51144334844406,0.1957095415336829,0.17297417608731894,0.2150398102295923,51.60915118886476,0.155399934415285,0.5779380126470612,0.014691395678685045,0.5477713729115067,0.1828733295502248,7276.230928368329,7.2141098294816715,0.27094645523772265,Tomato___Spider_mites Two-spotted_spider_mite
0.5496392856658868,0.5534526710708277,0.536212475812987,0.22218565652200992,0.18398282615178732,0.24431937008028504,178.90282184316163,0.18077147102779567,0.61307203011456,0.0815969500626782,0.5729869986744461,0.19997832778115895,9960.847705530628,7.320711072346032,0.28474040055022265,Tomato___Septoria_leaf_spot
0.49973088608397764,0.45010775377346446,0.465306075132445,0.23612818131277377,0.22401485530370382,0.24978630809908386,37.56905109120851,0.19058922028965175,0.5198526902669953,-0.004278093582822943,0.4893175746174393,0.22892286482473043,7781.185641053759,7.454195976102134,0.25675578140959765,Tomato___Spider_mites Two-spotted_spider_mite
0.3944695900501184,0.37612396528316905,0.3743030743962084,0.20246663698980624,0.14853831318849234,0.18786517350798126,94.69777423573976,0.20129938519424617,0.4350771232122468,0.04401854611294065,0.40404162656980136,0.16858271363397268,0.0,6.7115003650172165,0.06037516617522267,Tomato___Bacterial_spot
0.5903851400436334,0.5701899533469813,0.5870872455006396,0.20888860533067996,0.18572340098851828,0.23523086874609467,263.24335223866944,0.1571399132055682,0.642487518357663,0.023450842120812273,0.6007944728107987,0.1961955190004888,7947.48850108932,7.229946865994836,0.27219767594084765,Tomato___Septoria_leaf_spot
0.4672789882244043,0.46090200593067576,0.4552510099774157,0.10776384929249101,0.11828955946200995,0.10339711426620957,212.60802203847413,0.10587994850105463,0.5109300835603761,0.05981739051000867,0.4848043705196915,0.10977181646247533,2461.0457713039805,6.4267269864935646,0.14385600113616018,Tomato___healthy
0.49973088608397764,0.45010775377346446,0.465306075132445,0.23612818131277377,0.22401485530370382,0.24978630809908386,37.56905109120851,0.19058922028965175,0.5198526902669953,-0.004278093582822943,0.4893175746174393,0.22892286482473043,7781.185641053759,7.454195976102134,0.25675578140959765,Tomato___Spider_mites Two-spotted_spider_mite
0.48592168198241514,0.43472206642223765,0.4249691086178576,0.2424866409046393,0.21367544619077353,0.23474798171644684,85.56679279042726,0.23721115386909664,0.5098195000165986,0.01909664086358342,0.47155884754376987,0.22357696893830922,3949.479951379283,7.290041838520103,0.20914835953459768,Tomato___Spider_mites Two-spotted_spider_mite
0.4741099785388879,0.4364055698115962,0.4504795389538561,0.1015763283712607,0.11291433063977865,0.17449899582987305,308.8971760912085,0.26140670574135005,0.5364883466238068,0.008764879771635866,0.4719235385628281,0.10104226920028356,0.0,6.125883341390856,0.04908366226897267,Tomato___Septoria_leaf_spot
0.45261249051703734,0.41578829338146617,0.41729405692870963,0.16774277398416812,0.13432390181058554,0.1735845562708902,59.69377643300538,0.16367521977848232,0.47855313854160775,0.02221338264004979,0.4496102715702591,0.14651568833013204,0.0,6.6855605330723185,0.10406107926116018,Tomato___Bacterial_spot
0.3821320544303827,0.3463130002219813,0.3433829265003954,0.18172800550291354,0.14809677688115744,0.19357362954740998,56.90300494863038,0.24232830203003108,0.40861561136188973,0.02765442616598401,0.3793287957878647,0.1611491948666158,458.7850935602771,6.9615577394382715,0.11848063492522268,Tomato___Tomato_Yellow_Leaf_Curl_Virus
0.5496392856658868,0.5534526710708277,0.536212475812987,0.22218565652200992,0.18398282615178732,0.24431937008028504,178.90282184316163,0.18077147102779567,0.61307203011456,0.0815969500626782,0.5729869986744461,0.19997832778115895,9960.847705530628,7.320711072346032,0.28474040055022265,Tomato___Septoria_leaf_spot
0.48946336017264647,0.4784676437575953,0.48276803067977775,0.09818339357206636,0.10668915448421148,0.10126896767740723,254.6444905443335,0.08446313536590754,0.5285310669416474,0.04524721390859876,0.5048855031700669,0.09964871260543492,2999.714288722186,6.302320845549028,0.15383524918303518,Tomato___healthy
0.4488294135154657,0.4644095008571284,0.4259028153782641,0.11498404303619676,0.11325421867602972,0.12340836792116638,118.27895099355226,0.16775255001014888,0.5134610755914735,0.11463006771461759,0.47800121557431796,0.10668485465665487,2589.2464234406807,6.414341770674049,0.15163798355803518,Tomato___healthy
0.41951128945960325,0.4449176793296473,0.31921902469451774,0.15576267251798923,0.13891337005132345,0.20539032487993714,120.31239825917726,0.34610296881622493,0.4868095143312501,0.21164838410274778,0.4456314529152451,0.14009075465818074,0.0,6.79928355081641,0.05276103043303517,Tomato___Tomato_Yellow_Leaf_Curl_Virus
0.45222854719771666,0.45870143224789073,0.3754945116406237,0.16336955139467532,0.14278235224717764,0.20513086586122986,126.76863605214601,0.2678779522222918,0.5000431163782166,0.15022320485966,0.46992034566121677,0.15021917822976735,0.0,6.686947185675495,0.05163188004241017,Tomato___Tomato_Yellow_Leaf_Curl_Virus
0.44281706319464964,0.435940027733578,0.3531914668446337,0.2123205066663962,0.17961917010778097,0.21064198582296845,89.57173663808351,0.33645258939689815,0.5014280899042176,0.13641483522312436,0.4512028182716904,0.18479146662374166,1508.67569719597,7.037281665817763,0.19622416519866018,Tomato___Tomato_Yellow_Leaf_Curl_Virus
0.4843501459182672,0.5117702489097254,0.37041369251067985,0.10409891614744478,0.1290541434072843,0.18566650717382904,119.33699542714601,0.2877332726759356,0.5544797702306794,0.2293202076043347,0.510096945879036,0.10272679331918386,0.0,6.337573077269851,0.03629679703459767,Tomato___Tomato_Yellow_Leaf_Curl_Virus
0.40080669627799315,0.41148537447048594,0.4276456849938189,0.1743675620300513,0.15473764327996878,0.20264268486624237,211.49944049550538,0.19643026686138332,0.47059359388294686,0.05506172216789518,0.4327745820255814,0.16462812426705983,0.0,6.94814672048009,0.08599467301116018,Tomato___Early_blight
0.40462696657790465,0.38217496921612193,0.3918620663052355,0.17098219702074344,0.12661014435523657,0.16489296226625916,69.71764117909913,0.16839647388881862,0.43955700831356515,0.028404196717903948,0.41263238441663364,0.14285740855355886,0.0,6.550536278760379,0.06595988297209768,Tomato___Bacterial_spot
0.532869161230462,0.48317259599758555,0.45323383978660453,0.27644774327108673,0.24088061539167074,0.2890550252688455,76.95335895253663,0.2840959886354846,0.5575018449300813,0.04078553802625928,0.517258741972023,0.25561556819101,4089.095369951262,7.460898257018848,0.22593302750334768,Tomato___Tomato_Yellow_Leaf_Curl_Virus
0.48530888662947935,0.4941830640037196,0.39183727077300895,0.10821714261600786,0.09952375976079611,0.17034428386812683,122.15920001698976,0.25084202087349117,0.5364248080724763,0.1717632953013638,0.5025021518440781,0.09463050070424703,0.0,6.190479128429726,0.09463114762053518,Tomato___Tomato_Yellow_Leaf_Curl_Virus
0.6422521482528619,0.6898089652259486,0.46150386503990043,0.1022397131664496,0.11277913985484747,0.20891853242044922,128.36012775136476,0.3287380794329089,0.7309076114172028,0.3364051673497418,0.6722025657864151,0.08733968290706304,0.0,6.032625117029925,0.04342265152678517,Tomato___Tomato_Yellow_Leaf_Curl_Virus
0.41712993488921446,0.38513705184055735,0.3946815448170458,0.21357336649725253,0.16376816419595389,0.1928527858746576,84.92882281972413,0.18295909560150325,0.4488484485620545,0.019005922594235277,0.4184308732719956,0.18150769773145345,0.0,6.8520514421402074,0.06083292984709767,Tomato___Bacterial_spot
0.41712993488921446,0.38513705184055735,0.3946815448170458,0.21357336649725253,0.16376816419595389,0.1928527858746576,84.92882281972413,0.18295909560150325,0.4488484485620545,0.019005922594235277,0.4184308732719956,0.18150769773145345,0.0,6.8520514421402074,0.06083292984709767,Tomato___Bacterial_spot
0.3946647952617578,0.3622228806216853,0.35796663335616935,0.17886266121694858,0.1418635317468038,0.18461657135611054,63.47823077870851,0.20932073986953914,0.42147850232067574,0.03235766104714666,0.39407769691663364,0.15590805414338735,372.3781996096229,6.905865546453677,0.11210246109709768,Tomato___Tomato_Yellow_Leaf_Curl_Virus
0.37768337236060423,0.3718242948253291,0.26608935169036735,0.1180289165122252,0.10811936048501639,0.15258107154493805,103.49940997792726,0.35228203332847774,0.41693039970341195,0.1604192499007443,0.3841622854443131,0.10347480925937322,0.0,6.346298782144468,0.04452128433928517,Tomato___Tomato_Yellow_Leaf_Curl_Virus
0.41995835409774107,0.4080837969977992,0.42774292997176994,0.18627201030084903,0.13477259067529349,0.1608238723767328,109.24702960683351,0.14915752506679714,0.4635322614187287,0.029009645798371172,0.4365153397293625,0.15257563295980123,0.0,6.742543272060037,0.09365458512053518,Tomato___Bacterial_spot
0.5028059791149072,0.4888789658744471,0.5164364891415393,0.19242833564112002,0.17153527525895743,0.22019395797377106,252.2516682787085,0.17642301416820705,0.566715828942685,0.019058821716473436,0.5188245857925949,0.1808221549095693,5441.223438816772,7.141213338629295,0.22175211930022268,Tomato___Target_Spot
0.41951128945960325,0.4449176793296473,0.31921902469451774,0.15576267251798923,0.13891337005132345,0.20539032487993714,120.31239825917726,0.34610296881622493,0.4868095143312501,0.21164838410274778,0.4456314529152451,0.14009075465818074,0.0,6.79928355081641,0.05276103043303517,Tomato___Tomato_Yellow_Leaf_Curl_Virus
0.5680602799476556,0.5104708676536219,0.5174453573590075,0.17356035122701938,0.1507736959838262,0.1958088633311319,40.48985797597413,0.1521008471292895,0.5879540367597627,-0.004020549363329077,0.5511250878544388,0.15977168682237294,5421.185817304461,7.016360467201593,0.22973246597991018,Tomato___Spider_mites Two-spotted_spider_mite
0.43881681666983885,0.4309416120250361,0.3708194809323107,0.14157816777059848,0.1308260851883283,0.18632235198145386,103.28004962636476,0.22567594147152126,0.4744118674272584,0.112790280946658,0.4490823234291611,0.1332825556697431,0.0,6.653899131408216,0.10226054215178518,Tomato___Tomato_Yellow_Leaf_Curl_Virus
0.4567208002628259,0.41154319097591807,0.4134426730042254,0.22398729631731326,0.1906238564633718,0.21391614346628662,58.35252887441163,0.20624321794933498,0.48854162530842293,0.013466207304165697,0.44790772449689487,0.2003511846365514,4559.354884016954,7.1239933877616615,0.24151225113616018,Tomato___Leaf_Mold
0.5178924213470392,0.4227639441688197,0.4007921533947741,0.21909135589430148,0.18824315754407553,0.2045066264164972,73.48262530995851,0.29801882899231136,0.5296125336164521,-0.012613343081309462,0.4713424826832352,0.19768715503831533,8530.403057276897,7.258572696432409,0.29183573746428515,Tomato___Spider_mites Two-spotted_spider_mite
0.43963572488440794,0.42201849867893626,0.41290751270110954,0.17453067014047915,0.12044361171954779,0.18495101301794525,31.467305485739757,0.21101078486866176,0.4852470679754304,0.05203707701818738,0.44888726722913364,0.13949580344577459,612.2824766064739,6.674076636452214,0.13186259293303518,Tomato___Tomato_Yellow_Leaf_Curl_Virus
0.4753791998447351,0.5066376929481166,0.35085261038596977,0.11808834234306627,0.10963241694205908,0.2004669365180063,125.83757526113038,0.3381236950201434,0.5479333920949983,0.24758697486774717,0.5021717931004105,0.10183556976934102,0.0,6.129467509348522,0.06023783707366017,Tomato___Tomato_Yellow_Leaf_Curl_Virus
0.47436636791838926,0.4487406914432185,0.4723173694973742,0.20344649264643008,0.1904579022311559,0.23038539855604645,251.57484943105226,0.18356292045540035,0.5204407198900269,0.011340985068247652,0.48173043977933505,0.19706252816339162,15330.918337745054,7.346415877365795,0.35500712418303515,Tomato___healthy
0.4133759151519708,0.40589019705845286,0.47495410016830314,0.14726617941686923,0.14651051846974997,0.19079384772902008,239.51274615956788,0.24001418149894893,0.5121768041128205,-0.016006295575632715,0.438641616222435,0.1475751459898534,1322.417797110437,6.849908483559377,0.16415019058928518,Tomato___Late_blight
0.3247814189018182,0.3474472468097346,0.22847443989570487,0.12077317396232896,0.10743909267419485,0.1563787218821573,108.63423663808351,0.4147627512258929,0.3907387180799531,0.20218200422184263,0.34974721920209506,0.10250737372060445,0.0,6.316826946155303,0.04154582047209767,Tomato___Tomato_Yellow_Leaf_Curl_Virus
0.3687199364723138,0.3845019345481532,0.20758545569236625,0.13663465539047534,0.1474065699958196,0.17469925253515717,106.31429034902101,0.48693810499138057,0.42868524031582345,0.25324175692455564,0.38225454938130954,0.1307469293775144,0.0,6.604425678947894,0.05750651383147267,Tomato___Tomato_Yellow_Leaf_Curl_Virus
0.3771416555465631,0.36091265132023265,0.3660604970818316,0.259436637256835,0.2200246372603765,0.23870094685678955,119.47313434316163,0.21989770329422176,0.4175621493333863,0.03916649706022535,0.38899187099652865,0.2332581341566625,3783.6513625266243,7.270477601361866,0.21593852066741018,Tomato___Tomato_Yellow_Leaf_Curl_Virus
0.3594886671127252,0.30674365212513377,0.3118406253224169,0.23079082379171664,0.21252082971566824,0.2207586821806955,74.29851276113038,0.263754324082796,0.376225642728238,0.0027013383741835116,0.34573534977155307,0.21754193905015615,4098.645379054987,7.097658020964029,0.21163554215178518,Tomato___Early_blight
0.2891718755783014,0.32346156289173533,0.42253241113479484,0.12260760376283937,0.10534083781474737,0.1577697005761194,242.34312946034913,0.3563022772116107,0.4348675532812165,-0.004237826919986868,0.34714288365560153,0.11469032469411519,156.5227898707824,6.489885898653351,0.07937235855803518,Tomato___Leaf_Mold
0.3796820949138574,0.3993549947936671,0.3354754763012682,0.21503254780599887,0.18399267581933645,0.2113180664074945,110.49089557363038,0.32697279847091854,0.45600529746952523,0.1440957579697827,0.40883044254499057,0.19092137220521596,2206.985218766772,7.163342352629378,0.21529765152678518,Tomato___Tomato_Yellow_Leaf_Curl_Virus
0.5588466535629205,0.5621966724593775,0.45166602901275504,0.10515878358909898,0.12468703774446158,0.14729914634352204,149.20775348378663,0.2076798836035174,0.6038132234090852,0.174424180754588,0.5712345029087601,0.10092554095407155,0.0,5.986884324157296,0.03872294449553517,Tomato___Tomato_Yellow_Leaf_Curl_Virus
0.3946647952617578,0.3622228806216853,0.35796663335616935,0.17886266121694858,0.1418635317468038,0.18461657135611054,63.47823077870851,0.20932073986953914,0.42147850232067574,0.03235766104714666,0.39407769691663364,0.15590805414338735,372.3781996096229,6.905865546453677,0.11210246109709768,Tomato___Tomato_Yellow_Leaf_Curl_Virus
0.4762794385971002,0.4513996248443263,0.4755355136757647,0.2104851008398276,0.18483772067063955,0.21957727341776367,329.4435628099585,0.17523916161483943,0.5220017953390168,0.011527614661619997,0.4842300499649582,0.1937010497154775,6306.170254051148,7.1602425146739,0.24354167008147268,Tomato___Target_Spot
0.547857285601037,0.49881798078609874,0.5055460350876605,0.20211136350462253,0.15735647765630392,0.20658039121752259,54.09114581777101,0.1509116301578921,0.5724733992094087,0.0047760568495253085,0.5368876243801651,0.17485944035668996,1280.1565233165609,6.873201068594851,0.13694376969084768,Tomato___Late_blight
0.5001918982089929,0.44929587890697886,0.45274380019958366,0.20237366864511783,0.1603024521254888,0.20211721031790253,58.00896197988038,0.19415998554653346,0.5299221797460603,0.006199484684632158,0.4875467802258072,0.17519556584973958,2512.3180614408784,7.0309512932027305,0.14815897965178518,Tomato___Spider_mites Two-spotted_spider_mite
0.4214606891693048,0.4155431096751826,0.326040299451903,0.12310295561382585,0.1250919544481626,0.16754164366846558,106.33614093495851,0.26916854179329097,0.45795183615627755,0.1441286746348599,0.42974905025678256,0.11987383517642644,0.0,6.558108386830073,0.03942484879241017,Tomato___Tomato_Yellow_Leaf_Curl_Virus
0.47679299221648497,0.5006843214233058,0.4031895118122851,0.11335051069090181,0.09037587729924826,0.1647991594565439,143.51573688222413,0.2518013278288287,0.542896740006833,0.18192946351425443,0.505066313859993,0.09264185878654149,0.0,5.966214980653804,0.05721659683928517,Tomato___Tomato_Yellow_Leaf_Curl_Virus
0.47865057097091,0.4628305440147059,0.34603235296066154,0.14727269122431094,0.16244130519860892,0.17501319019918915,120.88408405019288,0.2693113247198504,0.5066661758894013,0.1615215334977368,0.476885595438057,0.1441046506466451,0.0,6.72272282873401,0.07226176285491018,Tomato___Bacterial_spot
0.5028059791149072,0.4888789658744471,0.5164364891415393,0.19242833564112002,0.17153527525895743,0.22019395797377106,252.2516682787085,0.17642301416820705,0.566715828942685,0.019058821716473436,0.5188245857925949,0.1808221549095693,5441.223438816772,7.141213338629295,0.22175211930022268,Tomato___Target_Spot
0.48150122271193785,0.45693379690243174,0.4403307752972399,0.17008064696619327,0.17025837985509543,0.1758433338892984,215.15434772206788,0.20004601872390926,0.5205089374059724,0.05257897264616285,0.48502663624005893,0.1663914233746114,0.0,7.101993452493688,0.11320109390959768,Tomato___Late_blight
0.4890456806243829,0.46633750249935557,0.47729861906822074,0.22315129647085483,0.19356983093255667,0.23978116183405396,22.958394352927257,0.1872573355478686,0.5314320250028657,0.026874007650778627,0.4970167065830765,0.20558614137788442,6901.559254966139,7.2869399065448475,0.24415202164397268,Tomato___Target_Spot
0.6422521482528619,0.6898089652259486,0.46150386503990043,0.1022397131664496,0.11277913985484747,0.20891853242044922,128.36012775136476,0.3287380794329089,0.7309076114172028,0.3364051673497418,0.6722025657864151,0.08733968290706304,0.0,6.032625117029925,0.04342265152678517,Tomato___Tomato_Yellow_Leaf_Curl_Virus
0.5138917277873926,0.45637095024181773,0.4608368592625414,0.1894645691854697,0.14395188478463797,0.19292308955317017,62.12642413808351,0.16747453904575527,0.5330606623167085,-0.0014432519738217832,0.49671868335919955,0.16242944303174642,419.3695919880854,6.7624231321863055,0.09966654801116018,Tomato___Septoria_leaf_spot
0.548340262037652,0.515868485470547,0.5061628239517962,0.21139279017278964,0.148825398960053,0.22183035879259583,48.38136798573976,0.20554110503620326,0.5953034682745026,0.037777343758509496,0.5471110726566849,0.17156857851167348,7835.379915505343,7.105971254847197,0.29819865250334765,Tomato___Septoria_leaf_spot
0.3687199364723138,0.3845019345481532,0.20758545569236625,0.13663465539047534,0.1474065699958196,0.17469925253515717,106.31429034902101,0.48693810499138057,0.42868524031582345,0.25324175692455564,0.38225454938130954,0.1307469293775144,0.0,6.604425678947894,0.05750651383147267,Tomato___Tomato_Yellow_Leaf_Curl_Virus
0.6173753748954706,0.5660415296752589,0.5525800304775988,0.2669583559972983,0.25544095722669274,0.2900081333411264,57.58330280019288,0.21604260898060024,0.643439940976529,0.022670963772700167,0.6024956489773331,0.2600282043518605,5874.181978646361,7.434088992686263,0.21534342789397268,Tomato___Target_Spot
0.517239780289071,0.48354274084164073,0.4734556692009722,0.23527468750307376,0.21840580491059927,0.2553802040112543,67.62352496816163,0.19003360069221675,0.5408271475309419,0.036933386691973547,0.5151081467838822,0.2264028251471105,4648.196793376862,7.465114521673862,0.22069926285491018,Tomato___Spider_mites Two-spotted_spider_mite
0.5292308937133722,0.47122910668445994,0.44205054811294425,0.23815016457865054,0.195662654318749,0.2432743665469217,74.61378986073976,0.26681052244133174,0.5534140987867402,0.0317200850631455,0.5078851367207108,0.2116574704947057,3827.3905501565177,7.30289820951524,0.24540324234709768,Tomato___Tomato_Yellow_Leaf_Curl_Virus
0.48714476929320616,0.40995413114620616,0.38313755563552726,0.23641258487531955,0.20847362963193564,0.21350549726610657,85.22295123769288,0.29534827268547237,0.5028287990564393,0.010169351467058992,0.45261696827130893,0.2158371866049352,4945.9104412975,7.278484501948214,0.22488017105803518,Tomato___Spider_mites Two-spotted_spider_mite
0.3922740231574945,0.3755795960624354,0.37728721073921073,0.16403532037565524,0.11758392242425589,0.1570822653067636,79.73552447988038,0.17763725018924892,0.432086340951352,0.04214129782573972,0.4034057642193375,0.13423380109687474,0.0,6.614926613126085,0.06367106461272268,Tomato___Bacterial_spot
0.44254484878196043,0.4851958756644862,0.31960365346725333,0.16517578074762637,0.14064419952863363,0.20127286582117554,124.96565753652101,0.41131587422317684,0.526961259412198,0.26878655887501035,0.47620559584813693,0.14522350433488515,0.0,6.8374794716237215,0.10799784683928518,Tomato___Tomato_Yellow_Leaf_Curl_Virus
0.46563673124923033,0.42342740346981456,0.39656144551093925,0.22859303662607486,0.18837518183225302,0.2124201264870691,86.47801715566163,0.24179901278442562,0.4942751152986573,0.04519993997471128,0.4556251550884781,0.20098637643476155,1070.130423093841,6.998317905111707,0.14315409683928518,Tomato___Tomato_Yellow_Leaf_Curl_Virus
0.5184464763225488,0.5175004606444972,0.43894165924842704,0.184528201912139,0.13184655395978598,0.2275374588263559,73.01891071034913,0.31342707670158565,0.5866662784093903,0.13815606571094785,0.531467476007515,0.1499354601206365,3980.858095253513,6.872612256036631,0.20191569351897268,Tomato___Septoria_leaf_spot
0.534307480913537,0.5567632322509425,0.38221305779273856,0.13144160071441943,0.1459972032689443,0.16347632377272125,134.229085270896,0.3087626556200427,0.5978632493490266,0.2575491759862164,0.5527901436062393,0.12198526266236928,0.0,6.513132651504201,0.04856486344084767,Tomato___Tomato_Yellow_Leaf_Curl_Virus
0.4762794385971002,0.4513996248443263,0.4755355136757647,0.2104851008398276,0.18483772067063955,0.21957727341776367,329.4435628099585,0.17523916161483943,0.5220017953390168,0.011527614661619997,0.4842300499649582,0.1937010497154775,6306.170254051148,7.1602425146739,0.24354167008147268,Tomato___Target_Spot
0.4845650206626825,0.4930844311912196,0.34548732808883537,0.1447228939277869,0.14381939856046347,0.1899443772328424,117.09410602284913,0.33559547460502803,0.5352054758543061,0.216659972437785,0.49635098230558017,0.13592161837239888,0.0,6.687672642824636,0.07331461930022268,Tomato___Tomato_Yellow_Leaf_Curl_Virus
0.4826627086223535,0.42536211063457896,0.3674348907833849,0.2273284197790366,0.20220611182683615,0.23979709117537018,78.86147052480226,0.32769553459114253,0.49802096919956673,0.0611700210656384,0.4585312093468247,0.2111110747160497,2704.932375620513,7.136426108737861,0.22126383805022268,Tomato___Tomato_Yellow_Leaf_Curl_Virus
0.3869392882408075,0.3697500233848231,0.3477722423439776,0.19053927073309238,0.14743044165605215,0.20097300975447174,75.08919269277101,0.2516555646700305,0.4257588012689637,0.0653317887272099,0.3950240398617325,0.1641808659138265,933.7974595461717,7.021376592852648,0.13557047867522268,Tomato___Tomato_Yellow_Leaf_Curl_Virus
0.5115793357910089,0.4569344525535243,0.4843575077420031,0.18895454714128787,0.18562640933030752,0.20714885561590668,10.978474919333507,0.1600141236824435,0.5270245595449494,-0.021524656570388937,0.4990393902035294,0.18765268328805593,15088.361423540322,7.218216632772288,0.35898966812834765,Tomato___healthy
0.44748693810118956,0.42767858554912974,0.401230694568709,0.14930589506456668,0.10780049053662924,0.15678862302427765,71.67403155995851,0.22414237356609523,0.4984638019079255,0.06718287802593503,0.4532261575432358,0.1188670829238477,398.85276700060126,6.550394938742526,0.10192484879241018,Tomato___Bacterial_spot
0.41888108955039305,0.4031754737098353,0.4151283221607958,0.18244731435606296,0.13099211392635016,0.16636357276564118,76.05071002675538,0.15413768685287654,0.45902311043682564,0.03288477844850812,0.43187395584302524,0.14958234730382589,0.0,6.727862545385349,0.07487101578459768,Tomato___Bacterial_spot
0.6261045943321161,0.6400554781158106,0.45886674693878043,0.15473298737833316,0.14436417011254934,0.2087676730645227,117.90392047597413,0.30077897108024776,0.681377284097104,0.2556829843606213,0.6378685022564469,0.13772830966134694,0.0,6.714862601174713,0.04032511734709767,Tomato___Tomato_Yellow_Leaf_Curl_Virus
0.3946272145332269,0.40061500718189647,0.3644233661061083,0.15412551173994357,0.1209352606319776,0.1896944698584604,188.80992633534913,0.23081790006584346,0.44779413180294503,0.10272275842087064,0.4173387075634537,0.13345217558761266,264.3916851167312,6.685005601275214,0.09556193375334768,Tomato___Early_blight
0.45304021344794554,0.46430808355404307,0.2834179418450152,0.160125747416709,0.16929680792325644,0.1981725004208612,106.14214069081788,0.3973061600965899,0.5068536921018647,0.25270138121502195,0.4629574204655228,0.15217866602559713,0.0,6.931454633469984,0.05416483902678517,Tomato___Tomato_Yellow_Leaf_Curl_Virus
0.5050167749942712,0.43903255512310435,0.42926880887801994,0.2492598594171744,0.21374229279988913,0.23707460432177063,78.52061969472413,0.2395894089979571,0.5196586771482514,0.004322899499104357,0.4802886928291855,0.2262347102465215,5959.657681168451,7.347359636096934,0.27352519058928515,Tomato___Tomato_Yellow_Leaf_Curl_Virus
0.5184701095642023,0.5263864999015467,0.40159025958831657,0.09337451318332964,0.1282587417744985,0.15001348226194855,124.59758502675538,0.24526639378494441,0.5693430824750947,0.1932561341609219,0.5324326540203629,0.09809075149913457,0.0,6.181267630963084,0.05152506851897267,Tomato___Tomato_Yellow_Leaf_Curl_Virus
0.559814871412652,0.5059845452506678,0.46406269244010795,0.1668682248337012,0.14522268561357168,0.2175591495526361,35.72417194081788,0.27171270645088375,0.5877796335691499,0.048634896048472265,0.5399406338902054,0.15041949453969625,3535.3345137773294,6.748079814320958,0.20414347672209768,Tomato___Septoria_leaf_spot
0.4592702995361261,0.38244110395504405,0.38841203025634635,0.17347782859632785,0.13780379978650717,0.16583970754271027,62.07365924550538,0.21996362603134334,0.4761331601614045,-0.02225677855951991,0.4287336553307114,0.14925322535653737,2291.8657768586863,6.850408072390167,0.20476908707366018,Tomato___Tomato_Yellow_Leaf_Curl_Virus
0.5124805580200128,0.4195038979251521,0.39145559243018974,0.21877846131155307,0.18685691741937308,0.20169434516554352,77.47826129628663,0.30265753066963375,0.5252805872434663,-0.004385085782839918,0.46674633872228244,0.1960058719219747,6515.632016427277,7.19266667720036,0.25608439469084765,Tomato___Spider_mites Two-spotted_spider_mite
0.46208864555968565,0.48216694643093516,0.28829091957862724,0.16478656241724307,0.1801754602574697,0.18284124701147553,110.84520465566163,0.3949587801737231,0.5238708181852387,0.27449769712345395,0.47670159589963534,0.1578472167553487,0.0,6.952014565587285,0.06876750015959768,Tomato___Tomato_Yellow_Leaf_Curl_Virus
0.4656052599967889,0.4165814523894923,0.4197124855881487,0.18624338517019565,0.13473799762958197,0.1754325684798288,58.72481280995851,0.18682226634449184,0.49651222662868966,0.008388435461685991,0.4542364264698563,0.15198678377290395,3770.0230085863013,6.86826766858208,0.24474711441741018,Tomato___Leaf_Mold
0.48330098496093077,0.41995906879497935,0.4195616560345446,0.14477995047399814,0.12117256907457022,0.16137520043974396,52.37798053456788,0.18322934306091487,0.4975026770109223,-0.0024010837142011167,0.46149293434339145,0.12946993711610463,446.9871194804298,6.664863715893435,0.14146037125334768,Tomato___Bacterial_spot
0.4093163024009637,0.39916378309322764,0.3558956699734484,0.2235398591501456,0.19237220970624594,0.2234243360055017,95.28313190175538,0.29782818353599727,0.45786344246807564,0.09365892595903669,0.4199067736836014,0.20241408649106649,4520.431852112918,7.209088134067265,0.23546977066741018,Tomato___Tomato_Yellow_Leaf_Curl_Virus
0.4197303663314752,0.40022778560711314,0.40817895702178825,0.19201684007475192,0.14071125475400595,0.16723828582888123,97.12163287831788,0.1729409555239123,0.46119641499462594,0.033089602359698156,0.42960540306287387,0.1580371022524419,0.0,6.748610931882449,0.07540507340178518,Tomato___Bacterial_spot
0.3247814189018182,0.3474472468097346,0.22847443989570487,0.12077317396232896,0.10743909267419485,0.1563787218821573,108.63423663808351,0.4147627512258929,0.3907387180799531,0.20218200422184263,0.34974721920209506,0.10250737372060445,0.0,6.316826946155303,0.04154582047209767,Tomato___Tomato_Yellow_Leaf_Curl_Virus
