r_mean,g_mean,b_mean,r_std,g_std,b_std,h_mean,s_mean,v_mean,excess_green,brightness_mean,contrast_std,laplacian_variance,entropy,edge_density,target_real
0.5549246093871936,0.4121578941741262,0.41322952849975325,0.20819658059734927,0.18572656686770733,0.2046159022832965,113.35666907694826,0.3036438841904485,0.5631580797184084,-0.022751705733804035,0.5002470781746979,0.19256290501395518,5482.815483405344,6.992351846709489,0.31288900422544536,Tomato___Spider_mites Two-spotted_spider_mite
0.514136018479143,0.40326190094139913,0.45124766571632124,0.18976311404366122,0.15862358983027752,0.19799853501568787,102.75028479960451,0.16267122519863483,0.5237574425685976,-0.03777323850777559,0.48716341161166393,0.17203198081294352,0.0,6.625285974482931,0.15940084504575786,Tomato___Tomato_Yellow_Leaf_Curl_Virus
0.4142082950713976,0.35524630645897726,0.40031037075629927,0.17954310793537723,0.13140490527617749,0.17107553420315735,119.72867835429201,0.15458210004223225,0.4527362433422182,0.017060626285405826,0.42329301142131054,0.14906308507958704,0.0,6.453158882571456,0.09487142610044534,Tomato___Bacterial_spot
0.42976051780012686,0.41024991969254354,0.6315719519387791,0.1358923690404378,0.14389967794883068,0.21242522833596222,291.5974680271436,0.31470284057510733,0.6428880539882753,-0.11974601821389608,0.4865941276494142,0.1462742210034495,0.0,6.225726928706111,0.12209310578794534,Tomato___Leaf_Mold
0.4433949610832079,0.39520982007172445,0.34906345946899153,0.13861074317354785,0.1389129373000842,0.18153491256485932,146.32929480937014,0.2461133916462743,0.4786017385471437,0.11904800309452601,0.4496362974587556,0.13470311915913874,0.0,6.396340656275444,0.07062521028013284,Tomato___Tomato_Yellow_Leaf_Curl_Virus
0.3814229390266283,0.2864103625216756,0.33486378533950545,0.24629861135143863,0.22634181256758984,0.23475195107708924,114.29166663554201,0.2406991739357793,0.39687554511910417,-0.02237933316615038,0.3656225969735261,0.23237122303286845,2587.9195632853966,6.9358902904094,0.24283590363950786,Tomato___Early_blight
0.5363018235805377,0.5114955315985952,0.4143180583249638,0.15932910163063632,0.14461664731967266,0.20886893210659974,158.05304969218264,0.28273520065201163,0.5935318318355653,0.1934578455856759,0.5531141927186127,0.1444787875417834,0.0,6.505404595115298,0.08513631867857034,Tomato___Tomato_Yellow_Leaf_Curl_Virus
0.5567235967758044,0.4856260428824697,0.5397467349301884,0.25057999808449377,0.19098450119960125,0.24383651850472443,85.11234534647951,0.15416969550503132,0.5990679112423036,-0.004131674779323864,0.5583337714615937,0.2133036673668986,3873.6447530121964,7.0523583190826145,0.25107564973325786,Tomato___Septoria_leaf_spot
0.5344821235778674,0.45750027994301656,0.5085461769830296,0.19754989463944064,0.18921659763324078,0.2300666236663913,356.24558509257326,0.19303761614216206,0.5769294348705385,-0.006941091282038021,0.5316168835106965,0.19230137473384196,1786.9470206378915,6.822226871337659,0.22286214875669536,Tomato___Leaf_Mold
0.5279626867416247,0.4384087930121694,0.4710209701787541,0.22691048700470554,0.18628820653426464,0.24596063432942383,97.25565589335451,0.20657950831306812,0.5514522639263246,-0.0010793767997305873,0.5141830017510529,0.20380286580363566,3903.680491236127,7.004740429427367,0.28528585481138286,Tomato___Septoria_leaf_spot
0.41412857385901053,0.3598001311221395,0.36506530983558394,0.21374690551418887,0.160880236582635,0.21828591463814728,120.28159583476076,0.2681377251232946,0.4619684365738008,0.06149302794251032,0.421924369567978,0.18017908638755137,0.0,6.7780224195484,0.11354818391294534,Tomato___Tomato_Yellow_Leaf_Curl_Virus
0.5350202045085772,0.4974338422217641,0.43996805293670393,0.1301560478295766,0.13048004235493954,0.19189385710011475,154.62845862772951,0.20484373165024158,0.5802511421192262,0.14096613599571772,0.5474009087029572,0.12139086878339105,0.0,6.234807572394438,0.11104574250669534,Tomato___Tomato_Yellow_Leaf_Curl_Virus
0.6733841321113452,0.6254615197577749,0.5632108484040806,0.11720515061277974,0.13319823767411526,0.17993420002709382,154.2492777195264,0.14989519310844776,0.707657322024164,0.1354146636894662,0.6779735853615876,0.11097219294349008,0.0,5.4602583731379095,0.08650960969419534,Tomato___Tomato_Yellow_Leaf_Curl_Virus
0.42274096819189627,0.3911520848670278,0.4506688450109074,0.18987534958977328,0.16855862613189038,0.2166359537626361,251.49259436991701,0.17337511671436664,0.49124349627381303,0.029981050627561283,0.45266182922755444,0.17945740824977213,0.0,6.786378989925462,0.11719503449888284,Tomato___Early_blight
0.5211481175067767,0.41964954237130025,0.4753575657140324,0.2724768074240171,0.25931776936518963,0.3099579924131488,26.124369272260765,0.28288147045029044,0.5540436354625795,-0.03611996584918909,0.5016281177941437,0.2656371713284617,3441.674611992524,7.1119785379545615,0.25113668488950786,Tomato___Septoria_leaf_spot
0.5072431585433825,0.47384977440026144,0.4148604307900975,0.12372493017572987,0.11334474261271771,0.18433755276452057,162.1523538914014,0.2277868707264745,0.5570747104633424,0.14668262376102992,0.5223893990460511,0.10945978468695931,0.0,6.028711397875098,0.12583150910825786,Tomato___Tomato_Yellow_Leaf_Curl_Virus
0.4996221682670458,0.3950115750232015,0.4461405013333867,0.18608829397816287,0.14137088383900936,0.19232917962323182,87.26288855937014,0.1823500264967763,0.5206366029728029,-0.034652969812719155,0.4773986508790132,0.15798636978904063,0.0,6.598923836610171,0.17691793488950786,Tomato___Tomato_Yellow_Leaf_Curl_Virus
0.48643124314573843,0.46443820099022726,0.3596182499658177,0.13028696198124515,0.14555468286740597,0.1985036694789981,162.30698645976076,0.2957350332821691,0.5464908925045107,0.20391361786636897,0.5043444504681702,0.12645463353434855,0.0,5.9954839638795185,0.07334127473325784,Tomato___Tomato_Yellow_Leaf_Curl_Virus
0.4562920949104174,0.39610865811493734,0.3596645627748082,0.2204686703171216,0.20109511788356121,0.22160893318902009,128.96390784647951,0.30595076275719046,0.4962021556842897,0.09734724833283015,0.45522867345248424,0.20397315627375895,2399.384717527167,6.901759835165641,0.27085104035825786,Tomato___Tomato_Yellow_Leaf_Curl_Virus
0.4973345420005663,0.3902561078467641,0.4460709129106114,0.1880793722357236,0.14801360543238934,0.1895955019975757,86.57438147929201,0.17214502585781452,0.5162265745151613,-0.041806529288856316,0.4739152362290498,0.1623439312581187,490.1478707849469,6.697071298947609,0.20011129426450786,Tomato___Tomato_Yellow_Leaf_Curl_Virus
0.4813675305488451,0.45072567562249044,0.3327056501638005,0.18757785875458347,0.1831457304524165,0.20948716638337128,147.70417273905764,0.3619099576557958,0.5352645066726778,0.20846484972748347,0.49171312355433666,0.17556683427134806,0.0,6.867728866189092,0.07199850129575784,Tomato___Tomato_Yellow_Leaf_Curl_Virus
0.5197592100742205,0.5073261270919118,0.4083572362195561,0.11930435169596303,0.12641852970588024,0.1941064858223056,165.98444617655764,0.26246810150993705,0.5903013792980287,0.20762245728287287,0.5450409820023652,0.10657947218457513,0.0,5.947784663030674,0.09569540070982034,Tomato___Tomato_Yellow_Leaf_Curl_Virus
0.5102306625488147,0.4620991955199514,0.4051252637635777,0.1072291286673032,0.12059768910872753,0.16666009662400239,141.55454505351076,0.20891350699318287,0.5457564440715883,0.1299292333296258,0.515275256866562,0.1022593573335772,0.0,5.887289226021164,0.07817831086607034,Tomato___Tomato_Yellow_Leaf_Curl_Virus
0.5755003711822375,0.4578550467887197,0.4841266010533879,0.23712976295609103,0.19990722711551007,0.22528057930718415,115.53306067851076,0.20863723946464893,0.590803667639551,-0.022830156622199345,0.5413057973328705,0.2129522234801417,2889.948177536107,7.060607325392847,0.26213827180357036,Tomato___Tomato_Yellow_Leaf_Curl_Virus
0.4808122536781176,0.3683028231063161,0.3858692382108281,0.20721639711517917,0.1681826549338084,0.20980170009385102,112.05695594218264,0.279864730366596,0.49980239543801286,-0.008989121777681637,0.449225532049286,0.1819899649027949,1435.2412535979834,6.8610420716359295,0.24182882356138286,Tomato___Tomato_Yellow_Leaf_Curl_Virus
0.5064992925765857,0.47275114158776144,0.3685104881059239,0.16023068148750888,0.15764038141238507,0.20393764612923615,157.08725989726076,0.3125403244580114,0.5558553782451723,0.19157930089745112,0.5162382295075532,0.15075090235511118,0.0,6.525904912270008,0.10451498078794534,Tomato___Tomato_Yellow_Leaf_Curl_Virus
0.5845818540695056,0.4866674552359853,0.5478361283074925,0.21733112651962863,0.19648161406981762,0.2206531727100467,98.95685828593264,0.10004869295013782,0.5961939540851686,-0.03799643741336279,0.5681968500558015,0.2053787679080134,5266.157710642643,6.962287701654772,0.26462545442075786,Tomato___Target_Spot
0.4713180980327471,0.42651239136841634,0.4416461621057103,0.22684729118008243,0.16359566028582867,0.2281362974430179,120.67631019022951,0.2002350558127248,0.5250513103950594,0.06114727629932947,0.48691441320811474,0.18820412164965922,0.0,6.744928126292516,0.07767477082700784,Tomato___Tomato_Yellow_Leaf_Curl_Virus
0.4276479503753527,0.376285583774117,0.3818219636212895,0.20210738498825656,0.14715278770196255,0.21762095031987183,113.48130286601076,0.2531284411038244,0.4756299105632875,0.06418791039499827,0.43755389952098095,0.16840497857371622,0.0,6.688108085474133,0.13547506379575786,Tomato___Tomato_Yellow_Leaf_Curl_Virus
0.5085849187019214,0.41258424619820455,0.4185954366456578,0.264884457179495,0.22872003789412793,0.2658315413976764,119.53702796366701,0.2946134526814306,0.5325379219997499,0.0190748534968812,0.4872535338345643,0.24195620125571543,2788.8381342052903,7.213435211473106,0.26441183137388286,Tomato___Tomato_Yellow_Leaf_Curl_Virus
0.38998258324888785,0.32779115537789205,0.3683700595628331,0.19729201514381992,0.15878067787158306,0.19954648254166596,92.81986487772951,0.18153731716526386,0.42308075699692704,0.018316287534566593,0.39629216694270336,0.1732919932011729,0.0,6.785325740328998,0.09940328645200784,Tomato___Tomato_Yellow_Leaf_Curl_Virus
0.5241367540004596,0.43462765316155294,0.516444954706342,0.20119352657456027,0.19260214145648297,0.21768054006348603,20.46430457499514,0.11779603553665516,0.547538205717859,-0.05023967196580582,0.515997843975174,0.1969559014443522,9313.03956108456,6.977432002504613,0.35752096223325786,Tomato___healthy
0.5294179341438159,0.4846360693373952,0.404509398771436,0.12570778299231158,0.12868985410201367,0.17411714432488434,151.32377112772951,0.2361150105084264,0.5676658597934816,0.1564315594604928,0.5341712405625458,0.11225583112279229,0.0,6.023175515222207,0.08469381379575784,Tomato___Tomato_Yellow_Leaf_Curl_Virus
0.5317787251117572,0.4341102252402578,0.47544837339034773,0.2351936699833356,0.22141350682246502,0.22929750023137085,107.11210120585451,0.16667245520008442,0.5495093313205812,-0.017919994903473187,0.5133054425660248,0.22490015333930308,8830.721239217646,7.23979545619788,0.34943380403013286,Tomato___Target_Spot
0.40363019915846426,0.3306720862784658,0.3892576132546971,0.21429118532795535,0.16387550409304913,0.20401095984230988,95.15476478007326,0.18272432876480457,0.4348970201957796,-0.010456901056436825,0.4044451286736604,0.18297569161692911,0.0,6.680405047648129,0.10196676301450784,Tomato___Tomato_Yellow_Leaf_Curl_Virus
0.44145244570997794,0.4270843873420034,0.333054605556638,0.16789448279995547,0.16071006532180127,0.19095658896218293,163.66074622538576,0.33283052039993644,0.5092918721187685,0.200748402612539,0.46594085001383984,0.15456574863234812,0.0,6.600097755584845,0.09180440949888284,Tomato___Tomato_Yellow_Leaf_Curl_Virus
0.5364786109569415,0.4418163607516561,0.4584700499307225,0.16112211365360843,0.1676628875302058,0.20245368418942444,38.002054819135765,0.25529328180206656,0.5702295151699159,0.009770810591312122,0.5172987153473969,0.15524896687308604,1304.8110862358894,6.526450369514073,0.20993795442075786,Tomato___Septoria_leaf_spot
0.4040663263442858,0.32597971061852316,0.36640608651748396,0.19723579306263553,0.16191775973307904,0.20756689844380372,96.89615882304201,0.2192731518830144,0.4292655137527559,0.0025737546256501195,0.39921604298983776,0.1759784788493281,0.0,6.799790008883643,0.14968099641294536,Tomato___Tomato_Yellow_Leaf_Curl_Virus
0.4513000270965441,0.37693369487908224,0.4063210223447392,0.1917431952442609,0.1443576129840594,0.1813983434225177,125.20951331522951,0.18803525162590382,0.48471556577568986,0.01733307166609354,0.4477991630974885,0.16056918805877024,0.0,6.681079343183745,0.14673605012388286,Tomato___Bacterial_spot
0.6480388662460193,0.6197221885123525,0.481889906955869,0.17024077493805514,0.15818515296447094,0.22276094196091645,157.89707435038576,0.2777238209332311,0.7020271864879701,0.23060231282028743,0.6577557494584199,0.15255759364405924,0.0,6.553094870620084,0.07152547883482034,Tomato___Tomato_Yellow_Leaf_Curl_Virus
0.42455393286970694,0.39372757176545004,0.39275920732131697,0.2270457001413785,0.16668726380336102,0.2279090845371341,135.57267249491701,0.24927771283043262,0.48952476653939225,0.09122871233734675,0.4481141140404817,0.1890828580264216,0.0,6.718001815231573,0.08965292024107034,Tomato___Tomato_Yellow_Leaf_Curl_Virus
0.4467194995525225,0.3961535106101308,0.4228405390512059,0.22533904034752475,0.17469155664908703,0.211815934755907,122.00315345194826,0.19294025195492145,0.4995975938785646,0.04383363945993967,0.45959486269389355,0.1913361222151881,1761.3873615666248,6.989542178923975,0.24349203156919536,Tomato___Tomato_Yellow_Leaf_Curl_Virus
0.5060510954501971,0.4620254645743642,0.5160603259336064,0.1191934721555196,0.11327787365186032,0.11448192236672393,265.3971811619092,0.06249769223583576,0.5525820699680422,0.023026157157750797,0.5266288688126679,0.1124064520601397,0.0,6.07601992486151,0.10753622102232034,Tomato___healthy
0.48796212884214957,0.45252835849907735,0.37569004638305403,0.17097124476093875,0.17228576417434033,0.2040210777307605,155.90082801249514,0.2662394960011327,0.5355437246311281,0.1624912507704217,0.4996432831231233,0.1642228931788569,0.0,6.598543930972628,0.09952535676450784,Tomato___Tomato_Yellow_Leaf_Curl_Virus
0.4588928541782244,0.41012784938004354,0.4257706437837193,0.2002939285721265,0.14815049494969662,0.2173785531307315,125.08890784647951,0.2572875042046392,0.5210386064994905,0.056678909795613956,0.4717717041913148,0.16613684302607828,1967.0075345023956,6.7316728807855135,0.23783102082700786,Tomato___Septoria_leaf_spot
0.5547709486129626,0.4380488107600484,0.4546475444566319,0.23441101629395114,0.1970227646397334,0.24298219022999756,110.20728553202639,0.24719295097244617,0.5681035367000673,-0.012234214706091213,0.5201208164635773,0.21197610801497752,3956.634031120078,7.050925435077628,0.34114828156919536,Tomato___Tomato_Yellow_Leaf_Curl_Virus
0.48948344799307425,0.4045534143843923,0.3733286891709874,0.11094665546078313,0.10244654740559872,0.15719726321946137,105.13093055155764,0.3026877660836065,0.5294178870666597,0.06738143785509654,0.47166766428385937,0.08979555299917512,0.0,5.617323399085642,0.10646810578794534,Tomato___Septoria_leaf_spot
0.6733841321113452,0.6254615197577749,0.5632108484040806,0.11720515061277974,0.13319823767411526,0.17993420002709382,154.2492777195264,0.14989519310844776,0.707657322024164,0.1354146636894662,0.6779735853615876,0.11097219294349008,0.0,5.4602583731379095,0.08650960969419534,Tomato___Tomato_Yellow_Leaf_Curl_Virus
0.4637938162925585,0.4119953523078237,0.4655905698072026,0.14354080725569354,0.1427397194074374,0.14294997987996094,279.414957651167,0.07767947954786655,0.5057534423816774,0.015692960458131504,0.47887276315127575,0.14091285771170908,3108.409055671045,6.51847276035766,0.23476400422544536,Tomato___healthy
0.3990759274604662,0.3405793617167745,0.3890836570989201,0.27494442481655706,0.2338456201122981,0.2526942157531833,159.46628821757326,0.19684255314720508,0.4382120517242525,0.014085825519891453,0.4088791181985017,0.2480874181393748,2272.925546757034,7.108709870807237,0.24713888215513286,Tomato___Tomato_Yellow_Leaf_Curl_Virus
0.4276479503753527,0.376285583774117,0.3818219636212895,0.20210738498825656,0.14715278770196255,0.21762095031987183,113.48130286601076,0.2531284411038244,0.4756299105632875,0.06418791039499827,0.43755389952098095,0.16840497857371622,0.0,6.688108085474133,0.13547506379575786,Tomato___Tomato_Yellow_Leaf_Curl_Virus
0.5088755211475238,0.4089345941939626,0.4165010486375401,0.2574655415501081,0.21724480267035778,0.24396769342671387,124.40659583476076,0.2796996851052129,0.533449992274103,0.013579342501493168,0.48495932125483715,0.23086829191485697,4868.066373828189,7.244566797815716,0.33197774934263286,Tomato___Tomato_Yellow_Leaf_Curl_Virus
0.5090575239303454,0.4647570858397756,0.5146384869348118,0.21426074225563632,0.17099600906836804,0.25404557225953095,254.89695228007326,0.22758117509735462,0.5918512192714784,0.026904817657800388,0.5289692153874512,0.18956555134097391,857.0967618181326,6.820715467483426,0.22508993195982036,Tomato___Septoria_leaf_spot
0.5062844178321704,0.4914369593062673,0.3934368525277684,0.11960670370716679,0.1428751262592059,0.19965977607022278,159.33014930155764,0.264678122528919,0.5751296726215456,0.2042395360640008,0.529984193081009,0.11755607730189614,0.0,6.175805346715222,0.06749715852232034,Tomato___Tomato_Yellow_Leaf_Curl_Virus
0.45781147691038687,0.39616677264359335,0.43008512599578597,0.24028569478649722,0.20162166531550701,0.22101764021168702,137.12702430155764,0.1737729330147588,0.49977000031357743,0.02552362902674265,0.46374504470263683,0.21389814919272715,0.0,6.8426262016081285,0.17139425324888286,Tomato___Tomato_Yellow_Leaf_Curl_Virus
0.41881513806608756,0.3837205479541097,0.46014252646079756,0.19203968364853488,0.17957354958522137,0.2225033753896808,263.3984018650342,0.17663248074901935,0.4909049120891664,0.009570177631707859,0.44820578598414623,0.18726212984362894,0.0,6.79105345202019,0.12599935578794536,Tomato___Early_blight
0.539991321289812,0.45932361582901815,0.5105829571019719,0.18816044945377933,0.1849520939158183,0.2034083270813083,76.05869544413576,0.14188462687385914,0.5662994233120058,-0.010840341461567211,0.5345666577759858,0.18614175623694712,10026.786019864814,6.941188192288452,0.36669149445982036,Tomato___healthy
0.5414290747287616,0.41937777499344686,0.4575918350946019,0.17660821993012057,0.16641583915221508,0.20757570503006928,26.88526404765139,0.24361181450737354,0.5626212802875612,-0.03917866946545057,0.5055073370877381,0.1607804567221766,64.98424421096706,6.643472056865317,0.17012777375669536,Tomato___Septoria_leaf_spot
0.47866565200117667,0.4459296474852834,0.46889263732543685,0.12288408745188344,0.08622525136339482,0.12611944613705628,33.642862924604515,0.10640590084446308,0.5349120048034761,0.06538766248735972,0.5036153366509553,0.09034617325702958,0.0,5.625483972462007,0.06940450715513284,Tomato___Late_blight
0.5522631427886828,0.47684753040459493,0.49669540269485213,0.23264856655258762,0.18008601541983899,0.23764013884316437,108.56302894022951,0.1762283910597646,0.5880362239826296,0.025823120014997196,0.546939211124527,0.1995850176219111,3223.5527655175842,6.900181984160891,0.28162374543638286,Tomato___Tomato_Yellow_Leaf_Curl_Virus
0.5525614640357837,0.4406287680068288,0.35438892586341597,0.11492136884588826,0.1226330014632922,0.16309925554047577,101.30427039530764,0.34195062709701896,0.5593409982669924,0.09539373590263911,0.509545104736435,0.1009492993954783,0.0,5.781606257257819,0.07988729524107034,Tomato___Septoria_leaf_spot
0.5451145193221911,0.4449724862971578,0.5278615985642979,0.13072531689066516,0.12019223596322354,0.13548811165343277,39.37336219218264,0.0465155859078252,0.5513317433345888,-0.06194441953089647,0.5296440889779206,0.12312908923665337,0.0,6.0298118581321365,0.09037008332700784,Tomato___Late_blight
0.48758137437132437,0.462666929761437,0.3908285532723973,0.12209091354269612,0.13283100600707348,0.16346555588494294,166.17341102030764,0.235088529118427,0.5451378670681093,0.1680105663708169,0.5072065463009949,0.11438021516839318,0.0,5.978574377797761,0.12073507356138284,Tomato___Tomato_Yellow_Leaf_Curl_Virus
0.5848354718330249,0.4853028664984975,0.46058071000686385,0.2879680695023023,0.27160295720565136,0.30080525217305176,124.67899573710451,0.32434877944839835,0.6102043238628481,0.04627625270399637,0.557524578804123,0.2773055405024653,2668.5335815559097,7.259028780840458,0.26567831086607036,Tomato___Tomato_Yellow_Leaf_Curl_Virus
0.5269510469081744,0.4186992655196462,0.4522919688951085,0.2647676469768964,0.22756327565181073,0.2510678732181644,118.51377356913576,0.21653425885094044,0.5403085795391176,-0.020757772041229534,0.5001759400311585,0.2410639942292338,4448.931865398861,7.185591905542306,0.30472555207700786,Tomato___Tomato_Yellow_Leaf_Curl_Virus
0.332655670368944,0.31959986786034444,0.33796349508872725,0.20221979934830295,0.14819179351794537,0.20829349396477692,230.82834876444826,0.3073506672467077,0.41615305814629533,0.08966720475468226,0.3708767762127992,0.16777296072284037,0.0,6.681780463841925,0.10892477082700784,Tomato___Tomato_Yellow_Leaf_Curl_Virus
0.5567235967758044,0.4856260428824697,0.5397467349301884,0.25057999808449377,0.19098450119960125,0.24383651850472443,85.11234534647951,0.15416969550503132,0.5990679112423036,-0.004131674779323864,0.5583337714615937,0.2133036673668986,3873.6447530121964,7.0523583190826145,0.25107564973325786,Tomato___Septoria_leaf_spot
0.45816681000021536,0.41505062679436544,0.37961438639274336,0.15935502965111362,0.145996845023511,0.20369468269597046,161.21674598124514,0.2297281045998418,0.49737097296601274,0.11340678109440394,0.46918244861994945,0.14976804411450678,0.0,6.525159974071009,0.10083761262388284,Tomato___Tomato_Yellow_Leaf_Curl_Virus
0.4840229174735888,0.461833656827477,0.3113140795957158,0.18029434997696506,0.1939964431093913,0.19683451590786927,150.83835853007326,0.37190363002670646,0.5445207205761049,0.24941702558312007,0.4965888431016084,0.172676500738061,0.0,6.790246835032656,0.09996786164732034,Tomato___Tomato_Yellow_Leaf_Curl_Virus
0.4688343426826342,0.4074825654425893,0.4413462911378453,0.22433343548435794,0.17021831746566113,0.21815269825707428,92.85209144022951,0.19107732368362781,0.5145653930652712,0.025871228413911533,0.47496698998843395,0.18864419764319712,491.5045680090275,6.87752305716523,0.19309225129575786,Tomato___Tomato_Yellow_Leaf_Curl_Virus
0.4142082950713976,0.35524630645897726,0.40031037075629927,0.17954310793537723,0.13140490527617749,0.17107553420315735,119.72867835429201,0.15458210004223225,0.4527362433422182,0.017060626285405826,0.42329301142131054,0.14906308507958704,0.0,6.453158882571456,0.09487142610044534,Tomato___Bacterial_spot
0.5400979539993152,0.46061790088799337,0.48491770370116927,0.240707159229704,0.22304037089812573,0.2577296459461307,99.97114051249514,0.2199845333184087,0.5721491423595522,0.017306927578778934,0.5324323942605134,0.22949845796862894,3147.5081526982553,7.199324867460719,0.25890340852232036,Tomato___Target_Spot
0.43662727090147574,0.41405731538918356,0.3830252621900151,0.200669557043501,0.1619752633141261,0.20139094827424042,153.48447669413576,0.275705577858814,0.5108335164535616,0.12954879178318568,0.4625479152146455,0.17230696684161478,481.6699842709072,6.76467884026412,0.22344198274107036,Tomato___Tomato_Yellow_Leaf_Curl_Virus
0.5227082988860949,0.4429454813399587,0.4880974922906468,0.23887918908257114,0.21592077489363964,0.24456408260117524,103.72446692851076,0.16482338500870106,0.5545820442188356,-0.0038280598947089198,0.5172216763440247,0.2239044130448466,4693.625621142886,7.212175629807449,0.29384603547544536,Tomato___Target_Spot
0.4808122536781176,0.3683028231063161,0.3858692382108281,0.20721639711517917,0.1681826549338084,0.20980170009385102,112.05695594218264,0.279864730366596,0.49980239543801286,-0.008989121777681637,0.449225532049286,0.1819899649027949,1435.2412535979834,6.8610420716359295,0.24182882356138286,Tomato___Tomato_Yellow_Leaf_Curl_Virus
0.39704475017813284,0.3190004835524831,0.31964883549323775,0.21920758504528629,0.1897617566155177,0.20425545809517853,132.50336707499514,0.31150934291733146,0.428529485796747,0.042394097881646824,0.38768942856227123,0.19805401271621043,1004.0687108180441,6.950870879327062,0.21567525910825786,Tomato___Late_blight
0.5042892715576037,0.41880011657860616,0.48315906865707137,0.22136306781429874,0.19934648151862439,0.22238425550709717,69.91083777812014,0.15107155037773487,0.5303284076202486,-0.028761338455347348,0.4969780614319917,0.20689211493769938,4472.678735419266,6.930427650723502,0.27687826203794536,Tomato___Target_Spot
0.44202721329954703,0.36552664736893514,0.4081191454660008,0.1581912936653577,0.10751633967625912,0.16760144768010132,83.47626746562014,0.15782426489246723,0.4695933309543703,0.0019936151674706457,0.4385357072297212,0.1270273224119311,0.0,6.215636984847856,0.08219137238950784,Tomato___Tomato_Yellow_Leaf_Curl_Virus
0.47599125119474966,0.40575194458153585,0.39017546517959334,0.273575127312132,0.2173392462300044,0.25785179076443665,137.80683387187014,0.3253709693039739,0.5163063255298708,0.06642382963213511,0.47025756740008556,0.23767105943003947,1298.1354562401261,7.261143181509314,0.25313558625669536,Tomato___Tomato_Yellow_Leaf_Curl_Virus
0.533416899168764,0.45627796749260763,0.4846935604344914,0.2279501410212003,0.21609435852038678,0.2493750715042209,96.35105384257326,0.1790922005261266,0.5552977767932985,0.015532162027688694,0.5278616716805573,0.22193342155257517,5107.543893596479,7.1734601779180505,0.28525533723325786,Tomato___Spider_mites Two-spotted_spider_mite
0.4670724889877184,0.41560527781632284,0.4362391863595555,0.20311863739151584,0.14609826977717694,0.2209196203733539,71.82175696757326,0.21285999012840626,0.5176727620113466,0.048985604184003544,0.478626029724228,0.16706819540301615,0.0,6.632701269511454,0.16347494172544536,Tomato___Tomato_Yellow_Leaf_Curl_Virus
0.3930935880782946,0.3837138126292501,0.5086173449288914,0.1613724084581815,0.1485581907199603,0.21929846344243042,270.2157541599561,0.2659126241291845,0.5333019343364809,-0.013196650905279446,0.4460371901932832,0.15891468232909495,0.0,6.631576214153531,0.12485494660825784,Tomato___Leaf_Mold
0.514136018479143,0.40326190094139913,0.45124766571632124,0.18976311404366122,0.15862358983027752,0.19799853501568787,102.75028479960451,0.16267122519863483,0.5237574425685976,-0.03777323850777559,0.48716341161166393,0.17203198081294352,0.0,6.625285974482931,0.15940084504575786,Tomato___Tomato_Yellow_Leaf_Curl_Virus
0.5565266034248217,0.4964854727187429,0.4965990517865727,0.13434110600609409,0.1442266019748431,0.13992053655634873,143.06968177226076,0.1210518796528661,0.5840639916408632,0.06093198432240076,0.5597304871026154,0.13644306069651896,0.0,6.176525292011599,0.09535970735044534,Tomato___Bacterial_spot
0.4328186831119402,0.38284295896675924,0.4387815330754826,0.22017496842999087,0.16945896919238385,0.19986429450760834,155.99454749491701,0.14597822917354938,0.47698132667427995,0.01517242564472742,0.4494424929562684,0.18804762965480143,0.0,6.657497381514562,0.11391439485044534,Tomato___Bacterial_spot
0.5088755211475238,0.4089345941939626,0.4165010486375401,0.2574655415501081,0.21724480267035778,0.24396769342671387,124.40659583476076,0.2796996851052129,0.533449992274103,0.013579342501493168,0.48495932125483715,0.23086829191485697,4868.066373828189,7.244566797815716,0.33197774934263286,Tomato___Tomato_Yellow_Leaf_Curl_Virus
0.43531018706587393,0.3855569074549947,0.4979772601853917,0.16277396697659122,0.16033150132167157,0.20478711662541382,279.5059000339795,0.21695903135193226,0.5328267065036867,-0.041086967115966606,0.4585288634244081,0.1624044299725657,0.0,6.688140753004748,0.19535055207700786,Tomato___Late_blight
0.5588759801032885,0.47352665762093404,0.5224342976342747,0.22078812141079532,0.19798463459479626,0.23687313137303345,72.49131263163576,0.144009085425266,0.5796581355083559,-0.013170208794740963,0.5499013831559296,0.2075995326642161,6152.683532706784,7.0592403717475705,0.27519979524107036,Tomato___Spider_mites Two-spotted_spider_mite
0.5152954480293139,0.4126921604075704,0.4672218297254155,0.2503781171526395,0.21353100116717633,0.24272229907761567,108.88898719218264,0.17234301758659717,0.5297762897956941,-0.036046245148150254,0.4948667457047578,0.2279777944687968,1323.0433922096577,7.023637590057117,0.21704855012388286,Tomato___Spider_mites Two-spotted_spider_mite
0.47304102989462454,0.43777528504517416,0.4042310748826573,0.18535736221928226,0.16957962389457043,0.20935432253132813,163.37204993632326,0.2351612169827306,0.5200677362430666,0.11936514450821467,0.48977549576197826,0.17428698843756968,0.0,6.754106155911495,0.12311544465513284,Tomato___Tomato_Yellow_Leaf_Curl_Virus
0.5685520193221911,0.4568006704249654,0.48565021498313643,0.25356739778179754,0.2305627750920039,0.2435464375997638,122.35080970194826,0.1948455591286504,0.578795656298456,-0.019514272002248097,0.5387830307427521,0.23868430858889872,3692.905571190962,7.146218044238643,0.25009908723325786,Tomato___Spider_mites Two-spotted_spider_mite
0.34671569081572134,0.32711395720627645,0.2514975999127934,0.13628096152205096,0.12126007552611645,0.17037199077855103,148.62739051249514,0.39170760107887626,0.41138862047081926,0.17710133268150874,0.3696344664040681,0.11733665770331674,0.0,6.155059215600675,0.07274618195982034,Tomato___Tomato_Yellow_Leaf_Curl_Virus
0.5846254250648364,0.4663931737342153,0.45621639831176497,0.21760907787937747,0.1963039028214198,0.24981908140431397,109.83863318827639,0.2744286973561132,0.5932712403286073,0.01303118093523569,0.5458643009606476,0.2056105852727061,5745.555697654463,7.023327869664945,0.34801473664732036,Tomato___Tomato_Yellow_Leaf_Curl_Virus
0.5064992925765857,0.47275114158776144,0.3685104881059239,0.16023068148750888,0.15764038141238507,0.20393764612923615,157.08725989726076,0.3125403244580114,0.5558553782451723,0.19157930089745112,0.5162382295075532,0.15075090235511118,0.0,6.525904912270008,0.10451498078794534,Tomato___Tomato_Yellow_Leaf_Curl_Virus
0.5352225920799121,0.43458473781731466,0.47186473353019454,0.2226928623403989,0.17706967766749676,0.22346436617623322,104.75855506327639,0.19474318815124866,0.5590528694141481,-0.01683123783555441,0.514205144876587,0.1943868667487269,2755.6235324042805,6.892453685633081,0.25676717805357036,Tomato___Tomato_Yellow_Leaf_Curl_Virus
0.4919251820686205,0.4482351551451955,0.4899545346032689,0.11397098023552525,0.118170655028699,0.11473475036869994,272.5454660740186,0.08404922676933643,0.540719404553232,0.035677369671197605,0.5113343169633027,0.11235589987078957,0.0,6.094497076924773,0.13193502473325786,Tomato___healthy
0.42741310807493765,0.36501610378411153,0.400590005947263,0.2109903099026166,0.16655056055056866,0.21978442011128418,102.77048743632326,0.22366711688888904,0.471902653311548,0.023115795092912388,0.43300803207789623,0.1832242429856425,0.0,6.848327122358347,0.18222799348325786,Tomato___Spider_mites Two-spotted_spider_mite
0.5039608499648913,0.4123080680766378,0.4483292136918614,0.23847608286995517,0.22914618130194958,0.24917880831013672,98.00580848124514,0.20406422210586903,0.519103273485956,-0.006587270660070706,0.4890984466019746,0.23314912325183207,18778.931969767757,7.283419703571668,0.38349142121763286,Tomato___healthy
0.5189542791488513,0.4250142882266317,0.33590644939056136,0.21619386989731418,0.20184905703532513,0.23368456599961274,125.85834754374514,0.4070183951939428,0.5347256806839082,0.11625455691132136,0.4882238676491853,0.20459079450408274,1625.7593204959717,6.997968027893697,0.22605123567075786,Tomato___Early_blight
0.47599125119474966,0.40575194458153585,0.39017546517959334,0.273575127312132,0.2173392462300044,0.25785179076443665,137.80683387187014,0.3253709693039739,0.5163063255298708,0.06642382963213511,0.47025756740008556,0.23767105943003947,1298.1354562401261,7.261143181509314,0.25313558625669536,Tomato___Tomato_Yellow_Leaf_Curl_Virus
0.503968509161745,0.45285511116173605,0.4153024886380742,0.1762504132475339,0.1169824215339404,0.24307427940617554,98.91102088358889,0.3379282374466741,0.5662730780590151,0.10752587391647883,0.5091368129197236,0.1395404980186587,733.7028574415904,6.433777263709892,0.21962728547544536,Tomato___Septoria_leaf_spot
0.5156963190677508,0.41873890260842184,0.4968931113015721,0.22702868301529514,0.20291709776389416,0.2242794000888919,63.90851844218264,0.13830043567074177,0.5368866172779176,-0.054024988332508135,0.5019185712281342,0.21128089433947855,9582.799875800587,7.072996473077264,0.33710470246763286,Tomato___Target_Spot
0.4772714993598803,0.4114562282958303,0.3674604926835606,0.11332448590654957,0.09641288097369488,0.1585959309125995,111.47992957499514,0.30887103272331595,0.5273727622974489,0.09926709903988429,0.4713992645684358,0.08671340054312997,0.0,5.433704323903347,0.09268941926450784,Tomato___Septoria_leaf_spot
0.5237373134734973,0.4651792655387197,0.449049535823972,0.10287348199743855,0.12353188420998867,0.14552890894661896,147.44040931132326,0.12290211213482258,0.548414751623926,0.07865837587627955,0.5261291732731934,0.10186368680039697,0.0,5.60360539381206,0.07639303254575784,Tomato___Tomato_Yellow_Leaf_Curl_Virus
0.41412857385901053,0.3598001311221395,0.36506530983558394,0.21374690551418887,0.160880236582635,0.21828591463814728,120.28159583476076,0.2681377251232946,0.4619684365738008,0.06149302794251032,0.421924369567978,0.18017908638755137,0.0,6.7780224195484,0.11354818391294534,Tomato___Tomato_Yellow_Leaf_Curl_Virus
0.4414455613735064,0.42458438972618917,0.3422421847116063,0.1712704600777112,0.15273435290324505,0.21938359377633088,160.3055521335889,0.3230478186692083,0.5074594167221163,0.1865677125624139,0.46551870011721813,0.15492003864089304,0.0,6.637515820261782,0.08396139192075784,Tomato___Tomato_Yellow_Leaf_Curl_Virus
0.5122886917236193,0.494881273309258,0.41298222882858016,0.1388070659722768,0.13834317650067623,0.20655981836567872,153.3769632664014,0.25318104220283866,0.5794796792018984,0.185578320162626,0.5360294153634186,0.1257150591019755,0.0,6.314709214949739,0.08969869660825784,Tomato___Tomato_Yellow_Leaf_Curl_Virus
0.47497448536184866,0.4439747939505849,0.3064411018621037,0.175633534976431,0.18311779077517804,0.21216576931725495,146.13529456522951,0.3742510099495733,0.5275035944927309,0.22762070967468806,0.48284466766749584,0.16700795000830942,0.0,6.769686902915355,0.08536520051450784,Tomato___Tomato_Yellow_Leaf_Curl_Virus
0.4840229174735888,0.461833656827477,0.3113140795957158,0.18029434997696506,0.1939964431093913,0.19683451590786927,150.83835853007326,0.37190363002670646,0.5445207205761049,0.24941702558312007,0.4965888431016084,0.172676500738061,0.0,6.790246835032656,0.09996786164732034,Tomato___Tomato_Yellow_Leaf_Curl_Virus
0.40516603204039175,0.39502942661431173,0.29102114184013106,0.1517033802356206,0.1375567975209933,0.20842730639229767,162.71732581522951,0.37912756396187186,0.47729085359459855,0.21495838834557124,0.43148310684596264,0.13535441166201884,0.0,6.413721253620075,0.11400594758482034,Tomato___Tomato_Yellow_Leaf_Curl_Virus
0.48757100316313345,0.4030941138663564,0.4195846055280278,0.24410082418579684,0.20219616468417462,0.22641339538346283,126.47117103007326,0.21874386263740894,0.5149250176895235,0.020119268434377384,0.47551240229045116,0.21581566041747385,0.0,6.836550174557078,0.17435445832700786,Tomato___Tomato_Yellow_Leaf_Curl_Virus
0.46447912069586356,0.46486258606102804,0.3426268134843419,0.18068356830734836,0.15446518238055523,0.21526613471756928,164.95881141093264,0.3882607240761602,0.5476111618030641,0.24370588733467646,0.49609284305011,0.16005278831759745,0.0,6.675711741069093,0.13919820832700786,Tomato___Tomato_Yellow_Leaf_Curl_Virus
0.5669052621963366,0.44201260904457906,0.49822146041503645,0.23880115170139896,0.2229822861717921,0.24018823740731232,79.93024695780764,0.1805492658699834,0.5720482913005922,-0.060014808563260365,0.5310431292000886,0.2280174613598948,4594.776780850576,6.855982164926291,0.28597250031919536,Tomato___Early_blight
0.4498450777175768,0.3889099667468343,0.5033500228654454,0.1281813384975873,0.1047162699269038,0.15889882681618683,302.8496958103467,0.1418762673224294,0.5226384249675844,-0.054288580560801554,0.46545548939143383,0.11629887378255181,0.0,6.036130054522946,0.09801473664732034,Tomato___Leaf_Mold
0.4433949610832079,0.39520982007172445,0.34906345946899153,0.13861074317354785,0.1389129373000842,0.18153491256485932,146.32929480937014,0.2461133916462743,0.4786017385471437,0.11904800309452601,0.4496362974587556,0.13470311915913874,0.0,6.396340656275444,0.07062521028013284,Tomato___Tomato_Yellow_Leaf_Curl_Virus
0.4585337063911303,0.403258890906838,0.3530877564679692,0.21736010927815066,0.20557901139724072,0.20540782449494355,128.9132181492139,0.2927286048020208,0.5017799583423708,0.11598301305088587,0.45934631132518017,0.20239415472785288,0.0,6.907650936584885,0.21550741242857036,Tomato___Tomato_Yellow_Leaf_Curl_Virus
0.4492775818946703,0.3987771282592092,0.38857958061805464,0.19244977850575076,0.15023313339221295,0.2242275738502597,107.35862220194826,0.25383767677200675,0.4971518662918184,0.08078386260780879,0.45799412035380566,0.165950563609994,0.0,6.7763304909798805,0.16199483918638286,Tomato___Tomato_Yellow_Leaf_Curl_Virus
0.5398266932609423,0.40243065456536153,0.4238153134118626,0.23459914345402347,0.20206414039599713,0.21849989531289093,113.47577918437014,0.2749636788452947,0.5502624360073183,-0.03769401462164335,0.49122972988520824,0.21251643902102763,7019.677241507308,7.09680496587778,0.32303609895200786,Tomato___Spider_mites Two-spotted_spider_mite
0.41762492271689017,0.3443931351104055,0.3901056085359166,0.19090917725224124,0.14145043368804272,0.17508192000638,128.83115638163576,0.16142839384926197,0.44828556451683976,0.0021425001195389745,0.4167804589215394,0.1597157836560374,0.0,6.524908263477505,0.11669149445982034,Tomato___Bacterial_spot
0.5577321669700488,0.4593501100936208,0.508422139717252,0.19464074093956577,0.17631928499209698,0.20550641057740204,85.31312049296389,0.13295793724907276,0.5741883960712526,-0.026367386815814305,0.5396403243485566,0.18307900136748606,6324.799136095769,6.953749700443927,0.30562582063169536,Tomato___Spider_mites Two-spotted_spider_mite
0.46043285938528616,0.37844064931061605,0.3732164834271977,0.25292389113564123,0.19988469655978497,0.21599395213376038,137.09806311991701,0.29224214149368644,0.4952140298832033,0.0443186946085412,0.4476405849400636,0.215961572587884,71.22299577584045,6.895554639766002,0.21266927766294536,Tomato___Tomato_Yellow_Leaf_Curl_Virus
0.3814229390266283,0.2864103625216756,0.33486378533950545,0.24629861135143863,0.22634181256758984,0.23475195107708924,114.29166663554201,0.2406991739357793,0.39687554511910417,-0.02237933316615038,0.3656225969735261,0.23237122303286845,2587.9195632853966,6.9358902904094,0.24283590363950786,Tomato___Early_blight
0.5368481299522265,0.4441061029830251,0.4917177592050145,0.20965743083614932,0.18170286591517743,0.21504586575280182,95.70054114726076,0.14680805993927357,0.5583166924465273,-0.01926690155055933,0.5225435068551179,0.19238276487628275,6346.736765286974,7.02253053922465,0.30960836457700786,Tomato___Spider_mites Two-spotted_spider_mite
0.5297549984100207,0.4178072820105825,0.4948433373700688,0.1298704968776189,0.13075897719132717,0.13213117805968277,55.544779428510765,0.08066344452751514,0.53252993497735,-0.06789714658048562,0.5053415467682953,0.12854814982453638,0.0,6.269427603041158,0.10617818879575784,Tomato___Late_blight
0.5527041575553759,0.5116047869124685,0.528158012462766,0.09423296172279942,0.11418693389165219,0.09805123893271438,289.91677344706545,0.09966865373504993,0.6027165499675844,0.06343406810078211,0.5710603764001008,0.09820333576241784,0.0,5.7851081183331,0.08681478547544534,Tomato___Late_blight
0.49771809788969595,0.4161163578429494,0.48039770467391707,0.20402862150330173,0.1953430610464793,0.22061746952782624,55.217875131635765,0.14926664722813007,0.5245430317867372,-0.024796389056114483,0.4931231906357881,0.19957697099486643,14308.922084873864,7.0609626346353735,0.38925924348325786,Tomato___healthy
0.34883639427450736,0.2961571226516042,0.32008016450515486,0.2080454083170377,0.16724373276698407,0.20912836132298462,123.17215979960451,0.29463169170273185,0.40006004247551896,0.04448438807043619,0.35991527342234814,0.18037652677336985,0.0,6.721051626875202,0.12162008332700784,Tomato___Tomato_Yellow_Leaf_Curl_Virus
0.456784727299486,0.403862864772347,0.407067034078748,0.2389199884619199,0.18787099297511395,0.23767505226384156,133.68683875468264,0.2550505120838964,0.5047065464008424,0.0649607218674142,0.46533163093959057,0.20717926031390482,1752.6768593146421,7.030382983136972,0.25733175324888286,Tomato___Tomato_Yellow_Leaf_Curl_Virus
0.4142082950713976,0.35524630645897726,0.40031037075629927,0.17954310793537723,0.13140490527617749,0.17107553420315735,119.72867835429201,0.15458210004223225,0.4527362433422182,0.017060626285405826,0.42329301142131054,0.14906308507958704,0.0,6.453158882571456,0.09487142610044534,Tomato___Bacterial_spot
0.4655541798713549,0.4044823954501424,0.42672124846091963,0.24807921070713626,0.2386462974117976,0.26853876946221344,156.79551185038576,0.2818568070019567,0.5149887946594331,0.03777602686199732,0.47055788540278637,0.2419323146943217,6550.969434742905,7.228634046235111,0.27179708528013286,Tomato___Late_blight
0.5247402510288104,0.468545676270989,0.5394596491586278,0.207936123200842,0.18535625811087902,0.2341872268701648,292.24482215312014,0.15336786402119038,0.5873657313335512,-0.006021849823860455,0.5387118329945679,0.1956514388922816,3930.4976230471816,6.979445608074666,0.25295248078794536,Tomato___Target_Spot
0.46475133510855277,0.41560673813011983,0.37621462686172225,0.2278282942261182,0.19344015295970257,0.2246352547193622,129.56489051249514,0.3133974392498815,0.5220779922950838,0.11133416368279048,0.47109006547366344,0.19962075060645396,0.0,6.875513935263134,0.22742452668638286,Tomato___Tomato_Yellow_Leaf_Curl_Virus
0.5230002126338824,0.46164226631310323,0.5131606195699284,0.20822063107151614,0.18692743654715832,0.24788325665246003,330.737711557417,0.1991966981972539,0.5815508810031984,0.008210346089931202,0.5311411490384217,0.1962811768654948,2529.6734958189495,6.848296000252645,0.23786153840513286,Tomato___Leaf_Mold
0.4973134717586382,0.4863044033446584,0.3738757704030583,0.13359612990278827,0.12345339979398068,0.21446020541440003,165.83072913554201,0.31506854487312674,0.5685832944858644,0.22250630332741328,0.5220590403023835,0.11666485375205331,0.0,5.967699778793893,0.09143819856138284,Tomato___Tomato_Yellow_Leaf_Curl_Virus
0.460751088583742,0.41060832242157796,0.39384264094939925,0.15708595533032046,0.1446470680402499,0.2003156208778476,143.2732035007764,0.20262079132450458,0.49506176981812455,0.08770960940632411,0.46896957063113415,0.1481118396524554,0.0,6.492131400853587,0.13346090363950786,Tomato___Tomato_Yellow_Leaf_Curl_Virus
0.5072050115707263,0.42540159920838216,0.480735931230695,0.2220173778023206,0.21484009798037823,0.23549662170659058,84.68082679179201,0.14871381414783832,0.5295316127288912,-0.016051065189508724,0.5014487674180146,0.218295973599351,17695.49565005148,7.1830654324056304,0.38986959504575786,Tomato___healthy
0.48758137437132437,0.462666929761437,0.3908285532723973,0.12209091354269612,0.13283100600707348,0.16346555588494294,166.17341102030764,0.235088529118427,0.5451378670681093,0.1680105663708169,0.5072065463009949,0.11438021516839318,0.0,5.978574377797761,0.12073507356138284,Tomato___Tomato_Yellow_Leaf_Curl_Virus
0.5547709486129626,0.4380488107600484,0.4546475444566319,0.23441101629395114,0.1970227646397334,0.24298219022999756,110.20728553202639,0.24719295097244617,0.5681035367000673,-0.012234214706091213,0.5201208164635773,0.21197610801497752,3956.634031120078,7.050925435077628,0.34114828156919536,Tomato___Tomato_Yellow_Leaf_Curl_Virus
0.5208752772453173,0.5034708986678396,0.3424386118184636,0.18755298871655093,0.1927803444432002,0.21478891012917511,157.09809363749514,0.3790642638291204,0.585572942827997,0.2647146768740136,0.5355969836655732,0.17676618403235728,0.0,6.878482305210879,0.12203207063169534,Tomato___Tomato_Yellow_Leaf_Curl_Virus
0.48643124314573843,0.46443820099022726,0.3596182499658177,0.13028696198124515,0.14555468286740597,0.1985036694789981,162.30698645976076,0.2957350332821691,0.5464908925045107,0.20391361786636897,0.5043444504681702,0.12645463353434855,0.0,5.9954839638795185,0.07334127473325784,Tomato___Tomato_Yellow_Leaf_Curl_Virus
0.4973134717586382,0.4863044033446584,0.3738757704030583,0.13359612990278827,0.12345339979398068,0.21446020541440003,165.83072913554201,0.31506854487312674,0.5685832944858644,0.22250630332741328,0.5220590403023835,0.11666485375205331,0.0,5.967699778793893,0.09143819856138284,Tomato___Tomato_Yellow_Leaf_Curl_Virus
0.5069215318801745,0.42815181712296346,0.4695495997201512,0.19424332697052585,0.15056864048707302,0.1950094067836856,108.40439856913576,0.15462343586338398,0.5395049003112886,0.0009192190936524389,0.5017031004372712,0.16678923076430613,1934.4726914959915,6.771120058579852,0.23372640656919536,Tomato___Target_Spot
0.4873895070197924,0.4863904724517141,0.34184453232398726,0.15630941111702548,0.17215789731013592,0.22242933151970856,163.31089270976076,0.3732262570942724,0.5707717386234377,0.26463349534782954,0.5154907574597474,0.15626862353125864,0.0,6.3907219767395,0.09706869172544534,Tomato___Tomato_Yellow_Leaf_Curl_Virus
0.46583640786436636,0.4094129810729299,0.4629210267793248,0.13194319624561893,0.12161348636615094,0.13314701257000916,338.6836038914014,0.08597152126682636,0.5054230836380098,0.011155109839769077,0.4776633253041383,0.12204454547206216,3406.538195439703,6.266611444251813,0.24710836457700786,Tomato___healthy
0.4320453128459795,0.3439266095557485,0.37598404629340865,0.20523263532776462,0.16695989544856366,0.2123911493803119,118.22040809062014,0.21828416181457874,0.451345488165674,0.0009104870131928441,0.41920848392878735,0.1831944406632548,0.0,6.699852464265369,0.12967672395200786,Tomato___Bacterial_spot
0.3990759274604662,0.3405793617167745,0.3890836570989201,0.27494442481655706,0.2338456201122981,0.2526942157531833,159.46628821757326,0.19684255314720508,0.4382120517242525,0.014085825519891453,0.4088791181985017,0.2480874181393748,2272.925546757034,7.108709870807237,0.24713888215513286,Tomato___Tomato_Yellow_Leaf_Curl_Virus
0.49033141347197134,0.47221273283150533,0.38253495438209273,0.1201579274620496,0.11542291070687588,0.19643295941601746,167.66364539530764,0.2721335311020696,0.5550311056125734,0.19264583660873957,0.5126867463532563,0.10179077541867547,0.0,5.849260181263851,0.12166585969419534,Tomato___Tomato_Yellow_Leaf_Curl_Virus
0.45292046877173026,0.3829018483557973,0.4358736906777928,0.20250055212635623,0.14625641580092724,0.17667919037590973,125.18546546366701,0.13673781050098774,0.48643745455628373,-0.0019038319715540888,0.45515601539050304,0.16652315563002879,0.0,6.49247213551455,0.09799947785825784,Tomato___Bacterial_spot
0.5333575627448901,0.447970450917748,0.5186145637761662,0.21615497786659824,0.19733513768184002,0.22407242295990937,70.20215857890139,0.11050568712604877,0.5550076809871767,-0.03494456039157324,0.5268343856278535,0.20521339482108408,9984.913675990976,7.112009323518237,0.29773702668638286,Tomato___Target_Spot
0.5109799525382861,0.4460042128958974,0.5003217790853093,0.2386590840305768,0.20739081378447827,0.2537744307304477,62.95154822733889,0.16420218540085194,0.5520819273937319,0.0017933361104447362,0.5169039537850495,0.22041542536059672,5390.833439196549,7.125172175990219,0.27535238313169536,Tomato___Target_Spot
0.48757100316313345,0.4030941138663564,0.4195846055280278,0.24410082418579684,0.20219616468417462,0.22641339538346283,126.47117103007326,0.21874386263740894,0.5149250176895235,0.020119268434377384,0.47551240229045116,0.21581566041747385,0.0,6.836550174557078,0.17435445832700786,Tomato___Tomato_Yellow_Leaf_Curl_Virus
0.4637938162925585,0.4119953523078237,0.4655905698072026,0.14354080725569354,0.1427397194074374,0.14294997987996094,279.414957651167,0.07767947954786655,0.5057534423816774,0.015692960458131504,0.47887276315127575,0.14091285771170908,3108.409055671045,6.51847276035766,0.23476400422544536,Tomato___healthy
0.5294179341438159,0.4846360693373952,0.404509398771436,0.12570778299231158,0.12868985410201367,0.17411714432488434,151.32377112772951,0.2361150105084264,0.5676658597934816,0.1564315594604928,0.5341712405625458,0.11225583112279229,0.0,6.023175515222207,0.08469381379575784,Tomato___Tomato_Yellow_Leaf_Curl_Virus
0.5709206483009204,0.4608762870230947,0.473830733133466,0.24347196538109409,0.20435023184287365,0.24646268425236695,114.13462317851076,0.24222901655090687,0.5895824876773927,-0.001912090940145779,0.5405361821595307,0.2191521049145823,4418.572300870992,7.130088432823348,0.31581869172544536,Tomato___Tomato_Yellow_Leaf_Curl_Virus
0.5548034331443652,0.4628393063941274,0.47625699980369307,0.2919555308308088,0.25470159824359234,0.30304829416523926,116.94651282694826,0.26104083848846793,0.5781517473209474,0.015704866485925388,0.537145989173996,0.2704448521737223,2578.369554181672,7.29913052646422,0.25713338899107036,Tomato___Tomato_Yellow_Leaf_Curl_Virus
0.45666521998671133,0.4046459207930837,0.4963510368596623,0.2523931117739164,0.24217195685374554,0.2932123952890491,285.3399607029248,0.19527647090805408,0.5195096579540346,-0.022637773317961025,0.4759338071290132,0.25065637832919413,0.0,6.779788799123397,0.10280599641294534,Tomato___Early_blight
0.49539321872023184,0.4501883099475179,0.45836854322067,0.25284202415604223,0.17267280693518933,0.25328042743454926,119.98649085429201,0.25314811063660025,0.5631145087230776,0.06770162655624934,0.5099169185105439,0.20286561256686503,3549.9695138664406,7.071771539797907,0.27489461945982036,Tomato___Septoria_leaf_spot
0.5014142415168628,0.3959557125964437,0.4388743077050755,0.19350218791622745,0.15090984727608975,0.1876731180931186,107.81531775858889,0.17764473153007862,0.5188668814647768,-0.027290392679838467,0.47766034507189953,0.16675331896582896,0.0,6.635962118646226,0.15068807649107036,Tomato___Tomato_Yellow_Leaf_Curl_Virus
0.44145244570997794,0.4270843873420034,0.333054605556638,0.16789448279995547,0.16071006532180127,0.19095658896218293,163.66074622538576,0.33283052039993644,0.5092918721187685,0.200748402612539,0.46594085001383984,0.15456574863234812,0.0,6.600097755584845,0.09180440949888284,Tomato___Tomato_Yellow_Leaf_Curl_Virus
0.6551114341857776,0.6134228716292653,0.6197817359696934,0.2722588034357511,0.18819086130130108,0.279119264462099,106.63749183085451,0.1820627768124425,0.7270480242717836,0.07303920014414378,0.6718924810830231,0.2200795531872874,4850.077627930181,7.132103578168888,0.31070699738950786,Tomato___Septoria_leaf_spot
0.5611627123000964,0.47911065916207174,0.4700475071202824,0.19893415290970431,0.20098525162207898,0.21438824770699494,100.42689002421389,0.20141658378494617,0.5843670812595461,0.048097778098912906,0.5478908588830109,0.19739760166446024,5604.120099074529,6.989156461508281,0.29456319856138286,Tomato___Spider_mites Two-spotted_spider_mite
0.5064992925765857,0.47275114158776144,0.3685104881059239,0.16023068148750888,0.15764038141238507,0.20393764612923615,157.08725989726076,0.3125403244580114,0.5558553782451723,0.19157930089745112,0.5162382295075532,0.15075090235511118,0.0,6.525904912270008,0.10451498078794534,Tomato___Tomato_Yellow_Leaf_Curl_Virus
0.500415714705263,0.4986591945090566,0.37644321067443587,0.12422636170048344,0.1269112813042384,0.18379005429993622,172.27717078593264,0.3128335495079839,0.5811503973949526,0.2415460534265954,0.5305315723363038,0.11050131624976449,0.0,6.021160460902168,0.07711019563169534,Tomato___Tomato_Yellow_Leaf_Curl_Virus
0.4973134717586382,0.4863044033446584,0.3738757704030583,0.13359612990278827,0.12345339979398068,0.21446020541440003,165.83072913554201,0.31506854487312674,0.5685832944858644,0.22250630332741328,0.5220590403023835,0.11666485375205331,0.0,5.967699778793893,0.09143819856138284,Tomato___Tomato_Yellow_Leaf_Curl_Virus
0.4916561863067492,0.46025711397316793,0.3662410114537785,0.14118634928125964,0.14271688337790783,0.1852541976953601,166.90708411601076,0.2892172951783025,0.5428950038898561,0.18370382859024592,0.504207449192154,0.13004462128917033,0.0,6.35479689938032,0.12660970735044536,Tomato___Tomato_Yellow_Leaf_Curl_Virus
0.4078057131412371,0.3490589270987783,0.3872127567063878,0.21003901977200137,0.15252188469636258,0.20144129929791443,117.74018348124514,0.22430753899467823,0.4568453875530336,0.024186123149724674,0.41625355386172497,0.17267137473861033,0.0,6.764587503144549,0.17055501985044536,Tomato___Early_blight
0.40021974059370596,0.3884629319110189,0.2926365171205113,0.1352658050145589,0.13949213053452786,0.17067315814743989,157.32224524882326,0.3396134693707311,0.4708057490337465,0.20515634490761347,0.42633380197917187,0.12416609829703622,0.0,6.207140207499931,0.07727804231138284,Tomato___Tomato_Yellow_Leaf_Curl_Virus
0.5522631427886828,0.47684753040459493,0.49669540269485213,0.23264856655258762,0.18008601541983899,0.23764013884316437,108.56302894022951,0.1762283910597646,0.5880362239826296,0.025823120014997196,0.546939211124527,0.1995850176219111,3223.5527655175842,6.900181984160891,0.28162374543638286,Tomato___Tomato_Yellow_Leaf_Curl_Virus
0.6551114341857776,0.6134228716292653,0.6197817359696934,0.2722588034357511,0.18819086130130108,0.279119264462099,106.63749183085451,0.1820627768124425,0.7270480242717836,0.07303920014414378,0.6718924810830231,0.2200795531872874,4850.077627930181,7.132103578168888,0.31070699738950786,Tomato___Septoria_leaf_spot
0.4416646382453783,0.379894496003655,0.4312021170388768,0.2075246276344739,0.15453223760592755,0.18123155472527497,137.11478675272951,0.14988580537689564,0.4818463173854921,0.008008930819364261,0.4494926502648469,0.1728663862351542,0.0,6.58684320132782,0.10660543488950784,Tomato___Bacterial_spot
0.5046443364265307,0.44717177848008016,0.44277924640289046,0.19041983801979648,0.18120631452071484,0.2379079425121402,79.05600989726076,0.2854120452488744,0.5629461852062319,0.06800656391892024,0.5091351439896699,0.1821614623669749,809.9401040955868,6.576146325633748,0.20798482942075786,Tomato___Leaf_Mold
0.4632242045047625,0.34457701543953756,0.377158347202451,0.20018506068844424,0.15932229037749585,0.19296797750245087,111.83057654765139,0.2577634472931707,0.4807295945633028,-0.030141752226023007,0.4290466179791566,0.17323812550345713,275.92039581490235,6.762380229492303,0.21155538606138286,Tomato___Tomato_Yellow_Leaf_Curl_Virus
0.4987272641303881,0.4803510318198476,0.4262126718293736,0.1288582982506238,0.10419686015116986,0.17879242835293763,183.50889075663576,0.22874617768181202,0.5635466423976991,0.15684879197392054,0.524953561061966,0.10747114276925378,0.0,5.804447250099176,0.08841695832700784,Tomato___Tomato_Yellow_Leaf_Curl_Virus
0.5548034331443652,0.4628393063941274,0.47625699980369307,0.2919555308308088,0.25470159824359234,0.30304829416523926,116.94651282694826,0.26104083848846793,0.5781517473209474,0.015704866485925388,0.537145989173996,0.2704448521737223,2578.369554181672,7.29913052646422,0.25713338899107036,Tomato___Tomato_Yellow_Leaf_Curl_Virus
0.42039141269949515,0.3887034366526876,0.4167009626161168,0.2066101135696851,0.1436107220815402,0.21820515034447663,305.44196570780764,0.22650110913170216,0.4886968580234621,0.06140123678955622,0.4466496577206727,0.16782477206031138,0.0,6.677442587230492,0.11598959016294534,Tomato___Tomato_Yellow_Leaf_Curl_Virus
0.5007245263698443,0.4323428283133779,0.4771811400186131,0.1974334867681943,0.15423045928942974,0.20006794867764466,87.64579261210451,0.1247694362486684,0.5327509788024996,0.007866699235768985,0.5031803419533845,0.17022756940165812,0.0,6.689872650492299,0.13204183625669536,Tomato___Tomato_Yellow_Leaf_Curl_Virus
0.5504685661437854,0.4476200054087911,0.4840453897248814,0.28847485799450506,0.2800613480375987,0.30588020024548523,99.55564368632326,0.20604047370804188,0.5552915183055971,-0.018187295658258724,0.5278040339890595,0.2851041973237162,2118.0965400665023,7.256230897389728,0.21491231965513286,Tomato___Early_blight
0.4207036814334734,0.36691010097649435,0.3386323486100743,0.14278414119143115,0.15264758344161328,0.14675982681761734,149.42301429179201,0.1933717448796117,0.4502040294159029,0.09557086600575038,0.4250505437794801,0.13774573510924631,0.0,6.407032741609826,0.11258688020200784,Tomato___Tomato_Yellow_Leaf_Curl_Virus
0.40626079055098135,0.3639451871314321,0.384854618145139,0.19597038645405399,0.14741726096141156,0.21712654469262116,279.6938883152295,0.25316095543754935,0.4643816200244997,0.057861614959569645,0.42426102065478527,0.165977162182725,0.0,6.5591732375275456,0.13869466828794536,Tomato___Tomato_Yellow_Leaf_Curl_Virus
0.456784727299486,0.403862864772347,0.407067034078748,0.2389199884619199,0.18787099297511395,0.23767505226384156,133.68683875468264,0.2550505120838964,0.5047065464008424,0.0649607218674142,0.46533163093959057,0.20717926031390482,1752.6768593146421,7.030382983136972,0.25733175324888286,Tomato___Tomato_Yellow_Leaf_Curl_Virus
0.5843152424934253,0.4919962296881948,0.46342388136497237,0.13779500145573245,0.14265454437005337,0.2082240396524524,68.73844397929201,0.2640948910797918,0.608627781008539,0.05734005941662378,0.561622159713852,0.1329160228971606,1328.3906343626745,6.2038502601054555,0.21784200715513286,Tomato___Septoria_leaf_spot
0.47529834719923575,0.44121044973519186,0.46396741612067915,0.1246551798667394,0.12633258725869473,0.1293605679060077,272.87485755351076,0.11232027603042957,0.5305388716209505,0.06424177064213343,0.4992767741623994,0.11811192041674905,0.0,6.164510816059275,0.11135091828794534,Tomato___healthy
0.48796212884214957,0.45252835849907735,0.37569004638305403,0.17097124476093875,0.17228576417434033,0.2040210777307605,155.90082801249514,0.2662394960011327,0.5355437246311281,0.1624912507704217,0.4996432831231233,0.1642228931788569,0.0,6.598543930972628,0.09952535676450784,Tomato___Tomato_Yellow_Leaf_Curl_Virus
0.4152633568885668,0.3814164112010274,0.41637984259238936,0.16093051452297794,0.12024932231175717,0.1916345768953418,281.77114356425295,0.22000396443260548,0.4897142795074556,0.052276361720891666,0.44080232285891735,0.13497429794112498,0.0,6.311690814973151,0.10900106477232034,Tomato___Tomato_Yellow_Leaf_Curl_Virus
0.46682948085096915,0.3837566087641988,0.43401900274863936,0.21018660087246524,0.15968271966445263,0.18889803824673645,120.54996741679201,0.1515464354838216,0.4937638786781404,-0.01224863530483656,0.4596051146927949,0.17772742813865,0.0,6.594629178168304,0.11899557160825784,Tomato___Bacterial_spot
0.5078559538963183,0.4143887768187795,0.4479922686349461,0.2579944284643613,0.22749642904269513,0.24874125061284058,125.55994666483889,0.21415600372207996,0.5304694024074648,-0.0059840306767504695,0.4914460947457429,0.23840625292102152,2438.754135609693,7.128274107965474,0.24034872102232036,Tomato___Spider_mites Two-spotted_spider_mite
0.4960366508605822,0.4262119243541036,0.43123728377929427,0.20698240418095218,0.18211810167300518,0.2020153814340686,122.05069983866701,0.19465939892185566,0.5299004164684389,0.04623663051638193,0.4929422011319276,0.18775614804068858,1058.659334951169,6.737151835315284,0.21517171906919536,Tomato___Tomato_Yellow_Leaf_Curl_Virus
0.5437625369670733,0.4300670037665639,0.4535160694848607,0.25598895568508734,0.22346134360301312,0.23694771168480866,123.77909339335451,0.2252854127968633,0.5582874861705873,-0.016057889921335507,0.5120149722043152,0.23411392873565012,3261.6094134329774,7.142255563672257,0.25733175324888286,Tomato___Spider_mites Two-spotted_spider_mite
0.4562920949104174,0.39610865811493734,0.3596645627748082,0.2204686703171216,0.20109511788356121,0.22160893318902009,128.96390784647951,0.30595076275719046,0.4962021556842897,0.09734724833283015,0.45522867345248424,0.20397315627375895,2399.384717527167,6.901759835165641,0.27085104035825786,Tomato___Tomato_Yellow_Leaf_Curl_Virus
0.4492775818946703,0.3987771282592092,0.38857958061805464,0.19244977850575076,0.15023313339221295,0.2242275738502597,107.35862220194826,0.25383767677200675,0.4971518662918184,0.08078386260780879,0.45799412035380566,0.165950563609994,0.0,6.7763304909798805,0.16199483918638286,Tomato___Tomato_Yellow_Leaf_Curl_Virus
0.5505555889251574,0.5088986168303762,0.4416673813592503,0.12192716468233693,0.12440590436923321,0.19098417101155274,170.51798499491701,0.20405343366516468,0.5909736004818056,0.14666107668194361,0.5589694549981232,0.10915580099860482,0.0,5.900511693429028,0.07917013215513284,Tomato___Tomato_Yellow_Leaf_Curl_Virus
0.5269775411727771,0.46628332237389425,0.5389897261392186,0.21472619492668735,0.17594000573622998,0.25555014250527375,302.45376075175295,0.20950177503479359,0.6013557163227174,-0.012313921017317105,0.5379992296639557,0.19317234760562235,2640.0964521161236,6.9557329814680084,0.23741903352232036,Tomato___Septoria_leaf_spot
0.5816900751235827,0.49152249197152,0.5348712836038182,0.30041623134274115,0.2954750793741923,0.31063486275921814,106.60886634257326,0.15334254694832203,0.5975848880756471,-0.012429703039793301,0.5687042047921296,0.2984491408471232,0.0,7.188886312899539,0.18134298371763286,Tomato___Late_blight
0.34883639427450736,0.2961571226516042,0.32008016450515486,0.2080454083170377,0.16724373276698407,0.20912836132298462,123.17215979960451,0.29463169170273185,0.40006004247551896,0.04448438807043619,0.35991527342234814,0.18037652677336985,0.0,6.721051626875202,0.12162008332700784,Tomato___Tomato_Yellow_Leaf_Curl_Virus
0.46475133510855277,0.41560673813011983,0.37621462686172225,0.2278282942261182,0.19344015295970257,0.2246352547193622,129.56489051249514,0.3133974392498815,0.5220779922950838,0.11133416368279048,0.47109006547366344,0.19962075060645396,0.0,6.875513935263134,0.22742452668638286,Tomato___Tomato_Yellow_Leaf_Curl_Virus
0.49450090738562186,0.39609485963967184,0.43514964325538374,0.25772912819046606,0.2168993937538844,0.2536625677133655,113.97178138163576,0.2178809661949956,0.5148147788990114,-0.01637412981477194,0.47525032066737377,0.2327269137505656,0.0,6.9908455323272225,0.21297445344419536,Tomato___Tomato_Yellow_Leaf_Curl_Virus
0.4209541103484972,0.3924763808646474,0.39833116872421004,0.13417875040430652,0.1343323725031596,0.14102451143513672,241.06186927226076,0.15222908748043415,0.47976811203843095,0.08675416185173579,0.4469384720269319,0.12866735911408717,2182.3160528904714,6.370214142503472,0.22150411653013286,Tomato___healthy
0.4417708239200457,0.3688027272620473,0.4213153157960484,0.2100784333433591,0.16323733206260022,0.1932593101049518,125.19077552226076,0.14489098084820148,0.4712973681438539,-0.004393946392206478,0.44188644194041454,0.1805926681164866,0.0,6.60624129497469,0.11731710481138284,Tomato___Bacterial_spot
0.46583640786436636,0.4094129810729299,0.4629210267793248,0.13194319624561893,0.12161348636615094,0.13314701257000916,338.6836038914014,0.08597152126682636,0.5054230836380098,0.011155109839769077,0.4776633253041383,0.12204454547206216,3406.538195439703,6.266611444251813,0.24710836457700786,Tomato___healthy
0.4492775818946703,0.3987771282592092,0.38857958061805464,0.19244977850575076,0.15023313339221295,0.2242275738502597,107.35862220194826,0.25383767677200675,0.4971518662918184,0.08078386260780879,0.45799412035380566,0.165950563609994,0.0,6.7763304909798805,0.16199483918638286,Tomato___Tomato_Yellow_Leaf_Curl_Virus
0.34671569081572134,0.32711395720627645,0.2514975999127934,0.13628096152205096,0.12126007552611645,0.17037199077855103,148.62739051249514,0.39170760107887626,0.41138862047081926,0.17710133268150874,0.3696344664040681,0.11733665770331674,0.0,6.155059215600675,0.07274618195982034,Tomato___Tomato_Yellow_Leaf_Curl_Virus
0.5418856165054187,0.5185308466353689,0.4349743757974217,0.14164828527826892,0.13681680585610684,0.20329877374421113,162.34397376444826,0.2413238306130254,0.6013380733478639,0.18128835036072322,0.5612682869378205,0.12815561598578745,0.0,6.328664165615889,0.10526266145200784,Tomato___Tomato_Yellow_Leaf_Curl_Virus
0.500415714705263,0.4986591945090566,0.37644321067443587,0.12422636170048344,0.1269112813042384,0.18379005429993622,172.27717078593264,0.3128335495079839,0.5811503973949526,0.2415460534265954,0.5305315723363038,0.11050131624976449,0.0,6.021160460902168,0.07711019563169534,Tomato___Tomato_Yellow_Leaf_Curl_Virus
0.4823671004417284,0.39468497137215475,0.47094288809409834,0.1842850150551282,0.1378138127492648,0.19783027110348694,42.291117319135765,0.1606302727545583,0.5157230940807436,-0.042853283708659935,0.4748751392308351,0.15565892761985117,0.0,6.611762393945508,0.12024679231138284,Tomato___Spider_mites Two-spotted_spider_mite
0.42039141269949515,0.3887034366526876,0.4167009626161168,0.2066101135696851,0.1436107220815402,0.21820515034447663,305.44196570780764,0.22650110913170216,0.4886968580234621,0.06140123678955622,0.4466496577206727,0.16782477206031138,0.0,6.677442587230492,0.11598959016294534,Tomato___Tomato_Yellow_Leaf_Curl_Virus
0.4802757820728167,0.4337310800948415,0.41068998320213057,0.16042621452469455,0.15230126555430706,0.20804364619503968,140.29764808085451,0.18604113353145954,0.5172989216793153,0.09758299960407801,0.49030108951960766,0.1519192353490954,0.0,6.541082312384743,0.08599081086607034,Tomato___Tomato_Yellow_Leaf_Curl_Virus
0.5466201922538623,0.5203269730010305,0.4646610353719304,0.18558427710194217,0.18150728817450817,0.2317080461765384,158.01603186991701,0.21079066587341663,0.6045697775829408,0.1504593677690942,0.5671225359383698,0.17844366735259348,0.0,6.791288544135314,0.08695211457700784,Tomato___Tomato_Yellow_Leaf_Curl_Virus
0.5505555889251574,0.5088986168303762,0.4416673813592503,0.12192716468233693,0.12440590436923321,0.19098417101155274,170.51798499491701,0.20405343366516468,0.5909736004818056,0.14666107668194361,0.5589694549981232,0.10915580099860482,0.0,5.900511693429028,0.07917013215513284,Tomato___Tomato_Yellow_Leaf_Curl_Virus
0.49608108612326224,0.4043080816664968,0.46456808192840315,0.22571225483078586,0.1798321592377406,0.21328748402844422,100.71427405741701,0.1375357527817571,0.5183259693134401,-0.030946336699394512,0.4838976433220979,0.196937975347436,0.0,6.640574673643798,0.16982259797544536,Tomato___Late_blight
0.42039141269949515,0.3887034366526876,0.4167009626161168,0.2066101135696851,0.1436107220815402,0.21820515034447663,305.44196570780764,0.22650110913170216,0.4886968580234621,0.06140123678955622,0.4466496577206727,0.16782477206031138,0.0,6.677442587230492,0.11598959016294534,Tomato___Tomato_Yellow_Leaf_Curl_Virus
0.46682948085096915,0.3837566087641988,0.43401900274863936,0.21018660087246524,0.15968271966445263,0.18889803824673645,120.54996741679201,0.1515464354838216,0.4937638786781404,-0.01224863530483656,0.4596051146927949,0.17772742813865,0.0,6.594629178168304,0.11899557160825784,Tomato___Bacterial_spot
0.46043285938528616,0.37844064931061605,0.3732164834271977,0.25292389113564123,0.19988469655978497,0.21599395213376038,137.09806311991701,0.29224214149368644,0.4952140298832033,0.0443186946085412,0.4476405849400636,0.215961572587884,71.22299577584045,6.895554639766002,0.21266927766294536,Tomato___Tomato_Yellow_Leaf_Curl_Virus
0.540380748236452,0.497167171041039,0.4619648192655156,0.200035989471861,0.14566753681170758,0.24153072772274964,113.01206458476076,0.290371926554569,0.6073161808002565,0.11307539417061396,0.551354723209488,0.1647647441033488,2470.132279483923,6.710844525482003,0.23311605500669536,Tomato___Septoria_leaf_spot
0.4812045714500292,0.3621078143515859,0.4114351902734349,0.18898561615604983,0.15162478263842877,0.179832976439104,102.06681311991701,0.19690847588432667,0.49678306255227067,-0.0473374500998538,0.44862090253268444,0.16408250933924967,781.1399610890962,6.688640341835538,0.23596944856138286,Tomato___Tomato_Yellow_Leaf_Curl_Virus
0.5899945518615588,0.4901375780501638,0.540468517376096,0.18906813878674136,0.1645946788357478,0.20980213222752564,80.48301185038576,0.12904569698227283,0.6086039391506288,-0.029101220903662968,0.5710123350564118,0.17460097080508524,3910.460001534871,6.854592736646964,0.26093282746763286,Tomato___Spider_mites Two-spotted_spider_mite
0.3998255452754839,0.3713093111911092,0.28123322470298506,0.1756027491774045,0.17262352879512127,0.20530251798878663,155.44156897929201,0.40046036435020804,0.455960407589731,0.18264656140122004,0.4148467352334138,0.16883100277224833,0.0,6.733747902690089,0.09027853059263284,Tomato___Tomato_Yellow_Leaf_Curl_Virus
0.5125214478614672,0.44550252060082296,0.4923465286027501,0.2115175725902997,0.20687648530471142,0.2349882238889789,102.78983558085451,0.18771989835155842,0.5548667756069277,0.0072237327567059514,0.5161612501088257,0.2094722211960917,9203.449262623764,7.089057027497471,0.34270467805357036,Tomato___healthy
0.5085849187019214,0.41258424619820455,0.4185954366456578,0.264884457179495,0.22872003789412793,0.2658315413976764,119.53702796366701,0.2946134526814306,0.5325379219997499,0.0190748534968812,0.4872535338345643,0.24195620125571543,2788.8381342052903,7.213435211473106,0.26441183137388286,Tomato___Tomato_Yellow_Leaf_Curl_Virus
0.456784727299486,0.403862864772347,0.407067034078748,0.2389199884619199,0.18787099297511395,0.23767505226384156,133.68683875468264,0.2550505120838964,0.5047065464008424,0.0649607218674142,0.46533163093959057,0.20717926031390482,1752.6768593146421,7.030382983136972,0.25733175324888286,Tomato___Tomato_Yellow_Leaf_Curl_Virus
0.45292046877173026,0.3829018483557973,0.4358736906777928,0.20250055212635623,0.14625641580092724,0.17667919037590973,125.18546546366701,0.13673781050098774,0.48643745455628373,-0.0019038319715540888,0.45515601539050304,0.16652315563002879,0.0,6.49247213551455,0.09799947785825784,Tomato___Bacterial_spot
0.5221261701228961,0.4289625893035207,0.4757669602166722,0.2178814562048398,0.1741234349774104,0.21611047921429627,98.00211585429201,0.1711048353995168,0.5505720821369264,-0.018881186855701733,0.5074340274277802,0.19002484983245188,1001.5922456712883,6.869183562648102,0.17935934113950786,Tomato___Spider_mites Two-spotted_spider_mite
0.5088755211475238,0.4089345941939626,0.4165010486375401,0.2574655415501081,0.21724480267035778,0.24396769342671387,124.40659583476076,0.2796996851052129,0.533449992274103,0.013579342501493168,0.48495932125483715,0.23086829191485697,4868.066373828189,7.244566797815716,0.33197774934263286,Tomato___Tomato_Yellow_Leaf_Curl_Virus
0.41079557153013785,0.35531514982369283,0.405837569070966,0.19012434799332248,0.1381134378479701,0.1752424949194049,134.50080359843264,0.1581539679850423,0.4531819072712038,0.015083748834462833,0.422943132156479,0.1574172646407252,0.0,6.5065953746734735,0.10800924348325784,Tomato___Bacterial_spot
0.4694212100150927,0.4073452959456716,0.42425385458579756,0.16481368262428867,0.12162147338855084,0.1707818919206714,111.66718543437014,0.20108722341907856,0.5191137042987917,0.04210220648560114,0.47311340474520885,0.13369636690656,0.0,6.388627208187898,0.13312521028013286,Tomato___Bacterial_spot
0.49780839892653067,0.42195600370552877,0.46817499740234114,0.14228037763495074,0.14052546645867642,0.1328061634088611,287.1144663181592,0.1511356551731908,0.5320502367961977,-0.0009847767778914454,0.49518464707766735,0.13487693375388438,0.0,6.407576331297463,0.15723409699888286,Tomato___Late_blight
0.4492775818946703,0.3987771282592092,0.38857958061805464,0.19244977850575076,0.15023313339221295,0.2242275738502597,107.35862220194826,0.25383767677200675,0.4971518662918184,0.08078386260780879,0.45799412035380566,0.165950563609994,0.0,6.7763304909798805,0.16199483918638286,Tomato___Tomato_Yellow_Leaf_Curl_Virus
0.5132968744876727,0.43184468249466756,0.46825951678863265,0.19545143861431705,0.1779889750050288,0.2004791015173053,112.82169593241701,0.1806486119116628,0.5450752821910951,0.003219645457597446,0.5056299736443635,0.18269844061175639,4785.561822898077,6.862195723588183,0.29082479524107036,Tomato___Target_Spot
0.5761574527862414,0.4913259754576955,0.539959016872556,0.1428521128382169,0.1360919761227351,0.1382123568440532,331.1211496677686,0.08310274971378681,0.5913914886463258,-0.012377712888387966,0.5675146152917023,0.13605764961282069,0.0,6.345510804766962,0.10271444367857034,Tomato___Late_blight
0.4683187029006823,0.3611004660525594,0.36463725907912947,0.2491855027164899,0.22199275966155346,0.24322759745369904,119.51944983866701,0.32427171064270377,0.482264563177881,0.010331619518132877,0.43884171747599804,0.23121420747081095,453.2890527947761,7.1544494509732495,0.20713033723325786,Tomato___Late_blight
0.454810770476137,0.3740970502295766,0.4585107301007817,0.1760975869383298,0.13472803558575924,0.1865969711328601,8.096232065229515,0.18809202505005237,0.5014088002193544,-0.044040719059972096,0.4531334211770173,0.14723664230147654,1275.7074601343788,6.479794695933938,0.23546590852232036,Tomato___Tomato_mosaic_virus
0.3752298972251757,0.3716065893569265,0.5129245553742955,0.16443254072327243,0.15263865019547757,0.2261749022985553,271.2419382419873,0.30966106248749137,0.5403148678291414,-0.02385458910253458,0.43408002161418163,0.16169470256606394,0.0,6.713713034191979,0.14449300813169536,Tomato___Leaf_Mold
0.40363019915846426,0.3306720862784658,0.3892576132546971,0.21429118532795535,0.16387550409304913,0.20401095984230988,95.15476478007326,0.18272432876480457,0.4348970201957796,-0.010456901056436825,0.4044451286736604,0.18297569161692911,0.0,6.680405047648129,0.10196676301450784,Tomato___Tomato_Yellow_Leaf_Curl_Virus
0.39961764427450736,0.35149100522187093,0.2891125117074559,0.1335367040719472,0.12194034333693798,0.1665743404413318,143.4925638523389,0.3292268831814611,0.4375803020942781,0.1353385783604104,0.4040495326462861,0.1183040932420855,0.0,6.18453105158984,0.07572164582700784,Tomato___Tomato_Yellow_Leaf_Curl_Virus
0.4813675305488451,0.45072567562249044,0.3327056501638005,0.18757785875458347,0.1831457304524165,0.20948716638337128,147.70417273905764,0.3619099576557958,0.5352645066726778,0.20846484972748347,0.49171312355433666,0.17556683427134806,0.0,6.867728866189092,0.07199850129575784,Tomato___Tomato_Yellow_Leaf_Curl_Virus
0.5275366029384478,0.4192604432502065,0.42224282367339827,0.252346113511511,0.21271565433013256,0.25743014750729554,118.14411414530764,0.2978077848042333,0.5422729698169801,0.009828202413650226,0.49725480579768383,0.228322652042306,2948.8541584223,7.136673796012886,0.32205953645200786,Tomato___Tomato_Yellow_Leaf_Curl_Virus
0.49450090738562186,0.39609485963967184,0.43514964325538374,0.25772912819046606,0.2168993937538844,0.2536625677133655,113.97178138163576,0.2178809661949956,0.5148147788990114,-0.01637412981477194,0.47525032066737377,0.2327269137505656,0.0,6.9908455323272225,0.21297445344419536,Tomato___Tomato_Yellow_Leaf_Curl_Virus
0.5211481175067767,0.41964954237130025,0.4753575657140324,0.2724768074240171,0.25931776936518963,0.3099579924131488,26.124369272260765,0.28288147045029044,0.5540436354625795,-0.03611996584918909,0.5016281177941437,0.2656371713284617,3441.674611992524,7.1119785379545615,0.25113668488950786,Tomato___Septoria_leaf_spot
0.44837606164244254,0.43930119375374654,0.27769008619895674,0.1655230226005994,0.1891463386582118,0.1656076872135257,157.58164466288576,0.39812961412323356,0.5216820088375185,0.2736229486635644,0.46887074613009655,0.16149627870360667,0.0,6.721221304202173,0.09659566926450784,Tomato___Tomato_Yellow_Leaf_Curl_Virus
0.41412857385901053,0.3598001311221395,0.36506530983558394,0.21374690551418887,0.160880236582635,0.21828591463814728,120.28159583476076,0.2681377251232946,0.4619684365738008,0.06149302794251032,0.421924369567978,0.18017908638755137,0.0,6.7780224195484,0.11354818391294534,Tomato___Tomato_Yellow_Leaf_Curl_Virus
0.4416646382453783,0.379894496003655,0.4312021170388768,0.2075246276344739,0.15453223760592755,0.18123155472527497,137.11478675272951,0.14988580537689564,0.4818463173854921,0.008008930819364261,0.4494926502648469,0.1728663862351542,0.0,6.58684320132782,0.10660543488950784,Tomato___Bacterial_spot
0.5665033480766162,0.4754757295050893,0.5081859861146519,0.2696688922132932,0.2544561612175685,0.2800966018224811,114.35563147929201,0.171250136622318,0.5833749023426149,-0.0026512183376830104,0.5517017414513703,0.2612528473738795,1447.3742042317476,7.240340794587481,0.23450460481138286,Tomato___Early_blight
0.4207036814334734,0.36691010097649435,0.3386323486100743,0.14278414119143115,0.15264758344161328,0.14675982681761734,149.42301429179201,0.1933717448796117,0.4502040294159029,0.09557086600575038,0.4250505437794801,0.13774573510924631,0.0,6.407032741609826,0.11258688020200784,Tomato___Tomato_Yellow_Leaf_Curl_Virus
0.45759552928236563,0.4040800939002309,0.43921840531936385,0.20892523247856723,0.15289755042064007,0.18705650804291718,143.63798011210451,0.16371435118568775,0.5044292059887026,0.03243293239388056,0.46936680578623974,0.1727218300704127,0.0,6.568328145425362,0.11435689973325784,Tomato___Bacterial_spot
0.43125057431486685,0.3788304934897695,0.37891882999053694,0.23904764670986758,0.20619319255816754,0.23741760490189545,135.27628577616701,0.2747730333889806,0.4785133448589418,0.0685782544187028,0.43979402088557445,0.21724337047377879,3009.706036343328,7.047320403512637,0.26667013215513286,Tomato___Tomato_Yellow_Leaf_Curl_Virus
0.43097520085600455,0.38022086123612264,0.42217600686660506,0.2209024580206357,0.18045760567652996,0.22044668731938355,134.9471536960889,0.1606939901198232,0.46900270852929093,0.028377253549428653,0.4454590847436067,0.19677351123133952,0.0,6.9418709330065145,0.12818136262388286,Tomato___Bacterial_spot
0.6480388662460193,0.6197221885123525,0.481889906955869,0.17024077493805514,0.15818515296447094,0.22276094196091645,157.89707435038576,0.2777238209332311,0.7020271864879701,0.23060231282028743,0.6577557494584199,0.15255759364405924,0.0,6.553094870620084,0.07152547883482034,Tomato___Tomato_Yellow_Leaf_Curl_Virus
0.4627816102149828,0.39251366356995443,0.4375732277165959,0.21152865905422794,0.165284453587411,0.21766569850693696,87.89039100077639,0.16755488706482288,0.4941459146488283,0.0057591311505753515,0.4639403691235658,0.18358400172034556,0.0,6.629930051024598,0.14994039582700786,Tomato___Tomato_Yellow_Leaf_Curl_Virus
0.44145244570997794,0.4270843873420034,0.333054605556638,0.16789448279995547,0.16071006532180127,0.19095658896218293,163.66074622538576,0.33283052039993644,0.5092918721187685,0.200748402612539,0.46594085001383984,0.15456574863234812,0.0,6.600097755584845,0.09180440949888284,Tomato___Tomato_Yellow_Leaf_Curl_Virus
0.40363019915846426,0.3306720862784658,0.3892576132546971,0.21429118532795535,0.16387550409304913,0.20401095984230988,95.15476478007326,0.18272432876480457,0.4348970201957796,-0.010456901056436825,0.4044451286736604,0.18297569161692911,0.0,6.680405047648129,0.10196676301450784,Tomato___Tomato_Yellow_Leaf_Curl_Virus
0.5444710871818408,0.43875694374230245,0.5043747757207463,0.21119825560707675,0.16959452505576428,0.21247626481305115,84.44163001444826,0.13543980015171406,0.5593473759639833,-0.05024517701354437,0.5231257250252839,0.18653534060756022,1782.8156919808548,6.843493480312927,0.20769491242857036,Tomato___Septoria_leaf_spot
0.41762492271689017,0.3443931351104055,0.3901056085359166,0.19090917725224124,0.14145043368804272,0.17508192000638,128.83115638163576,0.16142839384926197,0.44828556451683976,0.0021425001195389745,0.4167804589215394,0.1597157836560374,0.0,6.524908263477505,0.11669149445982034,Tomato___Bacterial_spot
0.5562417528274402,0.5364299426474843,0.4052362178098271,0.14694938827414142,0.1598181861208659,0.177469592669115,174.22223914530764,0.28570750547302604,0.6185131517398927,0.23246850444588252,0.5726773908082123,0.13681454664508158,0.0,6.351364920949573,0.07976522492857034,Tomato___Tomato_Yellow_Leaf_Curl_Virus
0.4418926260116442,0.387750507394341,0.4507660899888585,0.20177979786057101,0.14859357352721508,0.17481714127312653,149.24018348124514,0.12610237491978046,0.4841821638095949,0.003928974258037281,0.45640258693133556,0.16740491694251353,0.0,6.5807755415054086,0.12485494660825784,Tomato___Bacterial_spot
0.5398266932609423,0.40243065456536153,0.4238153134118626,0.23459914345402347,0.20206414039599713,0.21849989531289093,113.47577918437014,0.2749636788452947,0.5502624360073183,-0.03769401462164335,0.49122972988520824,0.21251643902102763,7019.677241507308,7.09680496587778,0.32303609895200786,Tomato___Spider_mites Two-spotted_spider_mite
0.44837606164244254,0.43930119375374654,0.27769008619895674,0.1655230226005994,0.1891463386582118,0.1656076872135257,157.58164466288576,0.39812961412323356,0.5216820088375185,0.2736229486635644,0.46887074613009655,0.16149627870360667,0.0,6.721221304202173,0.09659566926450784,Tomato___Tomato_Yellow_Leaf_Curl_Virus
0.45114460798529227,0.36638736824181417,0.37723794920554854,0.24317963440079318,0.19845242674815472,0.22324315843831055,132.23819983866701,0.2709034402455175,0.48067472848778703,0.025478873389096927,0.43824656509791576,0.21351928716937357,2040.0514155238357,7.107922782123331,0.24336996125669536,Tomato___Late_blight
0.5360099396350726,0.47801464895394186,0.4639990065824101,0.16107803601879703,0.1625233876274806,0.20237996814499848,126.35367835429201,0.19205673230541584,0.5710329857814882,0.07710701598438807,0.5390372743550416,0.16212261921206766,0.0,6.743882828900187,0.14701070832700786,Tomato___Bacterial_spot
0.43097520085600455,0.38022086123612264,0.42217600686660506,0.2209024580206357,0.18045760567652996,0.22044668731938355,134.9471536960889,0.1606939901198232,0.46900270852929093,0.028377253549428653,0.4454590847436067,0.19677351123133952,0.0,6.9418709330065145,0.12818136262388286,Tomato___Bacterial_spot
0.4562920949104174,0.39610865811493734,0.3596645627748082,0.2204686703171216,0.20109511788356121,0.22160893318902009,128.96390784647951,0.30595076275719046,0.4962021556842897,0.09734724833283015,0.45522867345248424,0.20397315627375895,2399.384717527167,6.901759835165641,0.27085104035825786,Tomato___Tomato_Yellow_Leaf_Curl_Virus
0.483373226845537,0.42599406937744955,0.36729038102737166,0.11748622376579869,0.11880517627465542,0.17613823352108948,141.34086097147951,0.25150045944107413,0.5108776238906954,0.12241118027481623,0.48173801803027355,0.10943700081149392,0.0,5.883277893875491,0.07711019563169534,Tomato___Tomato_Yellow_Leaf_Curl_Virus
0.5522631427886828,0.47684753040459493,0.49669540269485213,0.23264856655258762,0.18008601541983899,0.23764013884316437,108.56302894022951,0.1762283910597646,0.5880362239826296,0.025823120014997196,0.546939211124527,0.1995850176219111,3223.5527655175842,6.900181984160891,0.28162374543638286,Tomato___Tomato_Yellow_Leaf_Curl_Virus
0.41412857385901053,0.3598001311221395,0.36506530983558394,0.21374690551418887,0.160880236582635,0.21828591463814728,120.28159583476076,0.2681377251232946,0.4619684365738008,0.06149302794251032,0.421924369567978,0.18017908638755137,0.0,6.7780224195484,0.11354818391294534,Tomato___Tomato_Yellow_Leaf_Curl_Virus
0.4276479503753527,0.376285583774117,0.3818219636212895,0.20210738498825656,0.14715278770196255,0.21762095031987183,113.48130286601076,0.2531284411038244,0.4756299105632875,0.06418791039499827,0.43755389952098095,0.16840497857371622,0.0,6.688108085474133,0.13547506379575786,Tomato___Tomato_Yellow_Leaf_Curl_Virus
0.5791931769492968,0.491091788808373,0.5344665084611485,0.21121732909340488,0.18679515893924054,0.22903307912598603,91.60230506327639,0.13234478426826832,0.5985879150379274,-0.010389275861648846,0.5676586201134797,0.1977026135329371,5765.505112598739,7.052342098927043,0.30214681672544536,Tomato___Spider_mites Two-spotted_spider_mite
0.46682948085096915,0.3837566087641988,0.43401900274863936,0.21018660087246524,0.15968271966445263,0.18889803824673645,120.54996741679201,0.1515464354838216,0.4937638786781404,-0.01224863530483656,0.4596051146927949,0.17772742813865,0.0,6.594629178168304,0.11899557160825784,Tomato___Bacterial_spot
0.539991321289812,0.45932361582901815,0.5105829571019719,0.18816044945377933,0.1849520939158183,0.2034083270813083,76.05869544413576,0.14188462687385914,0.5662994233120058,-0.010840341461567211,0.5345666577759858,0.18614175623694712,10026.786019864814,6.941188192288452,0.36669149445982036,Tomato___healthy
0.6291815063598498,0.5113398442664419,0.6364519034158299,0.18706288952488528,0.1860792624520045,0.2223646008754825,355.11350501444826,0.17114931536568043,0.6748639789569948,-0.12186687813487462,0.6061170866433259,0.1851243198517924,4812.103458163418,6.910830878180096,0.26543417024107036,Tomato___Septoria_leaf_spot
0.4059392234924181,0.37201696733620504,0.38376990301719405,0.17810289580483066,0.13088153924214657,0.1912477576519107,185.4585062351514,0.20869669509781238,0.4589193609703157,0.07541150225910731,0.42877935075198376,0.1481193498376971,0.0,6.407597106424102,0.12688436555357036,Tomato___Early_blight
0.5232084712627276,0.43768954376366476,0.4678730998765538,0.21693335492272006,0.1760060774849635,0.20857296524296753,110.36344397929201,0.16564586950195667,0.5526639071453188,0.005384188132615757,0.5119804015103455,0.1895680398348933,1898.11483007981,6.807438217370127,0.26125326203794536,Tomato___Leaf_Mold
0.45055511804846365,0.3521143207946096,0.3591401611100743,0.27330762166638006,0.24009278293120678,0.26239484188805573,129.5009867039014,0.3432177026356542,0.4720548239696596,0.01562013848337717,0.42762886189852917,0.2511309058074122,3840.7254206362136,7.140246832356214,0.27175130891294536,Tomato___Spider_mites Two-spotted_spider_mite
0.5041038117053851,0.41614434222367147,0.4557468925248692,0.2154633106674634,0.16612844045626934,0.20488293109189026,104.07688392069826,0.17542153788460133,0.5361134556282137,-0.006475251180795956,0.49223871731196606,0.18295719927588755,1211.2670378157359,6.724400441610417,0.24333944367857036,Tomato___Leaf_Mold
0.3775099238994463,0.3599895546832357,0.28561547739616133,0.16803579051155673,0.16140262659060772,0.18773422775517457,158.55536902812014,0.35563537670029044,0.44234938893204667,0.1779404021671731,0.40202929281626903,0.15776319509784037,0.0,6.499196648460835,0.09114828156919534,Tomato___Tomato_Yellow_Leaf_Curl_Virus
0.5072431585433825,0.47384977440026144,0.4148604307900975,0.12372493017572987,0.11334474261271771,0.18433755276452057,162.1523538914014,0.2277868707264745,0.5570747104633424,0.14668262376102992,0.5223893990460511,0.10945978468695931,0.0,6.028711397875098,0.12583150910825786,Tomato___Tomato_Yellow_Leaf_Curl_Virus
0.5418875536563739,0.444435716668633,0.5165000592004368,0.18462665397781955,0.14069400604235943,0.1926862114454364,54.966715463667015,0.1582033951367223,0.5723426190364931,-0.04842950870629959,0.5270689299050446,0.1550516904000407,2839.099234453724,6.4825298986749065,0.24770345735044536,Tomato___Tomato_mosaic_virus
0.46578094574240286,0.4128379831710134,0.4803082381021092,0.20911897737640964,0.2085821020172816,0.2321466469551181,248.30411780741701,0.19744423223389027,0.5339078453529451,0.0006734654179532049,0.4816393425408479,0.20913879281321818,13904.015004126677,7.11071104357946,0.38359823274107036,Tomato___healthy
0.42039141269949515,0.3887034366526876,0.4167009626161168,0.2066101135696851,0.1436107220815402,0.21820515034447663,305.44196570780764,0.22650110913170216,0.4886968580234621,0.06140123678955622,0.4466496577206727,0.16782477206031138,0.0,6.677442587230492,0.11598959016294534,Tomato___Tomato_Yellow_Leaf_Curl_Virus
0.483373226845537,0.42599406937744955,0.36729038102737166,0.11748622376579869,0.11880517627465542,0.17613823352108948,141.34086097147951,0.25150045944107413,0.5108776238906954,0.12241118027481623,0.48173801803027355,0.10943700081149392,0.0,5.883277893875491,0.07711019563169534,Tomato___Tomato_Yellow_Leaf_Curl_Virus
0.4492775818946703,0.3987771282592092,0.38857958061805464,0.19244977850575076,0.15023313339221295,0.2242275738502597,107.35862220194826,0.25383767677200675,0.4971518662918184,0.08078386260780879,0.45799412035380566,0.165950563609994,0.0,6.7763304909798805,0.16199483918638286,Tomato___Tomato_Yellow_Leaf_Curl_Virus
0.4991026243808611,0.4577903161444936,0.440493467880399,0.1593059005226575,0.14660496141183194,0.20076800523053162,165.24640906718264,0.18316762340916035,0.5424217430103395,0.09707127882752009,0.5134506394806977,0.14905547803679758,0.0,6.422001688592617,0.08925619172544534,Tomato___Tomato_Yellow_Leaf_Curl_Virus
0.5211481175067767,0.41964954237130025,0.4753575657140324,0.2724768074240171,0.25931776936518963,0.3099579924131488,26.124369272260765,0.28288147045029044,0.5540436354625795,-0.03611996584918909,0.5016281177941437,0.2656371713284617,3441.674611992524,7.1119785379545615,0.25113668488950786,Tomato___Septoria_leaf_spot
0.5991238972785815,0.5116329799094472,0.5310881767999241,0.2708250137056791,0.24938067670333203,0.2779644244695758,122.56897986796389,0.16853827429664966,0.615515455340204,0.014140512781472873,0.5852904488984223,0.25846108502188975,0.0,7.195408674485563,0.17888631867857036,Tomato___Late_blight
0.45781147691038687,0.39616677264359335,0.43008512599578597,0.24028569478649722,0.20162166531550701,0.22101764021168702,137.12702430155764,0.1737729330147588,0.49977000031357743,0.02552362902674265,0.46374504470263683,0.21389814919272715,0.0,6.8426262016081285,0.17139425324888286,Tomato___Tomato_Yellow_Leaf_Curl_Virus
0.42731794925955374,0.35988164047386983,0.40298042042365767,0.20449407417435275,0.1437087717221957,0.18352797267685883,125.04246009257326,0.1746869702423894,0.465341910456476,0.010551650064321232,0.43023814463053905,0.166041117966569,0.0,6.433833502335826,0.08618917512388284,Tomato___Bacterial_spot
0.41080111476210196,0.35158935288575033,0.38991794331184126,0.19171223063130008,0.14350037898289975,0.1868983173156833,118.54700721171389,0.17237873566997883,0.4509759095657442,0.02354632689270563,0.4189429154339906,0.1614129067067271,0.0,6.5492455661007005,0.10210409211607034,Tomato___Bacterial_spot
0.4562920949104174,0.39610865811493734,0.3596645627748082,0.2204686703171216,0.20109511788356121,0.22160893318902009,128.96390784647951,0.30595076275719046,0.4962021556842897,0.09734724833283015,0.45522867345248424,0.20397315627375895,2399.384717527167,6.901759835165641,0.27085104035825786,Tomato___Tomato_Yellow_Leaf_Curl_Virus
0.5196193477752551,0.44321304659035543,0.4741456542741368,0.16521984357494937,0.16357208664882,0.18767884013901703,281.5505319919873,0.17418194008720753,0.5520691123951051,0.01374785973343439,0.5148647000733491,0.16278731530944163,0.0,6.768681412079168,0.14458456086607036,Tomato___Late_blight
0.4916561863067492,0.46025711397316793,0.3662410114537785,0.14118634928125964,0.14271688337790783,0.1852541976953601,166.90708411601076,0.2892172951783025,0.5428950038898561,0.18370382859024592,0.504207449192154,0.13004462128917033,0.0,6.35479689938032,0.12660970735044536,Tomato___Tomato_Yellow_Leaf_Curl_Virus
0.4417708239200457,0.3688027272620473,0.4213153157960484,0.2100784333433591,0.16323733206260022,0.1932593101049518,125.19077552226076,0.14489098084820148,0.4712973681438539,-0.004393946392206478,0.44188644194041454,0.1805926681164866,0.0,6.60624129497469,0.11731710481138284,Tomato___Bacterial_spot
0.42039141269949515,0.3887034366526876,0.4167009626161168,0.2066101135696851,0.1436107220815402,0.21820515034447663,305.44196570780764,0.22650110913170216,0.4886968580234621,0.06140123678955622,0.4466496577206727,0.16782477206031138,0.0,6.677442587230492,0.11598959016294534,Tomato___Tomato_Yellow_Leaf_Curl_Virus
0.5011092743518695,0.41279235581543783,0.39198851926437117,0.2589337082590543,0.2334692018793803,0.26159871754895203,124.76755774882326,0.34744811249626517,0.5323602405536745,0.05357359720978327,0.4821072986069795,0.24113748675624186,3430.826070329496,7.1774188080712165,0.30049886750669536,Tomato___Tomato_Yellow_Leaf_Curl_Virus
0.602219583714281,0.5124326358237539,0.5615059767495701,0.21361547727245914,0.18364889796244915,0.21371711430798523,109.70612586405764,0.10937586618317005,0.6248956171024416,-0.017773512763647366,0.5901531150284882,0.19509760743418986,4542.16042495458,7.0068362409646845,0.27394857453794536,Tomato___Target_Spot
0.5405110141876086,0.44850996235993246,0.5259152386914799,0.1523302348341428,0.12984382982718762,0.19692514477025025,9.28589881327639,0.17418599320305225,0.5826964226711366,-0.04831963406291418,0.5301222970429535,0.13536110973397547,0.0,6.228447507085409,0.10984029817075784,Tomato___Septoria_leaf_spot
0.43531018706587393,0.3855569074549947,0.4979772601853917,0.16277396697659122,0.16033150132167157,0.20478711662541382,279.5059000339795,0.21695903135193226,0.5328267065036867,-0.041086967115966606,0.4585288634244081,0.1624044299725657,0.0,6.688140753004748,0.19535055207700786,Tomato___Late_blight
0.4802757820728167,0.4337310800948415,0.41068998320213057,0.16042621452469455,0.15230126555430706,0.20804364619503968,140.29764808085451,0.18604113353145954,0.5172989216793153,0.09758299960407801,0.49030108951960766,0.1519192353490954,0.0,6.541082312384743,0.08599081086607034,Tomato___Tomato_Yellow_Leaf_Curl_Virus
0.4679609558227404,0.4110683808722768,0.47078103168121077,0.23188982922691928,0.19180150206553753,0.21853208182106965,124.92664588358889,0.11344178212536213,0.5017715540874574,0.004481341677041721,0.4801662733498689,0.20685289508143717,0.0,6.821654930794088,0.13317098664732036,Tomato___Bacterial_spot
0.5230002126338824,0.46164226631310323,0.5131606195699284,0.20822063107151614,0.18692743654715832,0.24788325665246003,330.737711557417,0.1991966981972539,0.5815508810031984,0.008210346089931202,0.5311411490384217,0.1962811768654948,2529.6734958189495,6.848296000252645,0.23786153840513286,Tomato___Leaf_Mold
0.46043285938528616,0.37844064931061605,0.3732164834271977,0.25292389113564123,0.19988469655978497,0.21599395213376038,137.09806311991701,0.29224214149368644,0.4952140298832033,0.0443186946085412,0.4476405849400636,0.215961572587884,71.22299577584045,6.895554639766002,0.21266927766294536,Tomato___Tomato_Yellow_Leaf_Curl_Virus
0.6454012415054187,0.549780012170342,0.5493913923036168,0.16264244932789432,0.14758804316985424,0.22159647581826203,84.44010413554201,0.1939678360308492,0.6672365513790224,0.02585406227621622,0.623606281513321,0.1527427256707316,0.0,6.490177003833354,0.15654745149107036,Tomato___Septoria_leaf_spot
0.4433949610832079,0.39520982007172445,0.34906345946899153,0.13861074317354785,0.1389129373000842,0.18153491256485932,146.32929480937014,0.2461133916462743,0.4786017385471437,0.11904800309452601,0.4496362974587556,0.13470311915913874,0.0,6.396340656275444,0.07062521028013284,Tomato___Tomato_Yellow_Leaf_Curl_Virus
0.5103912970664843,0.46209704975273946,0.36947414620033003,0.12242523599524129,0.12214702244269665,0.15410457191716187,175.52656043437014,0.3113048691834295,0.555218562220392,0.16541527582916804,0.5112578442040558,0.10861983603278451,0.0,6.016540354469562,0.13957967805357036,Tomato___Bacterial_spot
0.5227082988860949,0.4429454813399587,0.4880974922906468,0.23887918908257114,0.21592077489363964,0.24456408260117524,103.72446692851076,0.16482338500870106,0.5545820442188356,-0.0038280598947089198,0.5172216763440247,0.2239044130448466,4693.625621142886,7.212175629807449,0.29384603547544536,Tomato___Target_Spot
0.6185320636871203,0.5597171197333608,0.5944337878953526,0.2698510887112104,0.2060118454264384,0.2790603750730609,88.54728186991701,0.15653740061176655,0.6675859538066957,0.02755520118984766,0.6265403201523896,0.23189001983443552,3790.0716116587587,7.035808147945753,0.25838460969419536,Tomato___Septoria_leaf_spot
0.6733841321113452,0.6254615197577749,0.5632108484040806,0.11720515061277974,0.13319823767411526,0.17993420002709382,154.2492777195264,0.14989519310844776,0.707657322024164,0.1354146636894662,0.6779735853615876,0.11097219294349008,0.0,5.4602583731379095,0.08650960969419534,Tomato___Tomato_Yellow_Leaf_Curl_Virus
0.5229740163925036,0.43238550523903707,0.42575162990203597,0.16690804083008395,0.13717770452964123,0.17731609580765717,90.22428382304201,0.23942169738663074,0.5519074645984743,0.03713190926823206,0.5039949586335297,0.13876892334262186,0.0,6.368592255260145,0.11231222199888284,Tomato___Septoria_leaf_spot
0.5868492147567614,0.49153220752861837,0.5302352045308659,0.22877195496220218,0.17479887481200512,0.22372470436345093,104.22584021952639,0.1538538802946889,0.615559503172693,-0.012933302683500576,0.569723921054947,0.19489900475779826,0.0,6.8495104893916645,0.11180868195982034,Tomato___Target_Spot
0.3752298972251757,0.3716065893569265,0.5129245553742955,0.16443254072327243,0.15263865019547757,0.2261749022985553,271.2419382419873,0.30966106248749137,0.5403148678291414,-0.02385458910253458,0.43408002161418163,0.16169470256606394,0.0,6.713713034191979,0.14449300813169536,Tomato___Leaf_Mold
0.48757100316313345,0.4030941138663564,0.4195846055280278,0.24410082418579684,0.20219616468417462,0.22641339538346283,126.47117103007326,0.21874386263740894,0.5149250176895235,0.020119268434377384,0.47551240229045116,0.21581566041747385,0.0,6.836550174557078,0.17435445832700786,Tomato___Tomato_Yellow_Leaf_Curl_Virus
0.5352225920799121,0.43458473781731466,0.47186473353019454,0.2226928623403989,0.17706967766749676,0.22346436617623322,104.75855506327639,0.19474318815124866,0.5590528694141481,-0.01683123783555441,0.514205144876587,0.1943868667487269,2755.6235324042805,6.892453685633081,0.25676717805357036,Tomato___Tomato_Yellow_Leaf_Curl_Virus
0.4721477052810534,0.4157967577376638,0.4664859805833409,0.24368080515522586,0.2145274716185313,0.26218917606125824,303.96914161112795,0.19214056623829243,0.5241135207164858,0.014046501355500889,0.4837041070405122,0.22664816385546976,2446.4654894295104,7.163927658646157,0.24352254914732036,Tomato___Septoria_leaf_spot
0.4468401095512255,0.37896522978928426,0.4299251769315312,0.24384680409092532,0.19392309959399517,0.22168799875031464,139.3164163914014,0.16073893202198383,0.48020820293313005,0.002252001302571964,0.45034904980097973,0.2120853633288508,0.0,6.6782473764712265,0.11547079133482034,Tomato___Bacterial_spot
0.6480388662460193,0.6197221885123525,0.481889906955869,0.17024077493805514,0.15818515296447094,0.22276094196091645,157.89707435038576,0.2777238209332311,0.7020271864879701,0.23060231282028743,0.6577557494584199,0.15255759364405924,0.0,6.553094870620084,0.07152547883482034,Tomato___Tomato_Yellow_Leaf_Curl_Virus
0.621220888817583,0.5199364433684621,0.5391067300569127,0.2295745911087476,0.18948423738944348,0.2544280999685382,89.86936438944826,0.20603415561569569,0.6481816020954225,0.0006318203977066991,0.5976856520119782,0.20385127967635447,3428.956140510128,6.940327196719488,0.25308980988950786,Tomato___Septoria_leaf_spot
0.5230002126338824,0.46164226631310323,0.5131606195699284,0.20822063107151614,0.18692743654715832,0.24788325665246003,330.737711557417,0.1991966981972539,0.5815508810031984,0.008210346089931202,0.5311411490384217,0.1962811768654948,2529.6734958189495,6.848296000252645,0.23786153840513286,Tomato___Leaf_Mold
0.6123111865165576,0.5285097370543752,0.5651581321488927,0.20016522724289523,0.18594869847762402,0.22477288184414856,79.07184852030764,0.12191428435696003,0.6322829571712587,0.0006368495396096227,0.6030241420212861,0.19243588751593882,3884.9718922330953,6.961856849808988,0.27294149445982036,Tomato___Spider_mites Two-spotted_spider_mite
0.4817304334285601,0.4475774178900991,0.4692608748208592,0.22832451779503452,0.17831733699309643,0.24747079251061432,204.12638343241701,0.18795636487854359,0.5405910161483858,0.06525028123173304,0.505540924305069,0.20130505865851694,0.0,6.840142715642875,0.08713522004575784,Tomato___Late_blight
0.5269510469081744,0.4186992655196462,0.4522919688951085,0.2647676469768964,0.22756327565181073,0.2510678732181644,118.51377356913576,0.21653425885094044,0.5403085795391176,-0.020757772041229534,0.5001759400311585,0.2410639942292338,4448.931865398861,7.185591905542306,0.30472555207700786,Tomato___Tomato_Yellow_Leaf_Curl_Virus
0.5005848428848132,0.44249725441124776,0.3690555129777501,0.16278047878403293,0.1762622880505305,0.1890064590955829,160.87723792460451,0.24625617457283375,0.5273160782802675,0.1364408619574029,0.49677284264003,0.1589339346293574,0.0,6.560955098179382,0.10346212434263284,Tomato___Bacterial_spot
0.5672465583923205,0.47395682434227804,0.5213968191873143,0.20767271537441837,0.16906288142669018,0.20994285879384034,103.51709998515139,0.13004668248546955,0.5887790170658205,-0.01964304224934988,0.5525383522454377,0.1845311344269877,1538.8534696533766,6.8745745228835204,0.21833028840513286,Tomato___Target_Spot
0.47602758022574027,0.36280569533493856,0.4304909144174168,0.171471536346861,0.15896107132899578,0.15782418487320893,345.44123328593264,0.28112283540619254,0.5288237181652162,-0.059820516047744084,0.4496549537125703,0.14554053252974802,0.0,6.442053223551987,0.10865011262388284,Tomato___Septoria_leaf_spot
0.40632087203291495,0.3523416529097829,0.39635578138938643,0.22700029630322086,0.17515899117457684,0.2010911369110202,155.82377112772951,0.19545170856369373,0.45256893310433366,0.02309341354879923,0.41877885364924633,0.1931187332276469,0.0,6.7355287786926175,0.11696615266294534,Tomato___Bacterial_spot
0.5230002126338824,0.46164226631310323,0.5131606195699284,0.20822063107151614,0.18692743654715832,0.24788325665246003,330.737711557417,0.1991966981972539,0.5815508810031984,0.008210346089931202,0.5311411490384217,0.1962811768654948,2529.6734958189495,6.848296000252645,0.23786153840513286,Tomato___Leaf_Mold
0.34883639427450736,0.2961571226516042,0.32008016450515486,0.2080454083170377,0.16724373276698407,0.20912836132298462,123.17215979960451,0.29463169170273185,0.40006004247551896,0.04448438807043619,0.35991527342234814,0.18037652677336985,0.0,6.721051626875202,0.12162008332700784,Tomato___Tomato_Yellow_Leaf_Curl_Virus
0.42039141269949515,0.3887034366526876,0.4167009626161168,0.2066101135696851,0.1436107220815402,0.21820515034447663,305.44196570780764,0.22650110913170216,0.4886968580234621,0.06140123678955622,0.4466496577206727,0.16782477206031138,0.0,6.677442587230492,0.11598959016294534,Tomato___Tomato_Yellow_Leaf_Curl_Virus
0.39704475017813284,0.3190004835524831,0.31964883549323775,0.21920758504528629,0.1897617566155177,0.20425545809517853,132.50336707499514,0.31150934291733146,0.428529485796747,0.042394097881646824,0.38768942856227123,0.19805401271621043,1004.0687108180441,6.950870879327062,0.21567525910825786,Tomato___Late_blight
0.5072431585433825,0.47384977440026144,0.4148604307900975,0.12372493017572987,0.11334474261271771,0.18433755276452057,162.1523538914014,0.2277868707264745,0.5570747104633424,0.14668262376102992,0.5223893990460511,0.10945978468695931,0.0,6.028711397875098,0.12583150910825786,Tomato___Tomato_Yellow_Leaf_Curl_Virus
0.5477674028518542,0.44425597886231283,0.4911904071103642,0.2064913811172925,0.1684139805601817,0.20904746291886322,98.51578772929201,0.15231552911651966,0.5651012507427309,-0.02935918421831541,0.5258362164441224,0.18324163264075571,0.0,6.641290949346524,0.17644491242857036,Tomato___Late_blight
0.4170764705779894,0.3573821792998586,0.39705032451263167,0.22871638853211032,0.18347748990523632,0.2202622407461261,126.87327063944826,0.18817368341339466,0.4536076930511568,0.02172425760540552,0.42503275179301464,0.20065885490218455,0.0,6.970585277111261,0.17630758332700786,Tomato___Tomato_Yellow_Leaf_Curl_Virus
0.43326112839010794,0.37529611686852316,0.42957625134101607,0.2050543876375638,0.15248650188910778,0.18842625258217804,110.77570594218264,0.14129197789085743,0.4725413766849611,0.0088415332010705,0.4440953900757905,0.17176736599246317,0.0,6.547159241398705,0.09638204621763284,Tomato___Bacterial_spot
0.5250137171390399,0.43822795251992086,0.45409453256240584,0.2009558828558408,0.16262414927947338,0.21067262826214783,99.08970130351076,0.21115103555572864,0.5583577004421327,0.018434461193414402,0.5112655630055543,0.174172398507989,2673.645605301806,6.728363121497604,0.29743185090513286,Tomato___Leaf_Mold
0.46862855764654715,0.4283568272986684,0.4775738154183934,0.2140825094665967,0.16655181224810894,0.19910078881035798,151.62369788554201,0.1212308724011266,0.5156335977066133,0.03159800543102808,0.49128861927424633,0.18462565249244028,0.0,6.693249355051904,0.10747518586607034,Tomato___Bacterial_spot
0.5237373134734973,0.4651792655387197,0.449049535823972,0.10287348199743855,0.12353188420998867,0.14552890894661896,147.44040931132326,0.12290211213482258,0.548414751623926,0.07865837587627955,0.5261291732731934,0.10186368680039697,0.0,5.60360539381206,0.07639303254575784,Tomato___Tomato_Yellow_Leaf_Curl_Virus
0.5817491433265551,0.4856512556472097,0.4870858524571965,0.1823760123934232,0.15904366846549328,0.23155241844902985,75.71732581522951,0.24865755630386707,0.608429535960016,0.02355422450813837,0.5598278810921784,0.16524877852240855,2024.6086980077393,6.586312083766329,0.23534383820982036,Tomato___Septoria_leaf_spot
0.4638049921634539,0.3971471200385366,0.4334148202668736,0.2649747433151685,0.23544628794658,0.26912365494023316,125.31742347147951,0.24450460267914173,0.5102640536773775,0.01816111429247446,0.4664921333733674,0.24536353057662302,3795.20543009331,7.265140647232434,0.26132955598325786,Tomato___Target_Spot
0.4975067994239672,0.4662083993354116,0.5720645223390172,0.17140835542339908,0.17857955272662457,0.2400027477527713,272.42377723124514,0.29258147073639273,0.6427497116077516,-0.016067873699335385,0.5329140593949433,0.17391524916926676,0.0,6.708132003999699,0.15532674836607036,Tomato___Leaf_Mold
0.47529834719923575,0.44121044973519186,0.46396741612067915,0.1246551798667394,0.12633258725869473,0.1293605679060077,272.87485755351076,0.11232027603042957,0.5305388716209505,0.06424177064213343,0.4992767741623994,0.11811192041674905,0.0,6.164510816059275,0.11135091828794534,Tomato___healthy
0.4241390845420702,0.3597548017897878,0.39736843450179793,0.21124032158512698,0.15705014641749676,0.1898306572223758,137.97281897929201,0.18639770341766712,0.46379463348275163,0.01908885313782282,0.4285734167042848,0.1761908800009852,0.0,6.681380399221517,0.10794820832700784,Tomato___Bacterial_spot
0.5846254250648364,0.4663931737342153,0.45621639831176497,0.21760907787937747,0.1963039028214198,0.24981908140431397,109.83863318827639,0.2744286973561132,0.5932712403286073,0.01303118093523569,0.5458643009606476,0.2056105852727061,5745.555697654463,7.023327869664945,0.34801473664732036,Tomato___Tomato_Yellow_Leaf_Curl_Virus
0.46028587433127005,0.38456040720131734,0.4199044738542149,0.2858483793224775,0.26879587645995434,0.2959613615060901,117.96018470194826,0.2154655177677953,0.4788918939579103,0.010017108159394932,0.45651133560572826,0.27682608073989207,1029.4617066672959,7.440156469369371,0.19914999055357036,Tomato___Early_blight
0.534414829933916,0.39917060832169393,0.4144787524472783,0.23428624887127505,0.20067790027129467,0.21568761406193726,117.47141517069826,0.2796023805226171,0.5459304896343324,-0.02946575732317381,0.4866335859242555,0.210835155904687,5004.906200657688,7.030898946645731,0.28728475617857036,Tomato___Spider_mites Two-spotted_spider_mite
0.5011092743518695,0.41279235581543783,0.39198851926437117,0.2589337082590543,0.2334692018793803,0.26159871754895203,124.76755774882326,0.34744811249626517,0.5323602405536745,0.05357359720978327,0.4821072986069795,0.24113748675624186,3430.826070329496,7.1774188080712165,0.30049886750669536,Tomato___Tomato_Yellow_Leaf_Curl_Virus
0.6585636756065234,0.5448503504195485,0.5716736946832249,0.2355213465179883,0.22219762082564648,0.252413924911127,105.08817542460451,0.14968976570022938,0.6655837741840456,-0.019450061036018658,0.6271883418503876,0.22863483136931712,4689.226942672483,7.148523920427593,0.28932943391294536,Tomato___Late_blight
0.4772714993598803,0.4114562282958303,0.3674604926835606,0.11332448590654957,0.09641288097369488,0.1585959309125995,111.47992957499514,0.30887103272331595,0.5273727622974489,0.09926709903988429,0.4713992645684358,0.08671340054312997,0.0,5.433704323903347,0.09268941926450784,Tomato___Septoria_leaf_spot
0.43125057431486685,0.3788304934897695,0.37891882999053694,0.23904764670986758,0.20619319255816754,0.23741760490189545,135.27628577616701,0.2747730333889806,0.4785133448589418,0.0685782544187028,0.43979402088557445,0.21724337047377879,3009.706036343328,7.047320403512637,0.26667013215513286,Tomato___Tomato_Yellow_Leaf_Curl_Virus
0.5404043814781054,0.5060532102980886,0.4246134196054051,0.10888230074305165,0.1420797246264201,0.1640067511583423,164.59073890116701,0.22221124363792774,0.5899929848659609,0.16817546262058802,0.5523199012223359,0.11292003548184686,0.0,6.019499900408455,0.08272543000669534,Tomato___Tomato_Yellow_Leaf_Curl_Virus
0.40043533059385855,0.3564634631076131,0.3442568217050145,0.17198827881474124,0.13147181894051846,0.1785633677030658,135.31290686991701,0.2654919345463598,0.4537871328342531,0.08932146801266261,0.41349928283129894,0.14444692885915095,0.0,6.52376447052279,0.13098897981138286,Tomato___Bacterial_spot
0.43386998983648856,0.39465224842217306,0.3305950198899815,0.17188200373310672,0.17851421113478955,0.20056083438645356,159.78110755351076,0.26846018625152945,0.4771242884147737,0.14592607690605708,0.4443555941525575,0.16822550898829752,0.0,6.64143255797098,0.07834615754575784,Tomato___Tomato_Yellow_Leaf_Curl_Virus
0.4468401095512255,0.37896522978928426,0.4299251769315312,0.24384680409092532,0.19392309959399517,0.22168799875031464,139.3164163914014,0.16073893202198383,0.48020820293313005,0.002252001302571964,0.45034904980097973,0.2120853633288508,0.0,6.6782473764712265,0.11547079133482034,Tomato___Bacterial_spot
0.3998255452754839,0.3713093111911092,0.28123322470298506,0.1756027491774045,0.17262352879512127,0.20530251798878663,155.44156897929201,0.40046036435020804,0.455960407589731,0.18264656140122004,0.4148467352334138,0.16883100277224833,0.0,6.733747902690089,0.09027853059263284,Tomato___Tomato_Yellow_Leaf_Curl_Virus
0.568578602993761,0.4446348259845052,0.4771100316773961,0.22152479011673556,0.19540811951625164,0.23283221957932465,104.88019812968264,0.21240651799095508,0.5789909211147402,-0.035332371493546295,0.5306759645882722,0.20620642310420328,2424.555777260191,7.0136439271063615,0.28165426301450786,Tomato___Tomato_Yellow_Leaf_Curl_Virus
0.49550366612700064,0.4137057373919759,0.45731753451934554,0.23819935340542422,0.19412223871218975,0.22381724057446473,127.12009681132326,0.17019453836334583,0.5254430321205232,-0.004323042941955853,0.48841487073336803,0.21001030212680155,1916.5317514008798,7.128312820610812,0.23415365266294536,Tomato___Spider_mites Two-spotted_spider_mite
0.5269510469081744,0.4186992655196462,0.4522919688951085,0.2647676469768964,0.22756327565181073,0.2510678732181644,118.51377356913576,0.21653425885094044,0.5403085795391176,-0.020757772041229534,0.5001759400311585,0.2410639942292338,4448.931865398861,7.185591905542306,0.30472555207700786,Tomato___Tomato_Yellow_Leaf_Curl_Virus
0.48758137437132437,0.462666929761437,0.3908285532723973,0.12209091354269612,0.13283100600707348,0.16346555588494294,166.17341102030764,0.235088529118427,0.5451378670681093,0.1680105663708169,0.5072065463009949,0.11438021516839318,0.0,5.978574377797761,0.12073507356138284,Tomato___Tomato_Yellow_Leaf_Curl_Virus
0.4817304334285601,0.4475774178900991,0.4692608748208592,0.22832451779503452,0.17831733699309643,0.24747079251061432,204.12638343241701,0.18795636487854359,0.5405910161483858,0.06525028123173304,0.505540924305069,0.20130505865851694,0.0,6.840142715642875,0.08713522004575784,Tomato___Late_blight
0.5761574527862414,0.4913259754576955,0.539959016872556,0.1428521128382169,0.1360919761227351,0.1382123568440532,331.1211496677686,0.08310274971378681,0.5913914886463258,-0.012377712888387966,0.5675146152917023,0.13605764961282069,0.0,6.345510804766962,0.10271444367857034,Tomato___Late_blight
0.5196193477752551,0.44321304659035543,0.4741456542741368,0.16521984357494937,0.16357208664882,0.18767884013901703,281.5505319919873,0.17418194008720753,0.5520691123951051,0.01374785973343439,0.5148647000733491,0.16278731530944163,0.0,6.768681412079168,0.14458456086607036,Tomato___Late_blight
0.5816900751235827,0.49152249197152,0.5348712836038182,0.30041623134274115,0.2954750793741923,0.31063486275921814,106.60886634257326,0.15334254694832203,0.5975848880756471,-0.012429703039793301,0.5687042047921296,0.2984491408471232,0.0,7.188886312899539,0.18134298371763286,Tomato___Late_blight
0.5505555889251574,0.5088986168303762,0.4416673813592503,0.12192716468233693,0.12440590436923321,0.19098417101155274,170.51798499491701,0.20405343366516468,0.5909736004818056,0.14666107668194361,0.5589694549981232,0.10915580099860482,0.0,5.900511693429028,0.07917013215513284,Tomato___Tomato_Yellow_Leaf_Curl_Virus
0.4276479503753527,0.376285583774117,0.3818219636212895,0.20210738498825656,0.14715278770196255,0.21762095031987183,113.48130286601076,0.2531284411038244,0.4756299105632875,0.06418791039499827,0.43755389952098095,0.16840497857371622,0.0,6.688108085474133,0.13547506379575786,Tomato___Tomato_Yellow_Leaf_Curl_Virus
0.5826463124397143,0.5083850036063466,0.5221582089196751,0.2958040537323438,0.26103150721061047,0.30128116545926087,129.3306986179639,0.19282350135696766,0.6115516868579958,0.03305219485077448,0.577439027065384,0.27561461633483225,1132.0090651124206,7.31908178890038,0.20206441926450786,Tomato___Late_blight
0.5064992925765857,0.47275114158776144,0.3685104881059239,0.16023068148750888,0.15764038141238507,0.20393764612923615,157.08725989726076,0.3125403244580114,0.5558553782451723,0.19157930089745112,0.5162382295075532,0.15075090235511118,0.0,6.525904912270008,0.10451498078794534,Tomato___Tomato_Yellow_Leaf_Curl_Virus
0.5090575239303454,0.4647570858397756,0.5146384869348118,0.21426074225563632,0.17099600906836804,0.25404557225953095,254.89695228007326,0.22758117509735462,0.5918512192714784,0.026904817657800388,0.5289692153874512,0.18956555134097391,857.0967618181326,6.820715467483426,0.22508993195982036,Tomato___Septoria_leaf_spot
0.6360623261573657,0.6017408976950918,0.5156706009637425,0.09890719521898854,0.11901461954581555,0.14434091387043946,144.90720618632326,0.1992788482989156,0.6853002158153627,0.17283550276074,0.6474707891884919,0.09532697951833062,0.0,5.558898500050479,0.07523336457700784,Tomato___Tomato_Yellow_Leaf_Curl_Virus
0.5430164656284198,0.4513734589019094,0.5038685534726689,0.21738176066536533,0.181412799911378,0.21637166676770203,103.76652015116701,0.13415998412025806,0.5653101650226686,-0.023051440728573132,0.5300389101449128,0.19544519192019755,2668.8755078586705,6.984297154698579,0.23195638703794536,Tomato___Target_Spot
0.5848354718330249,0.4853028664984975,0.46058071000686385,0.2879680695023023,0.27160295720565136,0.30080525217305176,124.67899573710451,0.32434877944839835,0.6102043238628481,0.04627625270399637,0.557524578804123,0.2773055405024653,2668.5335815559097,7.259028780840458,0.26567831086607036,Tomato___Tomato_Yellow_Leaf_Curl_Virus
0.568578602993761,0.4446348259845052,0.4771100316773961,0.22152479011673556,0.19540811951625164,0.23283221957932465,104.88019812968264,0.21240651799095508,0.5789909211147402,-0.035332371493546295,0.5306759645882722,0.20620642310420328,2424.555777260191,7.0136439271063615,0.28165426301450786,Tomato___Tomato_Yellow_Leaf_Curl_Virus
0.48948344799307425,0.4045534143843923,0.3733286891709874,0.11094665546078313,0.10244654740559872,0.15719726321946137,105.13093055155764,0.3026877660836065,0.5294178870666597,0.06738143785509654,0.47166766428385937,0.08979555299917512,0.0,5.617323399085642,0.10646810578794534,Tomato___Septoria_leaf_spot
0.4040663263442858,0.32597971061852316,0.36640608651748396,0.19723579306263553,0.16191775973307904,0.20756689844380372,96.89615882304201,0.2192731518830144,0.4292655137527559,0.0025737546256501195,0.39921604298983776,0.1759784788493281,0.0,6.799790008883643,0.14968099641294536,Tomato___Tomato_Yellow_Leaf_Curl_Virus
0.5006596467140063,0.492184580365685,0.47722977740874983,0.15697340685982333,0.11241557325589474,0.18037078914891236,194.07883704569826,0.17664680076492664,0.5821834054935549,0.1275665350130517,0.538293587202179,0.1234729633335238,0.0,6.0075060234181095,0.07720174836607034,Tomato___Late_blight
0.41376570078161795,0.36902457574990133,0.4183335636388371,0.2042212339128934,0.1498401674197894,0.17432243762265198,170.96854651835451,0.16474692715061542,0.46601895961647966,0.027036529021592808,0.43330319427882397,0.16858383721152598,0.0,6.6435022259042835,0.10382833528013284,Tomato___Bacterial_spot
0.4920502326133593,0.4215195188918386,0.5123068724404881,0.195137649961897,0.1554490911530238,0.2067395710731601,338.3669840183545,0.1709379572953069,0.5513783541668031,-0.040231336852280426,0.49823780559931957,0.1685331583623057,505.3305900218852,6.8265487976337225,0.23538961457700786,Tomato___Tomato_mosaic_virus
0.4637938162925585,0.4119953523078237,0.4655905698072026,0.14354080725569354,0.1427397194074374,0.14294997987996094,279.414957651167,0.07767947954786655,0.5057534423816774,0.015692960458131504,0.47887276315127575,0.14091285771170908,3108.409055671045,6.51847276035766,0.23476400422544536,Tomato___healthy
0.4813675305488451,0.45072567562249044,0.3327056501638005,0.18757785875458347,0.1831457304524165,0.20948716638337128,147.70417273905764,0.3619099576557958,0.5352645066726778,0.20846484972748347,0.49171312355433666,0.17556683427134806,0.0,6.867728866189092,0.07199850129575784,Tomato___Tomato_Yellow_Leaf_Curl_Virus
0.5329753777625903,0.4958540211119924,0.39819062097182967,0.16418984551090823,0.16707406814563092,0.1841095500970935,161.82380164530764,0.2665324230278814,0.5793118921268556,0.18162881209168025,0.5410995056573029,0.15341475313941294,0.0,6.63032726746542,0.10802450227232034,Tomato___Tomato_Yellow_Leaf_Curl_Virus
0.44453609200743277,0.34658199648049215,0.40377024157157637,0.19112502057213412,0.1806190895603877,0.2021643632436847,100.71207679179201,0.12883790028942463,0.4503797439087007,-0.034055663285521794,0.42766957187091076,0.1864174277190333,0.0,6.746678388872546,0.12615194367857036,Tomato___Late_blight
0.4492775818946703,0.3987771282592092,0.38857958061805464,0.19244977850575076,0.15023313339221295,0.2242275738502597,107.35862220194826,0.25383767677200675,0.4971518662918184,0.08078386260780879,0.45799412035380566,0.165950563609994,0.0,6.7763304909798805,0.16199483918638286,Tomato___Tomato_Yellow_Leaf_Curl_Virus
0.5011092743518695,0.41279235581543783,0.39198851926437117,0.2589337082590543,0.2334692018793803,0.26159871754895203,124.76755774882326,0.34744811249626517,0.5323602405536745,0.05357359720978327,0.4821072986069795,0.24113748675624186,3430.826070329496,7.1774188080712165,0.30049886750669536,Tomato___Tomato_Yellow_Leaf_Curl_Virus
0.40601274582174857,0.3361243019500051,0.3984760378133366,0.20858274418968784,0.16297377522456463,0.19886278746376984,84.57587684062014,0.16076024068249103,0.43693648252373674,-0.011153530342249203,0.4094088246766206,0.18003843432704264,0.0,6.767426746598379,0.09931173371763284,Tomato___Tomato_Yellow_Leaf_Curl_Virus
0.4433949610832079,0.39520982007172445,0.34906345946899153,0.13861074317354785,0.1389129373000842,0.18153491256485932,146.32929480937014,0.2461133916462743,0.4786017385471437,0.11904800309452601,0.4496362974587556,0.13470311915913874,0.0,6.396340656275444,0.07062521028013284,Tomato___Tomato_Yellow_Leaf_Curl_Virus
0.4402945658805712,0.3912100205817495,0.4056264196168492,0.2088535876955472,0.13044857855307873,0.2290929370905017,104.40290320780764,0.28460377646339774,0.5052349415767763,0.05758570505890436,0.45280955933963024,0.1601735324267512,0.0,6.576728163385283,0.10802450227232034,Tomato___Septoria_leaf_spot
0.44837606164244254,0.43930119375374654,0.27769008619895674,0.1655230226005994,0.1891463386582118,0.1656076872135257,157.58164466288576,0.39812961412323356,0.5216820088375185,0.2736229486635644,0.46887074613009655,0.16149627870360667,0.0,6.721221304202173,0.09659566926450784,Tomato___Tomato_Yellow_Leaf_Curl_Virus
0.5547709486129626,0.4380488107600484,0.4546475444566319,0.23441101629395114,0.1970227646397334,0.24298219022999756,110.20728553202639,0.24719295097244617,0.5681035367000673,-0.012234214706091213,0.5201208164635773,0.21197610801497752,3956.634031120078,7.050925435077628,0.34114828156919536,Tomato___Tomato_Yellow_Leaf_Curl_Virus
0.5362443945052966,0.44769013027336935,0.5067524646054814,0.1889077277864896,0.1553187953995448,0.21461441753159516,48.326822885542015,0.20456898404014942,0.5774065700519655,-0.026529848588375378,0.5261807610932465,0.164617937863267,4006.516704289564,6.727495147764779,0.27126302766294536,Tomato___Tomato_mosaic_virus
0.5132968744876727,0.43184468249466756,0.46825951678863265,0.19545143861431705,0.1779889750050288,0.2004791015173053,112.82169593241701,0.1806486119116628,0.5450752821910951,0.003219645457597446,0.5056299736443635,0.18269844061175639,4785.561822898077,6.862195723588183,0.29082479524107036,Tomato___Target_Spot
0.4040663263442858,0.32597971061852316,0.36640608651748396,0.19723579306263553,0.16191775973307904,0.20756689844380372,96.89615882304201,0.2192731518830144,0.4292655137527559,0.0025737546256501195,0.39921604298983776,0.1759784788493281,0.0,6.799790008883643,0.14968099641294536,Tomato___Tomato_Yellow_Leaf_Curl_Virus
0.5317787251117572,0.4341102252402578,0.47544837339034773,0.2351936699833356,0.22141350682246502,0.22929750023137085,107.11210120585451,0.16667245520008442,0.5495093313205812,-0.017919994903473187,0.5133054425660248,0.22490015333930308,8830.721239217646,7.23979545619788,0.34943380403013286,Tomato___Target_Spot
0.5430164656284198,0.4513734589019094,0.5038685534726689,0.21738176066536533,0.181412799911378,0.21637166676770203,103.76652015116701,0.13415998412025806,0.5653101650226686,-0.023051440728573132,0.5300389101449128,0.19544519192019755,2668.8755078586705,6.984297154698579,0.23195638703794536,Tomato___Target_Spot
0.4152633568885668,0.3814164112010274,0.41637984259238936,0.16093051452297794,0.12024932231175717,0.1916345768953418,281.77114356425295,0.22000396443260548,0.4897142795074556,0.052276361720891666,0.44080232285891735,0.13497429794112498,0.0,6.311690814973151,0.10900106477232034,Tomato___Tomato_Yellow_Leaf_Curl_Virus
0.43531018706587393,0.3855569074549947,0.4979772601853917,0.16277396697659122,0.16033150132167157,0.20478711662541382,279.5059000339795,0.21695903135193226,0.5328267065036867,-0.041086967115966606,0.4585288634244081,0.1624044299725657,0.0,6.688140753004748,0.19535055207700786,Tomato___Late_blight
0.4563685974719866,0.40122974018242696,0.38934344394317366,0.27304849047321905,0.24175992484557446,0.2582217418933963,143.1713968601514,0.2856297810162389,0.5040923503387544,0.07783423735413142,0.46164100074206554,0.2513021499518519,1689.1100845470514,7.294328696516345,0.24662008332700786,Tomato___Late_blight
0.5461443087699756,0.5039928565421377,0.5507794056665013,0.10397686828035939,0.10198562468755062,0.1043830850506877,281.6926828708936,0.056961746939548225,0.594188973044214,0.03214864804062433,0.5672096183243867,0.09654681092540078,0.0,5.795670592005648,0.11386861848325784,Tomato___healthy
0.45811304661062796,0.38001984457161764,0.41506058318725325,0.22487182933945285,0.21387417490947064,0.24766811368714325,95.91923011210451,0.19652129901302692,0.47714118633156755,0.007952805595727634,0.45264415645037853,0.21991543179789835,0.0,7.019570025749588,0.17681112336607036,Tomato___Early_blight
0.5806879422309741,0.4666714082160268,0.5377692316304753,0.1968899669136487,0.16171419497000988,0.18378361699830048,77.96555579569826,0.09660019172085163,0.5917468515384767,-0.0640276922040861,0.5541473200265046,0.17404804831782633,0.0,6.707143583083607,0.11365499543638284,Tomato___Leaf_Mold
0.541758956635271,0.524753750363854,0.4217985902558873,0.17484900374073611,0.16811381156909283,0.20677774784813874,162.74839270976076,0.28326562238586783,0.6069517580020998,0.20703657342705317,0.5633812119904633,0.16253663307467753,0.0,6.718204547061333,0.09780111360044534,Tomato___Tomato_Yellow_Leaf_Curl_Virus
0.5235350749137744,0.43165099720146993,0.4495952163468907,0.09695472587008107,0.11985146130788144,0.17569622037659638,34.575297006635765,0.27711796952141166,0.5674427000034425,0.011258345084520054,0.5064498057309266,0.09667785918752007,0.0,5.739914774912677,0.09290304231138284,Tomato___Septoria_leaf_spot
0.4935702702644213,0.4884447465338979,0.3925515745412419,0.14510428179163562,0.10841160144078549,0.20839881537209504,170.45661414530764,0.2953882236565435,0.5707715002048586,0.21185432745728083,0.5243252685013886,0.11442863649169259,0.0,6.0702981114788885,0.09653463410825784,Tomato___Tomato_Yellow_Leaf_Curl_Virus
0.4364794215801104,0.3906263122954641,0.3992677961122105,0.25897823292870153,0.21740548189151104,0.244316619017229,142.03812659647951,0.23991862131012318,0.49035046968346574,0.06659216059956141,0.45060132645999157,0.23046439594069773,1338.5726053985723,7.149830259662416,0.24231710481138286,Tomato___Tomato_Yellow_Leaf_Curl_Virus
0.5288820883872851,0.4016042957701955,0.505882952047498,0.11989565212387669,0.11079420770871456,0.11783254531870833,43.747660287885765,0.07128867698562977,0.5291290131557558,-0.1104698293038886,0.49682794713412487,0.11339677578250222,0.0,6.013871776763658,0.08022298860044534,Tomato___Late_blight
0.5418856165054187,0.5185308466353689,0.4349743757974217,0.14164828527826892,0.13681680585610684,0.20329877374421113,162.34397376444826,0.2413238306130254,0.6013380733478639,0.18128835036072322,0.5612682869378205,0.12815561598578745,0.0,6.328664165615889,0.10526266145200784,Tomato___Tomato_Yellow_Leaf_Curl_Virus
0.5014142415168628,0.3959557125964437,0.4388743077050755,0.19350218791622745,0.15090984727608975,0.1876731180931186,107.81531775858889,0.17764473153007862,0.5188668814647768,-0.027290392679838467,0.47766034507189953,0.16675331896582896,0.0,6.635962118646226,0.15068807649107036,Tomato___Tomato_Yellow_Leaf_Curl_Virus
0.549829663956438,0.4601022015013967,0.417995247675092,0.26870678383965124,0.2374108272360545,0.2616839968944644,127.14393103983889,0.34401926589859366,0.5836424675930116,0.0734661482146699,0.5274102857056733,0.24533709591666514,2660.1123352081936,7.14703980725908,0.27085104035825786,Tomato___Tomato_Yellow_Leaf_Curl_Virus
0.5333575627448901,0.447970450917748,0.5186145637761662,0.21615497786659824,0.19733513768184002,0.22407242295990937,70.20215857890139,0.11050568712604877,0.5550076809871767,-0.03494456039157324,0.5268343856278535,0.20521339482108408,9984.913675990976,7.112009323518237,0.29773702668638286,Tomato___Target_Spot
0.6393096468093737,0.5457082400718007,0.5756031904946873,0.2824661435570203,0.2692619400786143,0.30400140223752015,97.57645667460451,0.19298745883358356,0.6640898433673952,-0.0024097077676337245,0.6223828961793061,0.27485748833457285,4363.4561628767715,7.272321262131634,0.24654378938169536,Tomato___Target_Spot
0.4165990671756609,0.34188959101822713,0.3809897933732579,0.19437044877667056,0.1556845145987254,0.19860984025250428,103.47138465312014,0.18626558972252247,0.4421284047115419,0.007276989506812763,0.4139649441186067,0.17073733812609965,0.0,6.744097815899049,0.14330282258482036,Tomato___Tomato_Yellow_Leaf_Curl_Virus
0.5335136077049121,0.4366011629500661,0.5073806677590916,0.20446233470100986,0.19944739218222912,0.22114212451230042,50.97162879374514,0.13695897353542683,0.5476744619358156,-0.04660532811072283,0.5189266374055024,0.20248196727076823,13577.635607770733,7.056448902217659,0.39019002961607036,Tomato___healthy
0.42039141269949515,0.3887034366526876,0.4167009626161168,0.2066101135696851,0.1436107220815402,0.21820515034447663,305.44196570780764,0.22650110913170216,0.4886968580234621,0.06140123678955622,0.4466496577206727,0.16782477206031138,0.0,6.677442587230492,0.11598959016294534,Tomato___Tomato_Yellow_Leaf_Curl_Virus
0.45182043525007803,0.42506158451226095,0.2711984549295018,0.18872323650974857,0.19330464179980572,0.2135307007814502,155.46732581522951,0.43832585407150626,0.508404209946451,0.24819104744705744,0.4608018865529176,0.17864018386641795,0.0,6.845732141538944,0.08303060578794534,Tomato___Tomato_Yellow_Leaf_Curl_Virus
0.562828006470476,0.5252171168723379,0.46291238410583235,0.16904395837444888,0.1777833389805537,0.21473581729184144,175.5719095554639,0.20284135831249592,0.6083882895458315,0.145780477660032,0.5746398141327973,0.16722716099063212,0.0,6.672182831181814,0.08144369172544534,Tomato___Tomato_Yellow_Leaf_Curl_Virus
0.4655541798713549,0.4044823954501424,0.42672124846091963,0.24807921070713626,0.2386462974117976,0.26853876946221344,156.79551185038576,0.2818568070019567,0.5149887946594331,0.03777602686199732,0.47055788540278637,0.2419323146943217,6550.969434742905,7.228634046235111,0.27179708528013286,Tomato___Late_blight
0.39704475017813284,0.3190004835524831,0.31964883549323775,0.21920758504528629,0.1897617566155177,0.20425545809517853,132.50336707499514,0.31150934291733146,0.428529485796747,0.042394097881646824,0.38768942856227123,0.19805401271621043,1004.0687108180441,6.950870879327062,0.21567525910825786,Tomato___Late_blight
0.5362443945052966,0.44769013027336935,0.5067524646054814,0.1889077277864896,0.1553187953995448,0.21461441753159516,48.326822885542015,0.20456898404014942,0.5774065700519655,-0.026529848588375378,0.5261807610932465,0.164617937863267,4006.516704289564,6.727495147764779,0.27126302766294536,Tomato___Tomato_mosaic_virus
0.41298440309790213,0.38897693256523946,0.3035632406007359,0.1587807985033475,0.16869449491965588,0.20154256758938782,153.14286292460451,0.34303185535324454,0.47349040183907487,0.18249296023163386,0.4316978027764436,0.15783713465968424,0.0,6.629580210514387,0.07848348664732034,Tomato___Tomato_Yellow_Leaf_Curl_Virus
0.562828006470476,0.5252171168723379,0.46291238410583235,0.16904395837444888,0.1777833389805537,0.21473581729184144,175.5719095554639,0.20284135831249592,0.6083882895458315,0.145780477660032,0.5746398141327973,0.16722716099063212,0.0,6.672182831181814,0.08144369172544534,Tomato___Tomato_Yellow_Leaf_Curl_Virus
0.4585337063911303,0.403258890906838,0.3530877564679692,0.21736010927815066,0.20557901139724072,0.20540782449494355,128.9132181492139,0.2927286048020208,0.5017799583423708,0.11598301305088587,0.45934631132518017,0.20239415472785288,0.0,6.907650936584885,0.21550741242857036,Tomato___Tomato_Yellow_Leaf_Curl_Virus
0.5313010534885272,0.44198867777970174,0.5008116696607182,0.2035595180477582,0.19768452520835217,0.2165282183672046,68.75287879374514,0.11913807881725666,0.5440460887897585,-0.027048707021145153,0.520678715938675,0.20091758376399332,12320.409451487796,7.041203603940115,0.37700643586607036,Tomato___healthy
0.5007245263698443,0.4323428283133779,0.4771811400186131,0.1974334867681943,0.15423045928942974,0.20006794867764466,87.64579261210451,0.1247694362486684,0.5327509788024996,0.007866699235768985,0.5031803419533845,0.17022756940165812,0.0,6.689872650492299,0.13204183625669536,Tomato___Tomato_Yellow_Leaf_Curl_Virus
0.5014142415168628,0.3959557125964437,0.4388743077050755,0.19350218791622745,0.15090984727608975,0.1876731180931186,107.81531775858889,0.17764473153007862,0.5188668814647768,-0.027290392679838467,0.47766034507189953,0.16675331896582896,0.0,6.635962118646226,0.15068807649107036,Tomato___Tomato_Yellow_Leaf_Curl_Virus
0.47734931322363455,0.49483662943032125,0.3391496573220799,0.12458869833607304,0.14000053580272015,0.20207698283444397,165.94928992655764,0.3668840844715917,0.5780253854740236,0.29426093770775386,0.5171393921319123,0.11621691739598565,0.0,6.120576389277181,0.09352865266294534,Tomato___Tomato_Yellow_Leaf_Curl_Virus
0.5096241852882251,0.37709930638459066,0.39456171138396956,0.23492936808724033,0.2043772327469569,0.21799604234944336,117.71424353983889,0.2929168064678991,0.5199175325382326,-0.028900584218768406,0.46399475836192333,0.21398614054957682,6546.529743349502,7.101947590495756,0.31624593781919536,Tomato___Spider_mites Two-spotted_spider_mite
0.47454676243094046,0.395455003778008,0.4403172169457982,0.1832505615438901,0.14814488466250714,0.18757782516728394,99.68693030741701,0.14062006963146564,0.4992030409324739,-0.0028672889002841,0.46949751877223217,0.16134497231284434,0.0,6.52379280251769,0.13526144074888286,Tomato___Bacterial_spot
0.550980570042406,0.4288109550872121,0.489780280424268,0.12691647578138934,0.12114156659114178,0.14850654093276017,63.33930457499514,0.1364487279738271,0.5573156324375246,-0.06205230952587538,0.5175700356904145,0.11945128148833566,0.0,6.056489982702365,0.10756673860044534,Tomato___Late_blight
0.5355823657157763,0.4579230556884084,0.520221296383054,0.20855048317570316,0.1881116467283946,0.2128142976547336,73.84052527812014,0.11396536422623035,0.5646436062801454,-0.018870890153316784,0.5335249772015687,0.1954564571980601,4888.270032185219,6.967855344046667,0.28701009797544536,Tomato___Target_Spot
0.4059392234924181,0.37201696733620504,0.38376990301719405,0.17810289580483066,0.13088153924214657,0.1912477576519107,185.4585062351514,0.20869669509781238,0.4589193609703157,0.07541150225910731,0.42877935075198376,0.1481193498376971,0.0,6.407597106424102,0.12688436555357036,Tomato___Early_blight
0.533416899168764,0.45627796749260763,0.4846935604344914,0.2279501410212003,0.21609435852038678,0.2493750715042209,96.35105384257326,0.1790922005261266,0.5552977767932985,0.015532162027688694,0.5278616716805573,0.22193342155257517,5107.543893596479,7.1734601779180505,0.28525533723325786,Tomato___Spider_mites Two-spotted_spider_mite
0.5400979539993152,0.46061790088799337,0.48491770370116927,0.240707159229704,0.22304037089812573,0.2577296459461307,99.97114051249514,0.2199845333184087,0.5721491423595522,0.017306927578778934,0.5324323942605134,0.22949845796862894,3147.5081526982553,7.199324867460719,0.25890340852232036,Tomato___Target_Spot
0.44226449939039786,0.35790330270912984,0.4461808238755772,0.20123757440704929,0.18780918295848187,0.20334766445408814,359.7295328464795,0.12880750192058918,0.47002305064087846,-0.05155204656880908,0.438470738166916,0.19254028505126292,4528.202477267334,6.998829879234794,0.26358785676450786,Tomato___Spider_mites Two-spotted_spider_mite
0.38998258324888785,0.32779115537789205,0.3683700595628331,0.19729201514381992,0.15878067787158306,0.19954648254166596,92.81986487772951,0.18153731716526386,0.42308075699692704,0.018316287534566593,0.39629216694270336,0.1732919932011729,0.0,6.785325740328998,0.09940328645200784,Tomato___Tomato_Yellow_Leaf_Curl_Virus
0.5525614640357837,0.4406287680068288,0.35438892586341597,0.11492136884588826,0.1226330014632922,0.16309925554047577,101.30427039530764,0.34195062709701896,0.5593409982669924,0.09539373590263911,0.509545104736435,0.1009492993954783,0.0,5.781606257257819,0.07988729524107034,Tomato___Septoria_leaf_spot
0.5780909678581103,0.5558255324759755,0.44301635367980696,0.11800068635601628,0.1282245355414134,0.18280067680130951,161.69120276835451,0.25528067541969657,0.6378599253643129,0.2116303928068597,0.5949024131241913,0.10735712653437905,0.0,5.8662156221230255,0.07080831574888284,Tomato___Tomato_Yellow_Leaf_Curl_Virus
0.4059392234924181,0.37201696733620504,0.38376990301719405,0.17810289580483066,0.13088153924214657,0.1912477576519107,185.4585062351514,0.20869669509781238,0.4589193609703157,0.07541150225910731,0.42877935075198376,0.1481193498376971,0.0,6.407597106424102,0.12688436555357036,Tomato___Early_blight
0.5350202045085772,0.4974338422217641,0.43996805293670393,0.1301560478295766,0.13048004235493954,0.19189385710011475,154.62845862772951,0.20484373165024158,0.5802511421192262,0.14096613599571772,0.5474009087029572,0.12139086878339105,0.0,6.234807572394438,0.11104574250669534,Tomato___Tomato_Yellow_Leaf_Curl_Virus
0.5562417528274402,0.5364299426474843,0.4052362178098271,0.14694938827414142,0.1598181861208659,0.177469592669115,174.22223914530764,0.28570750547302604,0.6185131517398927,0.23246850444588252,0.5726773908082123,0.13681454664508158,0.0,6.351364920949573,0.07976522492857034,Tomato___Tomato_Yellow_Leaf_Curl_Virus
0.40161636682776053,0.37902170519020895,0.35849863631835677,0.23054033536572086,0.19781365867125805,0.22531133530388825,150.48404944804201,0.3039176483239019,0.4766551998603914,0.1190150864294488,0.4287176897469636,0.20575065618792826,696.259402997182,7.00157462207475,0.24649801301450786,Tomato___Tomato_Yellow_Leaf_Curl_Virus
0.7012287399413928,0.6070956001677785,0.5615831051599095,0.24920627493519412,0.24465048189627941,0.2832941525961017,126.39948523905764,0.25134879542244315,0.7226612416256044,0.07246601207766123,0.6753328015748139,0.2480222404603129,1735.3147721691944,7.280200915874042,0.22762289094419536,Tomato___Late_blight
0.5296697339656695,0.4205087135234151,0.4623491202127049,0.23649464566368686,0.20124791439044293,0.24867544708500855,96.67814124491701,0.21173140598190662,0.5421087590206239,-0.029914721859363842,0.5031974782887574,0.21634824281970316,3218.7074529035904,7.018967198914355,0.27603902863950786,Tomato___Septoria_leaf_spot
0.549829663956438,0.4601022015013967,0.417995247675092,0.26870678383965124,0.2374108272360545,0.2616839968944644,127.14393103983889,0.34401926589859366,0.5836424675930116,0.0734661482146699,0.5274102857056733,0.24533709591666514,2660.1123352081936,7.14703980725908,0.27085104035825786,Tomato___Tomato_Yellow_Leaf_Curl_Virus
0.5244275054576739,0.49445784191277364,0.4102236662637303,0.18301941473145114,0.18469184513556774,0.22552621004830353,162.02665198710451,0.2551030535782659,0.5769787279117677,0.1753512509039361,0.5390958955231782,0.17798843687812144,0.0,6.769190487932512,0.06447591828794534,Tomato___Tomato_Yellow_Leaf_Curl_Virus
0.5525614640357837,0.4406287680068288,0.35438892586341597,0.11492136884588826,0.1226330014632922,0.16309925554047577,101.30427039530764,0.34195062709701896,0.5593409982669924,0.09539373590263911,0.509545104736435,0.1009492993954783,0.0,5.781606257257819,0.07988729524107034,Tomato___Septoria_leaf_spot
0.45781147691038687,0.39616677264359335,0.43008512599578597,0.24028569478649722,0.20162166531550701,0.22101764021168702,137.12702430155764,0.1737729330147588,0.49977000031357743,0.02552362902674265,0.46374504470263683,0.21389814919272715,0.0,6.8426262016081285,0.17139425324888286,Tomato___Tomato_Yellow_Leaf_Curl_Virus
0.5655646345260485,0.4566979716220174,0.5439147387277196,0.1534993277873479,0.12116031970250424,0.17877901730786316,34.175089487104515,0.14483244908703205,0.5892954913127992,-0.07499673218813352,0.5444716384354706,0.130835016131795,3851.814474053071,6.283664919045975,0.27191915559263286,Tomato___Tomato_mosaic_virus
0.48540353986052115,0.45528316597130636,0.4679416452180455,0.12726672757525073,0.11882950242030438,0.13166650024901383,196.68537391093264,0.12033562553776142,0.542657002543268,0.07830791546616145,0.5110120346490021,0.11844460374156289,576.4525603087109,6.219567264492216,0.17552938508482036,Tomato___healthy
0.5672465583923205,0.47395682434227804,0.5213968191873143,0.20767271537441837,0.16906288142669018,0.20994285879384034,103.51709998515139,0.13004668248546955,0.5887790170658205,-0.01964304224934988,0.5525383522454377,0.1845311344269877,1538.8534696533766,6.8745745228835204,0.21833028840513286,Tomato___Target_Spot
0.454810770476137,0.3740970502295766,0.4585107301007817,0.1760975869383298,0.13472803558575924,0.1865969711328601,8.096232065229515,0.18809202505005237,0.5014088002193544,-0.044040719059972096,0.4531334211770173,0.14723664230147654,1275.7074601343788,6.479794695933938,0.23546590852232036,Tomato___Tomato_mosaic_virus
0.48433450075415213,0.4167449484267507,0.45008993489852644,0.2293107958521329,0.21027177448737439,0.23820380506764405,119.28559363749514,0.21815315080536243,0.5290158835399721,0.0201521701982934,0.4860353639069673,0.21589898771086985,3501.5579242392864,7.013628701245036,0.27416219758482036,Tomato___Target_Spot
0.332655670368944,0.31959986786034444,0.33796349508872725,0.20221979934830295,0.14819179351794537,0.20829349396477692,230.82834876444826,0.3073506672467077,0.41615305814629533,0.08966720475468226,0.3708767762127992,0.16777296072284037,0.0,6.681780463841925,0.10892477082700784,Tomato___Tomato_Yellow_Leaf_Curl_Virus
0.5247402510288104,0.468545676270989,0.5394596491586278,0.207936123200842,0.18535625811087902,0.2341872268701648,292.24482215312014,0.15336786402119038,0.5873657313335512,-0.006021849823860455,0.5387118329945679,0.1956514388922816,3930.4976230471816,6.979445608074666,0.25295248078794536,Tomato___Target_Spot
0.4741628191116198,0.4383681426444326,0.39851767165771224,0.1788773389543973,0.15660333509909924,0.2191241347576236,166.76178992655764,0.24482280207527515,0.5206930187690828,0.12514253331932612,0.4898075928631898,0.16504846221247965,0.0,6.525179455120867,0.08283224153013284,Tomato___Tomato_Yellow_Leaf_Curl_Virus
0.3965400478484972,0.361009956399468,0.5164507065545628,0.12933554519075977,0.1380978810356837,0.21810488043080323,285.50507605937014,0.2785335500325048,0.5455099192607973,-0.06988419966187887,0.4346334805432435,0.1407221824530726,0.0,6.326849308198873,0.09635152863950784,Tomato___Leaf_Mold
0.40043533059385855,0.3564634631076131,0.3442568217050145,0.17198827881474124,0.13147181894051846,0.1785633677030658,135.31290686991701,0.2654919345463598,0.4537871328342531,0.08932146801266261,0.41349928283129894,0.14444692885915095,0.0,6.52376447052279,0.13098897981138286,Tomato___Bacterial_spot
0.4916561863067492,0.46025711397316793,0.3662410114537785,0.14118634928125964,0.14271688337790783,0.1852541976953601,166.90708411601076,0.2892172951783025,0.5428950038898561,0.18370382859024592,0.504207449192154,0.13004462128917033,0.0,6.35479689938032,0.12660970735044536,Tomato___Tomato_Yellow_Leaf_Curl_Virus
0.4165990671756609,0.34188959101822713,0.3809897933732579,0.19437044877667056,0.1556845145987254,0.19860984025250428,103.47138465312014,0.18626558972252247,0.4421284047115419,0.007276989506812763,0.4139649441186067,0.17073733812609965,0.0,6.744097815899049,0.14330282258482036,Tomato___Tomato_Yellow_Leaf_Curl_Virus
0.5451145193221911,0.4449724862971578,0.5278615985642979,0.13072531689066516,0.12019223596322354,0.13548811165343277,39.37336219218264,0.0465155859078252,0.5513317433345888,-0.06194441953089647,0.5296440889779206,0.12312908923665337,0.0,6.0298118581321365,0.09037008332700784,Tomato___Late_blight
0.34883639427450736,0.2961571226516042,0.32008016450515486,0.2080454083170377,0.16724373276698407,0.20912836132298462,123.17215979960451,0.29463169170273185,0.40006004247551896,0.04448438807043619,0.35991527342234814,0.18037652677336985,0.0,6.721051626875202,0.12162008332700784,Tomato___Tomato_Yellow_Leaf_Curl_Virus
0.48570123525885184,0.4290597150721822,0.48142585499397017,0.18572811801094638,0.1403906333016139,0.17302040395985596,120.40912879374514,0.116895409354099,0.5276671496379945,0.012079019086690616,0.49724509024058544,0.15617562538424784,0.0,6.4461315218937285,0.10959615754575784,Tomato___Bacterial_spot
0.47599125119474966,0.40575194458153585,0.39017546517959334,0.273575127312132,0.2173392462300044,0.25785179076443665,137.80683387187014,0.3253709693039739,0.5163063255298708,0.06642382963213511,0.47025756740008556,0.23767105943003947,1298.1354562401261,7.261143181509314,0.25313558625669536,Tomato___Tomato_Yellow_Leaf_Curl_Virus
0.5122886917236193,0.494881273309258,0.41298222882858016,0.1388070659722768,0.13834317650067623,0.20655981836567872,153.3769632664014,0.25318104220283866,0.5794796792018984,0.185578320162626,0.5360294153634186,0.1257150591019755,0.0,6.314709214949739,0.08969869660825784,Tomato___Tomato_Yellow_Leaf_Curl_Virus
0.5007500371578082,0.41748663882401327,0.48578816993346907,0.22121410090584384,0.1703331607149821,0.2136176341558551,80.61011756327639,0.1388990600193822,0.5315762606609438,-0.030478222308425236,0.4954485466424104,0.18960623151103312,1320.1996628924694,6.89920662206994,0.20305624055357036,Tomato___Target_Spot
0.38479724737433035,0.33326572279122213,0.35709315879455306,0.20995886642593967,0.1575904327200633,0.20816595492611878,123.86939490702639,0.23891604138267872,0.4322519150722597,0.04572777076277323,0.39666979216967785,0.17700376814643198,0.0,6.793925652389821,0.09755697297544534,Tomato___Tomato_Yellow_Leaf_Curl_Virus
0.5390399417522296,0.46312230924752096,0.5047053132783482,0.18793298322815524,0.13185551639067944,0.21134976682911866,56.843058237104515,0.19499467504871723,0.5868997422206972,0.0035860948136765478,0.5358419587556,0.14955643272439295,0.0,6.4127603829982815,0.12537374543638286,Tomato___Septoria_leaf_spot
0.40363019915846426,0.3306720862784658,0.3892576132546971,0.21429118532795535,0.16387550409304913,0.20401095984230988,95.15476478007326,0.18272432876480457,0.4348970201957796,-0.010456901056436825,0.4044451286736604,0.18297569161692911,0.0,6.680405047648129,0.10196676301450784,Tomato___Tomato_Yellow_Leaf_Curl_Virus
0.5208752772453173,0.5034708986678396,0.3424386118184636,0.18755298871655093,0.1927803444432002,0.21478891012917511,157.09809363749514,0.3790642638291204,0.585572942827997,0.2647146768740136,0.5355969836655732,0.17676618403235728,0.0,6.878482305210879,0.12203207063169534,Tomato___Tomato_Yellow_Leaf_Curl_Virus
0.46156999679831107,0.4016852090754781,0.4359306727181981,0.19003845770020114,0.1342645945714694,0.198944281914339,71.46045936015139,0.1879556347216451,0.5058969703662966,0.02695640547785349,0.4687745144311067,0.15432508742848688,0.0,6.512308905897585,0.16306295442075786,Tomato___Tomato_Yellow_Leaf_Curl_Virus
0.5780909678581103,0.5558255324759755,0.44301635367980696,0.11800068635601628,0.1282245355414134,0.18280067680130951,161.69120276835451,0.25528067541969657,0.6378599253643129,0.2116303928068597,0.5949024131241913,0.10735712653437905,0.0,5.8662156221230255,0.07080831574888284,Tomato___Tomato_Yellow_Leaf_Curl_Virus
0.5122886917236193,0.494881273309258,0.41298222882858016,0.1388070659722768,0.13834317650067623,0.20655981836567872,153.3769632664014,0.25318104220283866,0.5794796792018984,0.185578320162626,0.5360294153634186,0.1257150591019755,0.0,6.314709214949739,0.08969869660825784,Tomato___Tomato_Yellow_Leaf_Curl_Virus
0.4585337063911303,0.403258890906838,0.3530877564679692,0.21736010927815066,0.20557901139724072,0.20540782449494355,128.9132181492139,0.2927286048020208,0.5017799583423708,0.11598301305088587,0.45934631132518017,0.20239415472785288,0.0,6.907650936584885,0.21550741242857036,Tomato___Tomato_Yellow_Leaf_Curl_Virus
0.47529834719923575,0.44121044973519186,0.46396741612067915,0.1246551798667394,0.12633258725869473,0.1293605679060077,272.87485755351076,0.11232027603042957,0.5305388716209505,0.06424177064213343,0.4992767741623994,0.11811192041674905,0.0,6.164510816059275,0.11135091828794534,Tomato___healthy
0.6480388662460193,0.6197221885123525,0.481889906955869,0.17024077493805514,0.15818515296447094,0.22276094196091645,157.89707435038576,0.2777238209332311,0.7020271864879701,0.23060231282028743,0.6577557494584199,0.15255759364405924,0.0,6.553094870620084,0.07152547883482034,Tomato___Tomato_Yellow_Leaf_Curl_Virus
0.5562417528274402,0.5364299426474843,0.4052362178098271,0.14694938827414142,0.1598181861208659,0.177469592669115,174.22223914530764,0.28570750547302604,0.6185131517398927,0.23246850444588252,0.5726773908082123,0.13681454664508158,0.0,6.351364920949573,0.07976522492857034,Tomato___Tomato_Yellow_Leaf_Curl_Virus
0.5088755211475238,0.4089345941939626,0.4165010486375401,0.2574655415501081,0.21724480267035778,0.24396769342671387,124.40659583476076,0.2796996851052129,0.533449992274103,0.013579342501493168,0.48495932125483715,0.23086829191485697,4868.066373828189,7.244566797815716,0.33197774934263286,Tomato___Tomato_Yellow_Leaf_Curl_Virus
0.514136018479143,0.40326190094139913,0.45124766571632124,0.18976311404366122,0.15862358983027752,0.19799853501568787,102.75028479960451,0.16267122519863483,0.5237574425685976,-0.03777323850777559,0.48716341161166393,0.17203198081294352,0.0,6.625285974482931,0.15940084504575786,Tomato___Tomato_Yellow_Leaf_Curl_Virus
0.46002912732390006,0.352597178021935,0.3754453097116063,0.19874835033077823,0.16532607253062542,0.20207650599728577,110.48578894999514,0.26358610583198905,0.4820459333408449,-0.009193345917133618,0.4326038231793519,0.1760010243062144,0.0,6.828250714928935,0.16936483430357036,Tomato___Tomato_Yellow_Leaf_Curl_Virus
0.5230111202838763,0.43417543272164205,0.4988302622567723,0.22032883782047855,0.18697559710013684,0.2274796330715274,68.39853919413576,0.13077932787788746,0.5477827635753725,-0.03240375594582968,0.5133877565804597,0.19957104033271128,1187.0703594266392,7.046779901259359,0.20650472688169536,Tomato___Spider_mites Two-spotted_spider_mite
0.5007245263698443,0.4323428283133779,0.4771811400186131,0.1974334867681943,0.15423045928942974,0.20006794867764466,87.64579261210451,0.1247694362486684,0.5327509788024996,0.007866699235768985,0.5031803419533845,0.17022756940165812,0.0,6.689872650492299,0.13204183625669536,Tomato___Tomato_Yellow_Leaf_Curl_Virus
0.4632242045047625,0.34457701543953756,0.377158347202451,0.20018506068844424,0.15932229037749585,0.19296797750245087,111.83057654765139,0.2577634472931707,0.4807295945633028,-0.030141752226023007,0.4290466179791566,0.17323812550345713,275.92039581490235,6.762380229492303,0.21155538606138286,Tomato___Tomato_Yellow_Leaf_Curl_Virus
0.4558572790267809,0.33870923618462423,0.3666164909135411,0.26466968674320807,0.23927445586192425,0.25303753850708954,116.89890540507326,0.32158214045418143,0.4689524022091005,-0.02396864259031229,0.42219774627124035,0.2478510112170344,3259.5179982884742,6.860129318996374,0.24094381379575786,Tomato___Spider_mites Two-spotted_spider_mite
0.5090575239303454,0.4647570858397756,0.5146384869348118,0.21426074225563632,0.17099600906836804,0.25404557225953095,254.89695228007326,0.22758117509735462,0.5918512192714784,0.026904817657800388,0.5289692153874512,0.18956555134097391,857.0967618181326,6.820715467483426,0.22508993195982036,Tomato___Septoria_leaf_spot
0.483373226845537,0.42599406937744955,0.36729038102737166,0.11748622376579869,0.11880517627465542,0.17613823352108948,141.34086097147951,0.25150045944107413,0.5108776238906954,0.12241118027481623,0.48173801803027355,0.10943700081149392,0.0,5.883277893875491,0.07711019563169534,Tomato___Tomato_Yellow_Leaf_Curl_Virus
0.4991026243808611,0.4577903161444936,0.440493467880399,0.1593059005226575,0.14660496141183194,0.20076800523053162,165.24640906718264,0.18316762340916035,0.5424217430103395,0.09707127882752009,0.5134506394806977,0.14905547803679758,0.0,6.422001688592617,0.08925619172544534,Tomato___Tomato_Yellow_Leaf_Curl_Virus
0.5372594914081439,0.4114828119674001,0.5090743635427067,0.11761314440626729,0.11243943746554669,0.12550621865044587,36.099588998823265,0.09342074585808155,0.5388390270221803,-0.10228154437032155,0.5054952969494935,0.11227473324576669,0.0,5.914710821471859,0.09540548371763284,Tomato___Late_blight
0.5469660780074939,0.4677620540061269,0.5248596702348302,0.22858001310486423,0.21509915466773327,0.23170476792107575,100.62540686991701,0.09468315733326313,0.5687230077732179,-0.015214826924471188,0.5432329347077485,0.2204057545069819,4452.580159618608,7.056138218995037,0.25704183625669536,Tomato___Spider_mites Two-spotted_spider_mite
0.5466201922538623,0.5203269730010305,0.4646610353719304,0.18558427710194217,0.18150728817450817,0.2317080461765384,158.01603186991701,0.21079066587341663,0.6045697775829408,0.1504593677690942,0.5671225359383698,0.17844366735259348,0.0,6.791288544135314,0.08695211457700784,Tomato___Tomato_Yellow_Leaf_Curl_Virus
0.5261784217002734,0.4469328830638204,0.37864944679847456,0.11906164158243764,0.1269277545379382,0.15760884819279664,110.37586463358889,0.3187532444084966,0.5589284745205019,0.11012459172520228,0.5081227889004822,0.11170765465537362,0.0,6.026771516338917,0.09804525422544534,Tomato___Septoria_leaf_spot
0.41770175310400565,0.3731869171061788,0.4387200806867192,0.15908755380768405,0.15603144343364056,0.18504176674138062,240.85068763163576,0.23557856870544788,0.5036287156093691,0.011038664715619755,0.4392474760953065,0.15479643350879008,0.0,6.627645727272565,0.17839803742857036,Tomato___Late_blight
0.4990582785251482,0.45202124218132833,0.49288529498687483,0.18715129811424838,0.16866533334719952,0.23525814352284424,289.79621375468264,0.23004010511291859,0.5750498620021913,0.03318557514462061,0.5160236229840394,0.17627449041644389,1582.9917317881204,6.785141478041924,0.21677389192075786,Tomato___Leaf_Mold
0.4925123772266253,0.37278205255654195,0.4314784441720555,0.12149114925522435,0.12701748188006695,0.1261852645660495,48.46857703593264,0.1640968937958562,0.49933226380234697,-0.05734003336515837,0.4605526199284669,0.11617019480506234,0.0,6.098013002236,0.10712423371763284,Tomato___Late_blight
0.45292046877173026,0.3829018483557973,0.4358736906777928,0.20250055212635623,0.14625641580092724,0.17667919037590973,125.18546546366701,0.13673781050098774,0.48643745455628373,-0.0019038319715540888,0.45515601539050304,0.16652315563002879,0.0,6.49247213551455,0.09799947785825784,Tomato___Bacterial_spot
0.46475133510855277,0.41560673813011983,0.37621462686172225,0.2278282942261182,0.19344015295970257,0.2246352547193622,129.56489051249514,0.3133974392498815,0.5220779922950838,0.11133416368279048,0.47109006547366344,0.19962075060645396,0.0,6.875513935263134,0.22742452668638286,Tomato___Tomato_Yellow_Leaf_Curl_Virus
0.5093049726131305,0.4489700208106313,0.4877659414540837,0.12157402951378453,0.09573759760129269,0.13876904932509415,46.214274057417015,0.11655838979137775,0.5505192128170107,0.021955821650357914,0.51671274208461,0.09586318290273003,0.0,5.74123950237767,0.07602682160825784,Tomato___Late_blight
0.4869034311416491,0.4327685842910085,0.4770048890840123,0.22399966437477695,0.19098716850745495,0.25924445328961365,254.23539222147951,0.24997788859260914,0.557500228022394,0.022715467946859073,0.49927760862742626,0.20438126927653605,3334.383754758486,7.004387889264991,0.27365865754575786,Tomato___Septoria_leaf_spot
0.511019381010805,0.40897086362030843,0.4649884436856816,0.20694053191799747,0.18632484848964032,0.20538097260247223,109.61814368632326,0.12705943179977772,0.5214794722545717,-0.03697948438462429,0.4911491444054719,0.19442891782561594,2039.2131183066826,6.972841115993135,0.22657003449888286,Tomato___Target_Spot
0.49033141347197134,0.47221273283150533,0.38253495438209273,0.1201579274620496,0.11542291070687588,0.19643295941601746,167.66364539530764,0.2721335311020696,0.5550311056125734,0.19264583660873957,0.5126867463532563,0.10179077541867547,0.0,5.849260181263851,0.12166585969419534,Tomato___Tomato_Yellow_Leaf_Curl_Virus
0.41298440309790213,0.38897693256523946,0.3035632406007359,0.1587807985033475,0.16869449491965588,0.20154256758938782,153.14286292460451,0.34303185535324454,0.47349040183907487,0.18249296023163386,0.4316978027764436,0.15783713465968424,0.0,6.629580210514387,0.07848348664732034,Tomato___Tomato_Yellow_Leaf_Curl_Virus
0.4164038619640215,0.3557906756797109,0.39732623441329695,0.21797442454952823,0.16235929604041394,0.201858442404375,134.6909281101514,0.1782442350472295,0.45572702560311296,0.018937874572606754,0.4239288737717744,0.18341199761668497,0.0,6.549732634462588,0.09157552766294534,Tomato___Bacterial_spot
0.454810770476137,0.3740970502295766,0.4585107301007817,0.1760975869383298,0.13472803558575924,0.1865969711328601,8.096232065229515,0.18809202505005237,0.5014088002193544,-0.044040719059972096,0.4531334211770173,0.14723664230147654,1275.7074601343788,6.479794695933938,0.23546590852232036,Tomato___Tomato_mosaic_virus
0.5185940882804736,0.41842568020012716,0.46465552194228865,0.21521244961876498,0.17238263662326153,0.2153583431030368,98.22495520976076,0.169953869708904,0.5392169502723787,-0.02531153523710184,0.498926060432541,0.1887745231989985,2768.304873405346,6.831479976101248,0.27745809602232036,Tomato___Leaf_Mold
0.5279626867416247,0.4384087930121694,0.4710209701787541,0.22691048700470554,0.18628820653426464,0.24596063432942383,97.25565589335451,0.20657950831306812,0.5514522639263246,-0.0010793767997305873,0.5141830017510529,0.20380286580363566,3903.680491236127,7.004740429427367,0.28528585481138286,Tomato___Septoria_leaf_spot
0.5221261701228961,0.4289625893035207,0.4757669602166722,0.2178814562048398,0.1741234349774104,0.21611047921429627,98.00211585429201,0.1711048353995168,0.5505720821369264,-0.018881186855701733,0.5074340274277802,0.19002484983245188,1001.5922456712883,6.869183562648102,0.17935934113950786,Tomato___Spider_mites Two-spotted_spider_mite
0.4170764705779894,0.3573821792998586,0.39705032451263167,0.22871638853211032,0.18347748990523632,0.2202622407461261,126.87327063944826,0.18817368341339466,0.4536076930511568,0.02172425760540552,0.42503275179301464,0.20065885490218455,0.0,6.970585277111261,0.17630758332700786,Tomato___Tomato_Yellow_Leaf_Curl_Virus
0.5437625369670733,0.4300670037665639,0.4535160694848607,0.25598895568508734,0.22346134360301312,0.23694771168480866,123.77909339335451,0.2252854127968633,0.5582874861705873,-0.016057889921335507,0.5120149722043152,0.23411392873565012,3261.6094134329774,7.142255563672257,0.25733175324888286,Tomato___Spider_mites Two-spotted_spider_mite
0.5755003711822375,0.4578550467887197,0.4841266010533879,0.23712976295609103,0.19990722711551007,0.22528057930718415,115.53306067851076,0.20863723946464893,0.590803667639551,-0.022830156622199345,0.5413057973328705,0.2129522234801417,2889.948177536107,7.060607325392847,0.26213827180357036,Tomato___Tomato_Yellow_Leaf_Curl_Virus
0.5269510469081744,0.4186992655196462,0.4522919688951085,0.2647676469768964,0.22756327565181073,0.2510678732181644,118.51377356913576,0.21653425885094044,0.5403085795391176,-0.020757772041229534,0.5001759400311585,0.2410639942292338,4448.931865398861,7.185591905542306,0.30472555207700786,Tomato___Tomato_Yellow_Leaf_Curl_Virus
